wall_ts,attack_type,true_north_m,true_east_m,forged_north_m,forged_east_m,approx_true_lat,approx_true_lon,approx_forged_lat,approx_forged_lon
1785485400.5674517,step,161.986852362993,-532.072440167872,161.986852362993,-482.07244016787195,-33.72276785400321,150.67398927129,-33.72276785400321,150.67452930383783
1785485400.5714827,step,161.98685127984075,-532.072441415772,161.98685127984075,-482.072441415772,-33.722767854012936,150.67398927127653,-33.722767854012936,150.67452930382436
1785485400.575328,step,161.9868501972382,-532.0724426907534,161.9868501972382,-482.0724426907534,-33.72276785402266,150.67398927126274,-33.72276785402266,150.67452930381057
1785485400.5794082,step,161.98684911517057,-532.072443992942,161.98684911517057,-482.072443992942,-33.722767854032384,150.67398927124867,-33.722767854032384,150.6745293037965
1785485400.5832417,step,161.98684803362423,-532.0724453224639,161.98684803362423,-482.07244532246386,-33.7227678540421,150.67398927123432,-33.7227678540421,150.67452930378215
1785485400.5872533,step,161.98684695258558,-532.0724466794438,161.98684695258558,-482.07244667944383,-33.72276785405181,150.67398927121965,-33.72276785405181,150.6745293037675
1785485400.5913937,step,161.98684587204065,-532.0724480640054,161.98684587204065,-482.07244806400536,-33.722767854061516,150.6739892712047,-33.722767854061516,150.67452930375254
1785485400.595143,step,161.98684479197644,-532.0724494762716,161.98684479197644,-482.0724494762716,-33.72276785407122,150.67398927118944,-33.72276785407122,150.6745293037373
1785485400.599126,step,161.98684371238016,-532.0724509163648,161.98684371238016,-482.0724509163648,-33.72276785408092,150.6739892711739,-33.72276785408092,150.67452930372173
1785485400.603592,step,161.98684263323864,-532.0724523844061,161.98684263323864,-482.0724523844061,-33.72276785409061,150.67398927115804,-33.72276785409061,150.6745293037059
1785485400.6068256,step,161.98684155453861,-532.0724538805157,161.98684155453861,-482.0724538805157,-33.722767854100304,150.6739892711419,-33.722767854100304,150.67452930368972
1785485400.6110952,step,161.9868404762669,-532.0724554048115,161.9868404762669,-482.07245540481154,-33.72276785410999,150.6739892711254,-33.72276785410999,150.67452930367327
1785485400.6150303,step,161.9868393984103,-532.0724569574106,161.9868393984103,-482.0724569574106,-33.722767854119674,150.67398927110864,-33.722767854119674,150.6745293036565
1785485400.619092,step,161.9868383209563,-532.072458538431,161.9868383209563,-482.07245853843096,-33.72276785412935,150.67398927109159,-33.72276785412935,150.67452930363942
1785485400.6234136,step,161.98683724389278,-532.0724601479887,161.98683724389278,-482.07246014798875,-33.72276785413903,150.6739892710742,-33.72276785413903,150.67452930362202
1785485400.6277006,step,161.9868361672074,-532.0724617861979,161.9868361672074,-482.0724617861979,-33.7227678541487,150.67398927105648,-33.7227678541487,150.67452930360434
1785485400.631483,step,161.986835090888,-532.072463453173,161.986835090888,-482.072463453173,-33.72276785415836,150.6739892710385,-33.72276785415836,150.67452930358633
1785485400.6363006,step,161.986834014922,-532.0724651490259,161.986834014922,-482.0724651490259,-33.72276785416803,150.6739892710202,-33.72276785416803,150.67452930356802
1785485400.6392674,step,161.98683293929756,-532.0724668738683,161.98683293929756,-482.0724668738683,-33.7227678541777,150.67398927100155,-33.7227678541777,150.67452930354938
1785485400.6430924,step,161.98683186400265,-532.072468627811,161.98683186400265,-482.07246862781096,-33.72276785418735,150.67398927098262,-33.72276785418735,150.67452930353045
1785485400.647041,step,161.9868307890251,-532.0724704109628,161.9868307890251,-482.07247041096275,-33.72276785419701,150.67398927096335,-33.72276785419701,150.67452930351118
1785485400.651535,step,161.98682971435346,-532.0724722234326,161.98682971435346,-482.07247222343256,-33.722767854206666,150.67398927094376,-33.722767854206666,150.67452930349162
1785485400.655405,step,161.98682863997678,-532.0724740653277,161.98682863997678,-482.0724740653277,-33.722767854216315,150.67398927092387,-33.722767854216315,150.67452930347173
1785485400.6594617,step,161.98682756588371,-532.0724759367542,161.98682756588371,-482.07247593675424,-33.722767854225964,150.67398927090366,-33.722767854225964,150.6745293034515
1785485400.6630988,step,161.98682649206293,-532.0724778378176,161.98682649206293,-482.0724778378176,-33.72276785423561,150.67398927088314,-33.72276785423561,150.67452930343097
1785485400.6676748,step,161.98682541850422,-532.0724797686216,161.98682541850422,-482.07247976862163,-33.722767854245255,150.67398927086228,-33.722767854245255,150.6745293034101
1785485400.6711125,step,161.98682434519642,-532.0724817292692,161.98682434519642,-482.07248172926916,-33.7227678542549,150.6739892708411,-33.7227678542549,150.67452930338894
1785485400.6753767,step,161.986823272129,-532.0724837198613,161.986823272129,-482.07248371986134,-33.72276785426453,150.6739892708196,-33.72276785426453,150.67452930336745
1785485400.6790712,step,161.98682219929094,-532.0724857404982,161.98682219929094,-482.0724857404982,-33.722767854274174,150.67398927079776,-33.722767854274174,150.67452930334562
1785485400.6830387,step,161.98682112667203,-532.0724877912793,161.98682112667203,-482.0724877912793,-33.72276785428381,150.67398927077562,-33.72276785428381,150.67452930332348
1785485400.686985,step,161.98682005426204,-532.0724898723024,161.98682005426204,-482.0724898723024,-33.722767854293444,150.67398927075314,-33.722767854293444,150.674529303301
1785485400.6912305,step,161.98681898205083,-532.0724919836641,161.98681898205083,-482.0724919836641,-33.72276785430307,150.67398927073035,-33.72276785430307,150.67452930327818
1785485400.6950204,step,161.98681791002872,-532.07249412546,161.98681791002872,-482.07249412546,-33.72276785431271,150.6739892707072,-33.72276785431271,150.67452930325504
1785485400.6994777,step,161.98681683818623,-532.0724962977848,161.98681683818623,-482.0724962977848,-33.722767854322335,150.67398927068376,-33.722767854322335,150.6745293032316
1785485400.7032037,step,161.9868157665129,-532.0724985007316,161.9868157665129,-482.0724985007316,-33.72276785433196,150.67398927065994,-33.72276785433196,150.6745293032078
1785485400.7075737,step,161.98681469499977,-532.0725007343929,161.98681469499977,-482.07250073439286,-33.72276785434158,150.67398927063584,-33.72276785434158,150.67452930318368
1785485400.710965,step,161.9868136236381,-532.0725029988599,161.9868136236381,-482.07250299885993,-33.72276785435121,150.67398927061137,-33.72276785435121,150.6745293031592
1785485400.7150972,step,161.98681255241877,-532.0725052942222,161.98681255241877,-482.0725052942222,-33.72276785436083,150.6739892705866,-33.72276785436083,150.67452930313442
1785485400.7188466,step,161.9868114813323,-532.0725076205676,161.9868114813323,-482.07250762056765,-33.72276785437045,150.67398927056146,-33.72276785437045,150.6745293031093
1785485400.7234561,step,161.98681041037037,-532.0725099779833,161.98681041037037,-482.07250997798326,-33.72276785438007,150.673989270536,-33.72276785438007,150.67452930308383
1785485400.727034,step,161.98680933952335,-532.0725123665542,161.98680933952335,-482.0725123665542,-33.722767854389694,150.6739892705102,-33.722767854389694,150.67452930305805
1785485400.7310064,step,161.9868082687835,-532.0725147863654,161.9868082687835,-482.07251478636545,-33.722767854399315,150.67398927048407,-33.722767854399315,150.6745293030319
1785485400.7354453,step,161.98680719814286,-532.0725172375012,161.98680719814286,-482.0725172375012,-33.72276785440893,150.67398927045758,-33.72276785440893,150.67452930300544
1785485400.738956,step,161.98680612759287,-532.0725197200429,161.98680612759287,-482.0725197200429,-33.72276785441855,150.67398927043078,-33.72276785441855,150.6745293029786
1785485400.743106,step,161.98680505712562,-532.0725222340706,161.98680505712562,-482.07252223407056,-33.72276785442816,150.6739892704036,-33.72276785442816,150.67452930295147
1785485400.7471735,step,161.98680398673355,-532.0725247796645,161.98680398673355,-482.0725247796645,-33.72276785443778,150.67398927037613,-33.72276785443778,150.67452930292396
1785485400.751438,step,161.9868029164092,-532.0725273569028,161.9868029164092,-482.0725273569028,-33.72276785444739,150.6739892703483,-33.72276785444739,150.67452930289613
1785485400.754719,step,161.9868018461447,-532.0725299658618,161.9868018461447,-482.0725299658618,-33.72276785445701,150.6739892703201,-33.72276785445701,150.67452930286797
1785485400.7592137,step,161.9868007759323,-532.0725326066168,161.9868007759323,-482.07253260661685,-33.722767854466625,150.6739892702916,-33.722767854466625,150.67452930283943
1785485400.7632227,step,161.98679970576552,-532.0725352792427,161.98679970576552,-482.07253527924274,-33.72276785447624,150.67398927026272,-33.72276785447624,150.67452930281056
1785485400.7671568,step,161.98679863563828,-532.0725379838133,161.98679863563828,-482.0725379838133,-33.722767854485845,150.6739892702335,-33.722767854485845,150.67452930278137
1785485400.771822,step,161.9867975655436,-532.0725407203992,161.9867975655436,-482.07254072039916,-33.72276785449546,150.67398927020395,-33.72276785449546,150.6745293027518
1785485400.775027,step,161.98679649547512,-532.072543489072,161.98679649547512,-482.072543489072,-33.72276785450507,150.67398927017405,-33.72276785450507,150.6745293027219
1785485400.7789311,step,161.98679542542664,-532.0725462899004,161.98679542542664,-482.0725462899004,-33.722767854514686,150.6739892701438,-33.722767854514686,150.67452930269164
1785485400.7829084,step,161.98679435539242,-532.0725491229516,161.98679435539242,-482.0725491229516,-33.7227678545243,150.6739892701132,-33.7227678545243,150.67452930266106
1785485400.787282,step,161.98679328536517,-532.072551988291,161.98679328536517,-482.072551988291,-33.72276785453391,150.67398927008225,-33.72276785453391,150.6745293026301
1785485400.791134,step,161.98679221533962,-532.0725548859838,161.98679221533962,-482.0725548859838,-33.72276785454352,150.67398927005095,-33.72276785454352,150.6745293025988
1785485400.7947743,step,161.98679114531046,-532.0725578160934,161.98679114531046,-482.0725578160934,-33.72276785455313,150.67398927001932,-33.72276785455313,150.67452930256715
1785485400.799078,step,161.98679007527187,-532.0725607786826,161.98679007527187,-482.0725607786826,-33.72276785456275,150.67398926998732,-33.72276785456275,150.67452930253515
1785485400.8028758,step,161.98678900521924,-532.0725637738117,161.98678900521924,-482.0725637738117,-33.72276785457236,150.67398926995497,-33.72276785457236,150.6745293025028
1785485400.8067367,step,161.9867879351472,-532.07256680154,161.9867879351472,-482.07256680154,-33.722767854581974,150.67398926992226,-33.722767854581974,150.6745293024701
1785485400.8108025,step,161.98678686505048,-532.0725698619252,161.98678686505048,-482.0725698619252,-33.72276785459159,150.6739892698892,-33.72276785459159,150.67452930243707
1785485400.8149273,step,161.98678579492497,-532.0725729550243,161.98678579492497,-482.07257295502427,-33.722767854601194,150.6739892698558,-33.722767854601194,150.67452930240364
1785485400.8193915,step,161.9867847247658,-532.0725760808923,161.9867847247658,-482.0725760808923,-33.72276785461081,150.67398926982204,-33.72276785461081,150.67452930236988
1785485400.8231864,step,161.986783654569,-532.072579239583,161.986783654569,-482.072579239583,-33.72276785462042,150.67398926978794,-33.72276785462042,150.67452930233577
1785485400.8267472,step,161.98678258433029,-532.0725824311479,161.98678258433029,-482.0725824311479,-33.722767854630035,150.67398926975346,-33.722767854630035,150.6745293023013
1785485400.8312762,step,161.98678151404584,-532.0725856556385,161.98678151404584,-482.0725856556385,-33.722767854639656,150.67398926971862,-33.722767854639656,150.67452930226648
1785485400.834826,step,161.9867804437115,-532.0725889131038,161.9867804437115,-482.0725889131038,-33.72276785464927,150.67398926968343,-33.72276785464927,150.6745293022313
1785485400.839111,step,161.9867793733247,-532.0725922035936,161.9867793733247,-482.07259220359356,-33.72276785465888,150.6739892696479,-33.72276785465888,150.67452930219574
1785485400.842924,step,161.98677830288224,-532.0725955271535,161.98677830288224,-482.07259552715345,-33.7227678546685,150.673989269612,-33.7227678546685,150.67452930215984
1785485400.8472452,step,161.98677723238077,-532.0725988838287,161.98677723238077,-482.07259888382873,-33.72276785467812,150.67398926957574,-33.72276785467812,150.6745293021236
1785485400.8509378,step,161.98677616181752,-532.0726022736634,161.98677616181752,-482.0726022736634,-33.72276785468773,150.67398926953913,-33.72276785468773,150.674529302087
1785485400.8547618,step,161.98677509118892,-532.0726056966993,161.98677509118892,-482.07260569669927,-33.72276785469735,150.67398926950216,-33.72276785469735,150.67452930205002
1785485400.8587286,step,161.98677402049307,-532.0726091529775,161.98677402049307,-482.0726091529775,-33.722767854706966,150.67398926946484,-33.722767854706966,150.67452930201267
1785485400.8629851,step,161.98677294972788,-532.072612642538,161.98677294972788,-482.07261264253805,-33.72276785471659,150.67398926942715,-33.72276785471659,150.67452930197499
1785485400.8671439,step,161.9867718788908,-532.0726161654189,161.9867718788908,-482.07261616541894,-33.72276785472621,150.6739892693891,-33.72276785472621,150.67452930193696
1785485400.8711216,step,161.98677080798,-532.072619721656,161.98677080798,-482.072619721656,-33.72276785473583,150.6739892693507,-33.72276785473583,150.67452930189853
1785485400.8749812,step,161.98676973699418,-532.0726233112854,161.98676973699418,-482.0726233112854,-33.72276785474545,150.67398926931193,-33.72276785474545,150.67452930185976
1785485400.8793333,step,161.98676866593155,-532.072626934341,161.98676866593155,-482.072626934341,-33.72276785475507,150.6739892692728,-33.72276785475507,150.67452930182063
1785485400.883182,step,161.98676759479105,-532.0726305908545,161.98676759479105,-482.0726305908545,-33.72276785476469,150.6739892692333,-33.72276785476469,150.67452930178115
1785485400.8873541,step,161.98676652357065,-532.072634280856,161.98676652357065,-482.07263428085605,-33.72276785477431,150.67398926919344,-33.72276785477431,150.67452930174127
1785485400.8914227,step,161.98676545227002,-532.0726380043764,161.98676545227002,-482.07263800437636,-33.72276785478394,150.67398926915322,-33.72276785478394,150.67452930170106
1785485400.895324,step,161.9867643808889,-532.0726417614432,161.9867643808889,-482.07264176144315,-33.72276785479356,150.67398926911264,-33.72276785479356,150.6745293016605
1785485400.8991203,step,161.9867633094259,-532.0726455520822,161.9867633094259,-482.07264555208224,-33.72276785480319,150.6739892690717,-33.72276785480319,150.67452930161954
1785485400.9029195,step,161.98676223788098,-532.0726493763179,161.98676223788098,-482.07264937631794,-33.722767854812815,150.67398926903041,-33.722767854812815,150.67452930157825
1785485400.9074788,step,161.98676116625327,-532.072653234173,161.98676116625327,-482.072653234173,-33.722767854822436,150.67398926898875,-33.722767854822436,150.67452930153658
1785485400.9109123,step,161.98676009454385,-532.0726571256704,161.98676009454385,-482.0726571256704,-33.722767854832064,150.6739892689467,-33.722767854832064,150.67452930149454
1785485400.9148955,step,161.98675902275272,-532.07266105083,161.98675902275272,-482.07266105083,-33.72276785484169,150.6739892689043,-33.72276785484169,150.67452930145214
1785485400.918791,step,161.98675795088013,-532.0726650096707,161.98675795088013,-482.0726650096707,-33.72276785485133,150.67398926886156,-33.72276785485133,150.6745293014094
1785485400.9225588,step,161.9867568789266,-532.0726690022099,161.9867568789266,-482.07266900220986,-33.722767854860955,150.67398926881842,-33.722767854860955,150.67452930136628
1785485400.926818,step,161.98675580689317,-532.0726730284637,161.98675580689317,-482.07267302846367,-33.72276785487058,150.67398926877493,-33.72276785487058,150.6745293013228
1785485400.9306831,step,161.98675473478085,-532.0726770884463,161.98675473478085,-482.0726770884463,-33.72276785488022,150.6739892687311,-33.72276785488022,150.67452930127894
1785485400.9347973,step,161.98675366259113,-532.0726811821711,161.98675366259113,-482.0726811821711,-33.722767854889845,150.67398926868688,-33.722767854889845,150.6745293012347
1785485400.9388933,step,161.9867525903256,-532.0726853096492,161.9867525903256,-482.07268530964916,-33.72276785489948,150.6739892686423,-33.72276785489948,150.67452930119015
1785485400.942918,step,161.9867515179857,-532.0726894708909,161.9867515179857,-482.07268947089085,-33.72276785490911,150.67398926859735,-33.72276785490911,150.67452930114518
1785485400.9469867,step,161.9867504455736,-532.0726936659038,161.9867504455736,-482.0726936659038,-33.72276785491874,150.67398926855205,-33.72276785491874,150.67452930109988
1785485400.950956,step,161.986749373091,-532.072697894695,161.986749373091,-482.072697894695,-33.72276785492838,150.67398926850638,-33.72276785492838,150.6745293010542
1785485400.9548833,step,161.98674830054009,-532.0727021572694,161.98674830054009,-482.0727021572694,-33.72276785493801,150.67398926846033,-33.72276785493801,150.67452930100816
1785485400.9592223,step,161.98674722792344,-532.0727064536319,161.98674722792344,-482.0727064536319,-33.72276785494765,150.67398926841392,-33.72276785494765,150.67452930096178
1785485400.9629269,step,161.986746155244,-532.0727107837844,161.986746155244,-482.0727107837844,-33.72276785495728,150.67398926836717,-33.72276785495728,150.674529300915
1785485400.9669473,step,161.9867450825038,-532.072715147727,161.9867450825038,-482.07271514772697,-33.722767854966925,150.67398926832004,-33.722767854966925,150.67452930086787
1785485400.9708896,step,161.98674400970629,-532.0727195454597,161.98674400970629,-482.0727195454597,-33.72276785497656,150.67398926827252,-33.72276785497656,150.67452930082038
1785485400.975361,step,161.98674293685494,-532.0727239769803,161.98674293685494,-482.07272397698034,-33.722767854986195,150.67398926822466,-33.722767854986195,150.67452930077252
1785485400.978963,step,161.98674186395277,-532.0727284422853,161.98674186395277,-482.0727284422853,-33.72276785499584,150.67398926817643,-33.72276785499584,150.6745293007243
1785485400.9828882,step,161.98674079100397,-532.0727329413695,161.98674079100397,-482.0727329413695,-33.72276785500547,150.67398926812785,-33.72276785500547,150.6745293006757
1785485400.9872622,step,161.98673971801244,-532.0727374742269,161.98673971801244,-482.07273747422687,-33.722767855015114,150.67398926807888,-33.722767855015114,150.67452930062672
1785485400.9912765,step,161.98673864498193,-532.0727420408481,161.98673864498193,-482.0727420408481,-33.72276785502475,150.67398926802957,-33.72276785502475,150.6745293005774
1785485400.995342,step,161.9867375719169,-532.0727466412241,161.9867375719169,-482.07274664122406,-33.72276785503439,150.6739892679799,-33.72276785503439,150.67452930052772
1785485400.999181,step,161.98673649882204,-532.0727512753429,161.98673649882204,-482.07275127534285,-33.72276785504403,150.67398926792984,-33.72276785504403,150.67452930047767
1785485401.0033348,step,161.9867354257019,-532.0727559431919,161.9867354257019,-482.07275594319185,-33.72276785505367,150.67398926787942,-33.72276785505367,150.67452930042725
1785485401.0073564,step,161.98673435256129,-532.0727606447567,161.98673435256129,-482.0727606447567,-33.72276785506331,150.67398926782863,-33.72276785506331,150.67452930037646
1785485401.0113702,step,161.98673327940517,-532.0727653800216,161.98673327940517,-482.07276538002156,-33.72276785507295,150.6739892677775,-33.72276785507295,150.67452930032533
1785485401.0150733,step,161.9867322062386,-532.0727701489695,161.9867322062386,-482.07277014896954,-33.72276785508259,150.67398926772597,-33.72276785508259,150.67452930027383
1785485401.018959,step,161.9867311330676,-532.072774951582,161.9867311330676,-482.072774951582,-33.72276785509223,150.6739892676741,-33.72276785509223,150.67452930022196
1785485401.0229332,step,161.98673005989784,-532.0727797878391,161.98673005989784,-482.07277978783907,-33.72276785510187,150.67398926762186,-33.72276785510187,150.67452930016972
1785485401.0269558,step,161.986728986735,-532.072784657718,161.986728986735,-482.072784657718,-33.72276785511151,150.67398926756928,-33.72276785511151,150.67452930011711
1785485401.0312521,step,161.98672791358533,-532.0727895611956,161.98672791358533,-482.0727895611956,-33.722767855121155,150.6739892675163,-33.722767855121155,150.67452930006417
1785485401.0349271,step,161.98672684045457,-532.0727944982464,161.98672684045457,-482.07279449824637,-33.72276785513079,150.67398926746299,-33.72276785513079,150.67452930001085
1785485401.0388439,step,161.98672576734992,-532.0727994688453,161.98672576734992,-482.07279946884535,-33.72276785514043,150.6739892674093,-33.72276785514043,150.67452929995716
1785485401.0431874,step,161.98672469427743,-532.0728044729641,161.98672469427743,-482.0728044729641,-33.722767855150074,150.67398926735527,-33.722767855150074,150.6745292999031
1785485401.047295,step,161.98672362124407,-532.0728095105735,161.98672362124407,-482.0728095105735,-33.72276785515971,150.67398926730084,-33.72276785515971,150.6745292998487
1785485401.0512557,step,161.98672254825752,-532.0728145816428,161.98672254825752,-482.0728145816428,-33.72276785516935,150.67398926724607,-33.72276785516935,150.67452929979393
1785485401.0549304,step,161.98672147532494,-532.0728196861394,161.98672147532494,-482.0728196861394,-33.72276785517899,150.67398926719093,-33.72276785517899,150.6745292997388
1785485401.058585,step,161.9867204024534,-532.0728248240287,161.9867204024534,-482.07282482402866,-33.72276785518863,150.67398926713545,-33.72276785518863,150.6745292996833
1785485401.063033,step,161.9867193296509,-532.0728299952763,161.9867193296509,-482.07282999527627,-33.72276785519826,150.6739892670796,-33.72276785519826,150.67452929962744
1785485401.0671213,step,161.98671825692466,-532.0728351998447,161.98671825692466,-482.0728351998447,-33.7227678552079,150.6739892670234,-33.7227678552079,150.67452929957122
1785485401.0711246,step,161.98671718428318,-532.0728404376961,161.98671718428318,-482.0728404376961,-33.72276785521753,150.67398926696683,-33.72276785521753,150.67452929951466
1785485401.074942,step,161.98671611173523,-532.0728457087899,161.98671611173523,-482.07284570878994,-33.72276785522717,150.67398926690987,-33.72276785522717,150.67452929945773
1785485401.0789256,step,161.9867150392892,-532.0728510130849,161.9867150392892,-482.0728510130849,-33.7227678552368,150.6739892668526,-33.7227678552368,150.67452929940043
1785485401.0831113,step,161.98671396695377,-532.0728563505382,161.98671396695377,-482.07285635053825,-33.72276785524644,150.67398926679493,-33.72276785524644,150.6745292993428
1785485401.0869737,step,161.986712894738,-532.0728617211067,161.986712894738,-482.07286172110673,-33.722767855256066,150.67398926673695,-33.722767855256066,150.67452929928479
1785485401.0905902,step,161.98671182265036,-532.0728671247437,161.98671182265036,-482.07286712474365,-33.7227678552657,150.67398926667857,-33.7227678552657,150.6745292992264
1785485401.0950828,step,161.98671075070072,-532.072872561403,161.98671075070072,-482.07287256140296,-33.72276785527533,150.67398926661986,-33.72276785527533,150.6745292991677
1785485401.0994582,step,161.98670967889785,-532.072878031035,161.98670967889785,-482.072878031035,-33.72276785528496,150.6739892665608,-33.72276785528496,150.67452929910863
1785485401.1029499,step,161.98670860725193,-532.072883533589,161.98670860725193,-482.072883533589,-33.722767855294585,150.67398926650137,-33.722767855294585,150.6745292990492
1785485401.1070213,step,161.98670753577247,-532.0728890690134,161.98670753577247,-482.0728890690134,-33.722767855304205,150.67398926644157,-33.722767855304205,150.6745292989894
1785485401.1109066,step,161.98670646446936,-532.0728946372554,161.98670646446936,-482.07289463725544,-33.72276785531383,150.67398926638143,-33.72276785531383,150.67452929892926
1785485401.1156144,step,161.98670539335254,-532.0729002382592,161.98670539335254,-482.0729002382592,-33.722767855323454,150.67398926632092,-33.722767855323454,150.67452929886878
1785485401.1195583,step,161.98670432243247,-532.0729058719694,161.98670432243247,-482.0729058719694,-33.722767855333075,150.6739892662601,-33.722767855333075,150.67452929880793
1785485401.123184,step,161.98670325171918,-532.0729115383275,161.98670325171918,-482.0729115383275,-33.722767855342695,150.67398926619887,-33.722767855342695,150.67452929874673
1785485401.1275954,step,161.98670218122422,-532.0729172372739,161.98670218122422,-482.07291723727394,-33.72276785535231,150.67398926613734,-33.72276785535231,150.67452929868517
1785485401.1308572,step,161.98670111095913,-532.0729229687491,161.98670111095913,-482.07292296874914,-33.72276785536192,150.67398926607544,-33.72276785536192,150.67452929862327
1785485401.1353881,step,161.98670004093452,-532.0729287326906,161.98670004093452,-482.07292873269057,-33.722767855371536,150.67398926601317,-33.722767855371536,150.67452929856103
1785485401.138947,step,161.98669897116167,-532.072934529034,161.98669897116167,-482.072934529034,-33.72276785538114,150.67398926595058,-33.72276785538114,150.6745292984984
1785485401.1428032,step,161.98669790165127,-532.0729403577143,161.98669790165127,-482.0729403577143,-33.72276785539075,150.67398926588763,-33.72276785539075,150.67452929843546
1785485401.1468885,step,161.98669683241576,-532.0729462186656,161.98669683241576,-482.0729462186656,-33.722767855400356,150.6739892658243,-33.722767855400356,150.67452929837216
1785485401.151417,step,161.98669576346677,-532.072952111819,161.98669576346677,-482.07295211181895,-33.72276785540996,150.67398926576067,-33.72276785540996,150.6745292983085
1785485401.154772,step,161.98669469481652,-532.0729580371044,161.98669469481652,-482.0729580371044,-33.72276785541956,150.67398926569666,-33.72276785541956,150.6745292982445
1785485401.1593401,step,161.98669362647667,-532.0729639944504,161.98669362647667,-482.07296399445045,-33.722767855429154,150.67398926563231,-33.722767855429154,150.67452929818018
1785485401.163005,step,161.98669255846002,-532.0729699837844,161.98669255846002,-482.07296998378445,-33.722767855438754,150.67398926556763,-33.722767855438754,150.6745292981155
1785485401.167487,step,161.98669149077918,-532.0729760050326,161.98669149077918,-482.0729760050326,-33.72276785544834,150.6739892655026,-33.72276785544834,150.67452929805043
1785485401.1710358,step,161.9866904234463,-532.0729820581184,161.9866904234463,-482.07298205811844,-33.72276785545793,150.67398926543723,-33.72276785545793,150.67452929798506
1785485401.1753347,step,161.98668935647396,-532.0729881429646,161.98668935647396,-482.0729881429646,-33.72276785546752,150.6739892653715,-33.72276785546752,150.67452929791935
1785485401.1794713,step,161.98668828987542,-532.072994259493,161.98668828987542,-482.07299425949304,-33.722767855477095,150.67398926530544,-33.722767855477095,150.67452929785327
1785485401.18297,step,161.98668722366372,-532.0730004076232,161.98668722366372,-482.0730004076232,-33.72276785548667,150.67398926523904,-33.72276785548667,150.67452929778688
1785485401.1872838,step,161.98668615785246,-532.0730065872733,161.98668615785246,-482.0730065872733,-33.72276785549625,150.67398926517228,-33.72276785549625,150.67452929772014
1785485401.1913776,step,161.98668509245536,-532.0730127983616,161.98668509245536,-482.07301279836156,-33.72276785550582,150.6739892651052,-33.72276785550582,150.67452929765304
1785485401.1946797,step,161.98668402748595,-532.0730190408029,161.98668402748595,-482.07301904080293,-33.722767855515386,150.6739892650378,-33.722767855515386,150.67452929758562
1785485401.1994588,step,161.98668296295875,-532.0730253145122,161.98668296295875,-482.07302531451217,-33.72276785552495,150.67398926497003,-33.72276785552495,150.67452929751786
1785485401.2033308,step,161.98668189888724,-532.0730316194018,161.98668189888724,-482.07303161940183,-33.72276785553451,150.67398926490193,-33.72276785553451,150.67452929744977
1785485401.2072,step,161.98668083528543,-532.073037955383,161.98668083528543,-482.07303795538303,-33.72276785554406,150.6739892648335,-33.72276785554406,150.67452929738133
1785485401.211145,step,161.9866797721677,-532.0730443223656,161.9866797721677,-482.0730443223656,-33.72276785555361,150.67398926476474,-33.72276785555361,150.67452929731257
1785485401.2148838,step,161.98667870954912,-532.0730507202586,161.98667870954912,-482.0730507202586,-33.722767855563156,150.67398926469562,-33.722767855563156,150.67452929724348
1785485401.2192364,step,161.98667764744457,-532.0730571489694,161.98667764744457,-482.0730571489694,-33.7227678555727,150.6739892646262,-33.7227678555727,150.67452929717405
1785485401.2231991,step,161.9866765858683,-532.0730636084031,161.9866765858683,-482.0730636084031,-33.722767855582234,150.67398926455644,-33.722767855582234,150.67452929710427
1785485401.2268603,step,161.98667552483585,-532.073070098465,161.98667552483585,-482.073070098465,-33.72276785559177,150.67398926448632,-33.72276785559177,150.67452929703418
1785485401.231484,step,161.9866744643617,-532.0730766190572,161.9866744643617,-482.07307661905725,-33.72276785560129,150.6739892644159,-33.72276785560129,150.67452929696375
1785485401.2353725,step,161.9866734044612,-532.0730831700818,161.9866734044612,-482.07308317008176,-33.72276785561081,150.67398926434515,-33.72276785561081,150.67452929689298
1785485401.2391262,step,161.98667234515062,-532.0730897514393,161.98667234515062,-482.0730897514393,-33.72276785562033,150.67398926427407,-33.72276785562033,150.6745292968219
1785485401.2427402,step,161.98667128644536,-532.0730963630294,161.98667128644536,-482.07309636302944,-33.72276785562984,150.67398926420265,-33.72276785562984,150.6745292967505
1785485401.2469244,step,161.98667022836102,-532.0731030047497,161.98667022836102,-482.07310300474967,-33.72276785563935,150.6739892641309,-33.72276785563935,150.67452929667877
1785485401.2510514,step,161.98666917091415,-532.0731096764976,161.98666917091415,-482.07310967649755,-33.72276785564885,150.67398926405886,-33.72276785564885,150.6745292966067
1785485401.255129,step,161.98666811412085,-532.0731163781663,161.98666811412085,-482.07311637816633,-33.72276785565834,150.67398926398647,-33.72276785565834,150.67452929653433
1785485401.2588847,step,161.9866670579964,-532.0731231096497,161.9866670579964,-482.0731231096497,-33.722767855667826,150.67398926391377,-33.722767855667826,150.67452929646163
1785485401.2636483,step,161.9866660025582,-532.0731298708419,161.9866660025582,-482.07312987084185,-33.722767855677304,150.67398926384075,-33.722767855677304,150.67452929638858
1785485401.2679055,step,161.9866649478218,-532.0731366616321,161.9866649478218,-482.07313666163213,-33.72276785568678,150.6739892637674,-33.72276785568678,150.67452929631526
1785485401.2711885,step,161.98666389380375,-532.0731434819104,161.98666389380375,-482.0731434819104,-33.72276785569625,150.67398926369373,-33.72276785569625,150.6745292962416
1785485401.275684,step,161.9866628405215,-532.0731503315668,161.9866628405215,-482.0731503315668,-33.72276785570571,150.67398926361977,-33.72276785570571,150.6745292961676
1785485401.2794914,step,161.98666178799078,-532.0731572104875,161.98666178799078,-482.07315721048747,-33.72276785571517,150.67398926354545,-33.72276785571517,150.6745292960933
1785485401.283247,step,161.98666073622968,-532.0731641185599,161.98666073622968,-482.07316411855993,-33.72276785572461,150.67398926347084,-33.72276785572461,150.6745292960187
1785485401.2867973,step,161.98665968525586,-532.0731710556687,161.98665968525586,-482.0731710556687,-33.722767855734055,150.67398926339592,-33.722767855734055,150.67452929594376
1785485401.2915487,step,161.9866586350859,-532.0731780216972,161.9866586350859,-482.07317802169723,-33.72276785574349,150.6739892633207,-33.72276785574349,150.67452929586852
1785485401.2950163,step,161.98665758573793,-532.0731850165279,161.98665758573793,-482.0731850165279,-33.72276785575291,150.67398926324515,-33.72276785575291,150.67452929579298
1785485401.300355,step,161.9866565372296,-532.0731920400423,161.9866565372296,-482.0731920400423,-33.722767855762335,150.6739892631693,-33.722767855762335,150.67452929571712
1785485401.303864,step,161.9866554895784,-532.0731990921197,161.9866554895784,-482.0731990921197,-33.72276785577174,150.67398926309312,-33.72276785577174,150.67452929564095
1785485401.3068821,step,161.98665444280306,-532.0732061726397,161.98665444280306,-482.07320617263974,-33.72276785578115,150.67398926301664,-33.72276785578115,150.67452929556447
1785485401.311438,step,161.98665339692104,-532.0732132814801,161.98665339692104,-482.0732132814801,-33.72276785579054,150.67398926293987,-33.72276785579054,150.6745292954877
1785485401.3151186,step,161.98665235195006,-532.0732204185163,161.98665235195006,-482.07322041851626,-33.72276785579993,150.67398926286276,-33.72276785579993,150.67452929541062
1785485401.319076,step,161.98665130790866,-532.0732275836233,161.98665130790866,-482.0732275836233,-33.72276785580931,150.6739892627854,-33.72276785580931,150.67452929533323
1785485401.3231013,step,161.98665026481453,-532.0732347766752,161.98665026481453,-482.07323477667524,-33.72276785581868,150.6739892627077,-33.72276785581868,150.67452929525555
1785485401.3269117,step,161.9866492226861,-532.073241997545,161.9866492226861,-482.073241997545,-33.72276785582804,150.6739892626297,-33.72276785582804,150.67452929517754
1785485401.331167,step,161.986648181542,-532.0732492461038,161.986648181542,-482.07324924610384,-33.7227678558374,150.67398926255143,-33.7227678558374,150.67452929509926
1785485401.3356807,step,161.98664714140008,-532.0732565222213,161.98664714140008,-482.0732565222213,-33.72276785584674,150.67398926247284,-33.72276785584674,150.67452929502068
1785485401.3390815,step,161.98664610227956,-532.073263825768,161.98664610227956,-482.073263825768,-33.72276785585607,150.67398926239395,-33.72276785585607,150.67452929494178
1785485401.343496,step,161.986645064199,-532.0732711566106,161.986645064199,-482.07327115661064,-33.7227678558654,150.67398926231476,-33.7227678558654,150.67452929486262
1785485401.3470175,step,161.98664402717895,-532.0732785146184,161.98664402717895,-482.07327851461844,-33.722767855874714,150.6739892622353,-33.722767855874714,150.67452929478313
1785485401.3510334,step,161.9866429912382,-532.0732858996569,161.9866429912382,-482.07328589965687,-33.72276785588402,150.67398926215554,-33.72276785588402,150.67452929470338
1785485401.3548841,step,161.98664195639594,-532.0732933115918,161.98664195639594,-482.0732933115918,-33.722767855893316,150.67398926207548,-33.722767855893316,150.6745292946233
1785485401.3590472,step,161.98664092267066,-532.0733007502865,161.98664092267066,-482.07330075028653,-33.7227678559026,150.67398926199513,-33.7227678559026,150.674529294543
1785485401.362877,step,161.98663989008188,-532.0733082156029,161.98663989008188,-482.0733082156029,-33.722767855911876,150.6739892619145,-33.722767855911876,150.67452929446236
1785485401.3669689,step,161.98663885864912,-532.0733157074028,161.98663885864912,-482.0733157074028,-33.72276785592114,150.67398926183358,-33.72276785592114,150.67452929438144
1785485401.3711398,step,161.98663782839222,-532.0733232255477,161.98663782839222,-482.0733232255477,-33.7227678559304,150.67398926175238,-33.7227678559304,150.67452929430024
1785485401.375379,step,161.9866367993303,-532.0733307698958,161.9866367993303,-482.07333076989585,-33.722767855939644,150.6739892616709,-33.722767855939644,150.67452929421876
1785485401.3792496,step,161.98663577148434,-532.0733383403074,161.98663577148434,-482.0733383403074,-33.722767855948874,150.67398926158916,-33.722767855948874,150.674529294137
1785485401.3829322,step,161.98663474487338,-532.0733459366388,161.98663474487338,-482.0733459366388,-33.7227678559581,150.6739892615071,-33.7227678559581,150.67452929405493
1785485401.3872478,step,161.98663371951776,-532.0733535587472,161.98663371951776,-482.07335355874716,-33.722767855967305,150.67398926142477,-33.722767855967305,150.67452929397263
1785485401.390905,step,161.98663269543601,-532.0733612064861,161.98663269543601,-482.0733612064861,-33.72276785597651,150.67398926134217,-33.72276785597651,150.67452929389
1785485401.394904,step,161.98663167264908,-532.0733688797106,161.98663167264908,-482.07336887971064,-33.722767855985694,150.6739892612593,-33.722767855985694,150.67452929380713
1785485401.3990133,step,161.9866306511774,-532.0733765782744,161.9866306511774,-482.0733765782744,-33.722767855994874,150.67398926117616,-33.722767855994874,150.674529293724
1785485401.4036002,step,161.98662963104087,-532.0733843020292,161.98662963104087,-482.07338430202924,-33.72276785600403,150.67398926109271,-33.72276785600403,150.67452929364057
1785485401.4068923,step,161.98662861225955,-532.0733920508276,161.98662861225955,-482.0733920508276,-33.722767856013185,150.67398926100904,-33.722767856013185,150.67452929355687
1785485401.4109547,step,161.9866275948539,-532.0733998245195,161.9866275948539,-482.07339982451947,-33.72276785602233,150.67398926092508,-33.72276785602233,150.67452929347292
1785485401.4154027,step,161.98662657884472,-532.0734076229548,161.98662657884472,-482.07340762295485,-33.72276785603145,150.67398926084084,-33.72276785603145,150.67452929338867
1785485401.4188523,step,161.9866255642525,-532.0734154459823,161.9866255642525,-482.0734154459823,-33.72276785604057,150.67398926075634,-33.72276785604057,150.6745292933042
1785485401.4229558,step,161.98662455109672,-532.0734232934482,161.98662455109672,-482.0734232934482,-33.72276785604967,150.6739892606716,-33.72276785604967,150.67452929321942
1785485401.4269953,step,161.986623539398,-532.0734311651997,161.986623539398,-482.07343116519974,-33.72276785605876,150.67398926058658,-33.72276785605876,150.6745292931344
1785485401.4309263,step,161.98662252917765,-532.0734390610833,161.98662252917765,-482.07343906108326,-33.72276785606783,150.6739892605013,-33.72276785606783,150.67452929304915
1785485401.4350078,step,161.98662152045546,-532.0734469809415,161.98662152045546,-482.0734469809415,-33.72276785607689,150.67398926041577,-33.72276785607689,150.6745292929636
1785485401.439522,step,161.9866205132521,-532.0734549246188,161.9866205132521,-482.0734549246188,-33.722767856085945,150.67398926032996,-33.722767856085945,150.6745292928778
1785485401.4428263,step,161.98661950758833,-532.0734628919578,161.98661950758833,-482.0734628919578,-33.722767856094976,150.6739892602439,-33.722767856094976,150.67452929279173
1785485401.447429,step,161.98661850348364,-532.0734708827995,161.98661850348364,-482.0734708827995,-33.72276785610399,150.6739892601576,-33.72276785610399,150.67452929270544
1785485401.4512398,step,161.98661750095866,-532.0734788969851,161.98661750095866,-482.0734788969851,-33.722767856113,150.67398926007104,-33.722767856113,150.67452929261887
1785485401.455866,step,161.98661650003547,-532.0734869343568,161.98661650003547,-482.07348693435677,-33.72276785612199,150.67398925998424,-33.72276785612199,150.67452929253207
1785485401.4594028,step,161.98661550073365,-532.0734949947524,161.98661550073365,-482.0734949947524,-33.72276785613097,150.67398925989718,-33.72276785613097,150.67452929244502
1785485401.4634597,step,161.9866145030736,-532.0735030780086,161.9866145030736,-482.07350307800857,-33.72276785613993,150.67398925980987,-33.72276785613993,150.6745292923577
1785485401.467073,step,161.98661350707633,-532.0735111839633,161.98661350707633,-482.0735111839633,-33.72276785614888,150.67398925972233,-33.72276785614888,150.67452929227017
1785485401.470739,step,161.98661251276172,-532.0735193124527,161.98661251276172,-482.07351931245273,-33.72276785615781,150.67398925963454,-33.72276785615781,150.67452929218237
1785485401.4750457,step,161.98661152015262,-532.0735274633147,161.98661152015262,-482.0735274633147,-33.722767856166726,150.6739892595465,-33.722767856166726,150.67452929209432
1785485401.4790025,step,161.986610529269,-532.0735356363836,161.986610529269,-482.07353563638355,-33.72276785617563,150.6739892594582,-33.72276785617563,150.67452929200607
1785485401.4830177,step,161.98660954013076,-532.0735438314913,161.98660954013076,-482.0735438314913,-33.72276785618451,150.6739892593697,-33.72276785618451,150.67452929191754
1785485401.4869978,step,161.9866085527589,-532.0735520484735,161.9866085527589,-482.0735520484735,-33.722767856193386,150.67398925928094,-33.722767856193386,150.6745292918288
1785485401.4911985,step,161.9866075671748,-532.0735602871628,161.9866075671748,-482.07356028716276,-33.72276785620224,150.67398925919198,-33.72276785620224,150.67452929173982
1785485401.495118,step,161.98660658339975,-532.0735685473901,161.98660658339975,-482.0735685473901,-33.72276785621108,150.67398925910277,-33.72276785621108,150.6745292916506
1785485401.4988914,step,161.98660560145365,-532.073576828986,161.98660560145365,-482.073576828986,-33.722767856219896,150.6739892590133,-33.722767856219896,150.67452929156116
1785485401.503106,step,161.98660462135754,-532.0735851317817,161.98660462135754,-482.07358513178167,-33.7227678562287,150.67398925892363,-33.7227678562287,150.6745292914715
1785485401.5068307,step,161.98660364313207,-532.0735934556044,161.98660364313207,-482.0735934556044,-33.72276785623749,150.67398925883373,-33.72276785623749,150.67452929138156
1785485401.5110002,step,161.98660266679832,-532.0736018002847,161.98660266679832,-482.0736018002847,-33.72276785624626,150.6739892587436,-33.72276785624626,150.67452929129144
1785485401.5154755,step,161.9866016923757,-532.073610165649,161.9866016923757,-482.07361016564903,-33.72276785625501,150.67398925865325,-33.72276785625501,150.67452929120108
1785485401.519476,step,161.9866007198846,-532.0736185515244,161.9866007198846,-482.0736185515244,-33.72276785626375,150.67398925856267,-33.72276785626375,150.67452929111053
1785485401.52303,step,161.986599749346,-532.0736269577378,161.986599749346,-482.0736269577378,-33.72276785627247,150.6739892584719,-33.72276785627247,150.67452929101972
1785485401.527425,step,161.98659878078016,-532.0736353841133,161.98659878078016,-482.07363538411335,-33.722767856281166,150.67398925838089,-33.722767856281166,150.67452929092872
1785485401.5321581,step,161.98659781420807,-532.0736438304757,161.98659781420807,-482.0736438304757,-33.72276785628985,150.67398925828965,-33.72276785628985,150.67452929083748
1785485401.5355256,step,161.98659684964946,-532.0736522966491,161.98659684964946,-482.07365229664913,-33.72276785629851,150.67398925819822,-33.72276785629851,150.67452929074605
1785485401.5394707,step,161.98659588712542,-532.073660782457,161.98659588712542,-482.07366078245695,-33.72276785630716,150.67398925810656,-33.72276785630716,150.6745292906544
1785485401.543776,step,161.98659492665618,-532.0736692877226,161.98659492665618,-482.0736692877226,-33.72276785631579,150.6739892580147,-33.72276785631579,150.67452929056253
1785485401.5466938,step,161.98659396826224,-532.0736778122682,161.98659396826224,-482.0736778122682,-33.722767856324396,150.6739892579226,-33.722767856324396,150.67452929047047
1785485401.550882,step,161.9865930119643,-532.0736863559154,161.9865930119643,-482.07368635591536,-33.722767856332986,150.67398925783036,-33.722767856332986,150.6745292903782
1785485401.5553846,step,161.98659205778125,-532.0736949184843,161.98659205778125,-482.0736949184843,-33.72276785634156,150.67398925773787,-33.72276785634156,150.6745292902857
1785485401.5592678,step,161.9865911057351,-532.0737034997962,161.9865911057351,-482.07370349979624,-33.72276785635011,150.6739892576452,-33.72276785635011,150.67452929019302
1785485401.5634367,step,161.9865901558456,-532.0737120996694,161.9865901558456,-482.07371209966936,-33.722767856358644,150.6739892575523,-33.722767856358644,150.67452929010014
1785485401.5675213,step,161.9865892081317,-532.0737207179214,161.9865892081317,-482.07372071792145,-33.722767856367156,150.67398925745923,-33.722767856367156,150.67452929000706
1785485401.5713625,step,161.9865882626144,-532.0737293543721,161.9865882626144,-482.07372935437206,-33.722767856375654,150.67398925736595,-33.722767856375654,150.67452928991378
1785485401.5753167,step,161.98658731931314,-532.0737380088362,161.98658731931314,-482.07373800883624,-33.722767856384124,150.67398925727247,-33.722767856384124,150.6745292898203
1785485401.5801837,step,161.98658637824872,-532.0737466811341,161.98658637824872,-482.07374668113414,-33.72276785639258,150.6739892571788,-33.72276785639258,150.67452928972665
1785485401.583746,step,161.9865854394413,-532.073755371081,161.9865854394413,-482.073755371081,-33.72276785640101,150.67398925708494,-33.72276785640101,150.67452928963277
1785485401.5874608,step,161.98658450291,-532.0737640784923,161.98658450291,-482.07376407849233,-33.722767856409426,150.6739892569909,-33.722767856409426,150.67452928953873
1785485401.5908864,step,161.9865835686735,-532.0737728031834,161.9865835686735,-482.0737728031834,-33.72276785641782,150.67398925689668,-33.72276785641782,150.6745292894445
1785485401.59501,step,161.9865826367522,-532.0737815449688,161.9865826367522,-482.0737815449688,-33.72276785642619,150.67398925680226,-33.72276785642619,150.6745292893501
1785485401.5989573,step,161.986581707166,-532.0737903036631,161.986581707166,-482.07379030366315,-33.722767856434544,150.67398925670764,-33.722767856434544,150.67452928925547
1785485401.602961,step,161.98658077993485,-532.0737990790803,161.98658077993485,-482.07379907908035,-33.72276785644287,150.67398925661286,-33.72276785644287,150.67452928916072
1785485401.6075244,step,161.9865798550778,-532.0738078710326,161.9865798550778,-482.0738078710326,-33.72276785645118,150.6739892565179,-33.72276785645118,150.67452928906576
1785485401.6112971,step,161.9865789326148,-532.0738166793336,161.9865789326148,-482.0738166793336,-33.72276785645946,150.67398925642277,-33.72276785645946,150.6745292889706
1785485401.6150281,step,161.98657801256448,-532.0738255037936,161.98657801256448,-482.0738255037936,-33.722767856467726,150.67398925632747,-33.722767856467726,150.6745292888753
1785485401.6189222,step,161.98657709494617,-532.0738343442255,161.98657709494617,-482.0738343442255,-33.722767856475976,150.67398925623198,-33.722767856475976,150.6745292887798
1785485401.6232743,step,161.98657617977892,-532.0738432004404,161.98657617977892,-482.07384320044036,-33.7227678564842,150.67398925613634,-33.7227678564842,150.67452928868417
1785485401.6268542,step,161.98657526708237,-532.0738520722491,161.98657526708237,-482.0738520722491,-33.72276785649239,150.6739892560405,-33.72276785649239,150.67452928858833
1785485401.6311364,step,161.98657435687477,-532.0738609594612,161.98657435687477,-482.0738609594612,-33.72276785650057,150.67398925594452,-33.72276785650057,150.67452928849235
1785485401.635673,step,161.9865734491753,-532.0738698618874,161.9865734491753,-482.0738698618874,-33.722767856508725,150.67398925584837,-33.722767856508725,150.6745292883962
1785485401.6390746,step,161.98657254400132,-532.0738787793344,161.98657254400132,-482.07387877933445,-33.72276785651685,150.67398925575205,-33.72276785651685,150.67452928829988
1785485401.6431499,step,161.98657164137322,-532.0738877116131,161.98657164137322,-482.0738877116131,-33.72276785652496,150.67398925565558,-33.72276785652496,150.67452928820342
1785485401.6469655,step,161.98657074130895,-532.073896658532,161.98657074130895,-482.073896658532,-33.722767856533046,150.67398925555895,-33.722767856533046,150.67452928810678
1785485401.6508882,step,161.98656984382717,-532.073905619899,161.98656984382717,-482.07390561989905,-33.72276785654111,150.67398925546215,-33.72276785654111,150.67452928801
1785485401.654895,step,161.98656894894714,-532.0739145955233,161.98656894894714,-482.0739145955233,-33.72276785654915,150.6739892553652,-33.72276785654915,150.67452928791306
1785485401.6587694,step,161.98656805668713,-532.0739235852132,161.98656805668713,-482.07392358521315,-33.72276785655716,150.6739892552681,-33.72276785655716,150.67452928781597
1785485401.663405,step,161.9865671670652,-532.0739325887744,161.9865671670652,-482.07393258877437,-33.722767856565156,150.67398925517088,-33.722767856565156,150.6745292877187
1785485401.6670115,step,161.9865662800992,-532.0739416060127,161.9865662800992,-482.0739416060127,-33.72276785657312,150.67398925507348,-33.72276785657312,150.6745292876213
1785485401.670786,step,161.98656539580827,-532.0739506367362,161.98656539580827,-482.0739506367362,-33.722767856581065,150.67398925497594,-33.722767856581065,150.6745292875238
1785485401.6756537,step,161.9865645142093,-532.0739596807505,161.9865645142093,-482.0739596807505,-33.72276785658899,150.67398925487825,-33.72276785658899,150.6745292874261
1785485401.679018,step,161.9865636353211,-532.0739687378615,161.9865636353211,-482.0739687378615,-33.72276785659688,150.67398925478045,-33.72276785659688,150.67452928732828
1785485401.6829865,step,161.98656275916167,-532.0739778078743,161.98656275916167,-482.07397780787426,-33.722767856604754,150.67398925468248,-33.722767856604754,150.6745292872303
1785485401.6871495,step,161.98656188574887,-532.0739868905935,161.98656188574887,-482.07398689059346,-33.7227678566126,150.67398925458437,-33.7227678566126,150.67452928713223
1785485401.691327,step,161.98656101509908,-532.0739959858241,161.98656101509908,-482.0739959858241,-33.72276785662042,150.67398925448614,-33.72276785662042,150.67452928703398
1785485401.6954386,step,161.98656014722997,-532.0740050933714,161.98656014722997,-482.0740050933714,-33.72276785662822,150.67398925438778,-33.72276785662822,150.6745292869356
1785485401.699438,step,161.98655928215862,-532.0740142130377,161.98655928215862,-482.0740142130377,-33.72276785663599,150.67398925428927,-33.72276785663599,150.67452928683713
1785485401.7029264,step,161.986558419904,-532.0740233446305,161.986558419904,-482.0740233446305,-33.722767856643735,150.67398925419064,-33.722767856643735,150.6745292867385
1785485401.7072728,step,161.98655756048228,-532.0740324879525,161.98655756048228,-482.07403248795254,-33.72276785665145,150.6739892540919,-33.72276785665145,150.67452928663974
1785485401.7114704,step,161.9865567039092,-532.074041642807,161.9865567039092,-482.07404164280695,-33.722767856659146,150.67398925399303,-33.722767856659146,150.67452928654086
1785485401.715138,step,161.9865558502032,-532.074050808998,161.9865558502032,-482.074050808998,-33.72276785666681,150.673989253894,-33.72276785666681,150.67452928644187
1785485401.7193027,step,161.986554999381,-532.0740599863277,161.986554999381,-482.0740599863277,-33.72276785667446,150.6739892537949,-33.72276785667446,150.67452928634273
1785485401.7231495,step,161.98655415145967,-532.0740691746003,161.98655415145967,-482.07406917460025,-33.722767856682076,150.67398925369565,-33.722767856682076,150.6745292862435
1785485401.7270002,step,161.9865533064558,-532.0740783736193,161.9865533064558,-482.0740783736193,-33.722767856689664,150.6739892535963,-33.722767856689664,150.67452928614415
1785485401.7310262,step,161.98655246438562,-532.0740875831877,161.98655246438562,-482.07408758318775,-33.72276785669723,150.67398925349684,-33.72276785669723,150.67452928604467
1785485401.7352293,step,161.9865516252661,-532.0740968031082,161.9865516252661,-482.0740968031082,-33.72276785670477,150.67398925339725,-33.72276785670477,150.67452928594508
1785485401.7390356,step,161.98655078911378,-532.0741060331836,161.98655078911378,-482.0741060331836,-33.72276785671228,150.67398925329755,-33.72276785671228,150.6745292858454
1785485401.7429547,step,161.9865499559446,-532.0741152732165,161.9865499559446,-482.07411527321653,-33.72276785671976,150.67398925319776,-33.72276785671976,150.6745292857456
1785485401.7471664,step,161.98654912577354,-532.0741245230081,161.98654912577354,-482.0741245230081,-33.72276785672722,150.67398925309786,-33.72276785672722,150.6745292856457
1785485401.7509701,step,161.98654829861735,-532.0741337823623,161.98654829861735,-482.0741337823623,-33.722767856734656,150.67398925299784,-33.722767856734656,150.6745292855457
1785485401.7549815,step,161.98654747449228,-532.0741430510806,161.98654747449228,-482.07414305108057,-33.72276785674206,150.67398925289774,-33.72276785674206,150.67452928544557
1785485401.7592278,step,161.98654665341493,-532.0741523289653,161.98654665341493,-482.0741523289653,-33.722767856749435,150.67398925279753,-33.722767856749435,150.6745292853454
1785485401.7629387,step,161.98654583540016,-532.0741616158193,161.98654583540016,-482.0741616158193,-33.72276785675678,150.67398925269723,-33.72276785675678,150.6745292852451
1785485401.7668786,step,161.98654502046398,-532.0741709114458,161.98654502046398,-482.0741709114458,-33.7227678567641,150.67398925259684,-33.7227678567641,150.67452928514467
1785485401.7708628,step,161.98654420862204,-532.0741802156468,161.98654420862204,-482.07418021564683,-33.72276785677139,150.67398925249634,-33.72276785677139,150.67452928504417
1785485401.7749069,step,161.98654339988988,-532.0741895282249,161.98654339988988,-482.0741895282249,-33.72276785677866,150.67398925239576,-33.72276785677866,150.6745292849436
1785485401.7789383,step,161.9865425942815,-532.07419884898,161.9865425942815,-482.07419884898,-33.72276785678589,150.6739892522951,-33.72276785678589,150.67452928484292
1785485401.78268,step,161.98654179181054,-532.0742081777125,161.98654179181054,-482.07420817771253,-33.722767856793105,150.67398925219433,-33.722767856793105,150.67452928474216
1785485401.7879615,step,161.98654099249399,-532.0742175142274,161.98654099249399,-482.07421751422737,-33.72276785680028,150.6739892520935,-33.72276785680028,150.67452928464132
1785485401.7909355,step,161.98654019634554,-532.0742268583253,161.98654019634554,-482.07422685832535,-33.72276785680744,150.67398925199257,-33.72276785680744,150.6745292845404
1785485401.7953944,step,161.9865394033802,-532.0742362098101,161.9865394033802,-482.0742362098101,-33.72276785681456,150.67398925189156,-33.72276785681456,150.67452928443942
1785485401.799462,step,161.9865386136117,-532.074245568482,161.9865386136117,-482.07424556848196,-33.722767856821655,150.6739892517905,-33.722767856821655,150.67452928433832
1785485401.8029573,step,161.9865378270558,-532.0742549341455,161.9865378270558,-482.07425493414553,-33.72276785682872,150.67398925168933,-33.72276785682872,150.67452928423717
1785485401.8071885,step,161.9865370437262,-532.0742643066031,161.9865370437262,-482.07426430660314,-33.72276785683576,150.6739892515881,-33.72276785683576,150.67452928413596
1785485401.811382,step,161.9865362636359,-532.0742736856549,161.9865362636359,-482.07427368565493,-33.722767856842765,150.6739892514868,-33.722767856842765,150.67452928403463
1785485401.8147771,step,161.9865354867994,-532.0742830711058,161.9865354867994,-482.0742830711058,-33.72276785684974,150.67398925138542,-33.72276785684974,150.67452928393328
1785485401.818862,step,161.98653471323112,-532.0742924627581,161.98653471323112,-482.0742924627581,-33.72276785685669,150.673989251284,-33.72276785685669,150.67452928383184
1785485401.8229425,step,161.98653394294465,-532.0743018604151,161.98653394294465,-482.07430186041506,-33.72276785686361,150.6739892511825,-33.72276785686361,150.67452928373035
1785485401.826979,step,161.98653317595335,-532.0743112638789,161.98653317595335,-482.07431126387894,-33.722767856870504,150.67398925108094,-33.722767856870504,150.67452928362877
1785485401.8313947,step,161.9865324122711,-532.0743206729537,161.9865324122711,-482.0743206729537,-33.72276785687736,150.6739892509793,-33.72276785687736,150.67452928352716
1785485401.8349445,step,161.98653165191118,-532.0743300874421,161.98653165191118,-482.07433008744215,-33.72276785688419,150.67398925087764,-33.72276785688419,150.67452928342547
1785485401.8389437,step,161.9865308948877,-532.0743395071491,161.9865308948877,-482.07433950714915,-33.722767856891,150.6739892507759,-33.722767856891,150.67452928332372
1785485401.843028,step,161.98653014121274,-532.0743489318778,161.98653014121274,-482.0743489318778,-33.72276785689776,150.67398925067408,-33.72276785689776,150.67452928322194
1785485401.8469477,step,161.9865293908988,-532.0743583614315,161.9865293908988,-482.07435836143145,-33.722767856904504,150.67398925057225,-33.722767856904504,150.67452928312008
1785485401.851565,step,161.9865286439588,-532.0743677956144,161.9865286439588,-482.0743677956144,-33.72276785691121,150.67398925047036,-33.72276785691121,150.6745292830182
1785485401.8554492,step,161.98652790040572,-532.0743772342323,161.98652790040572,-482.0743772342323,-33.72276785691789,150.6739892503684,-33.72276785691789,150.67452928291627
1785485401.8590147,step,161.98652716025154,-532.0743866770886,161.98652716025154,-482.07438667708857,-33.72276785692454,150.67398925026643,-33.72276785692454,150.67452928281426
1785485401.863596,step,161.98652642351053,-532.0743961239898,161.98652642351053,-482.0743961239898,-33.722767856931156,150.6739892501644,-33.722767856931156,150.67452928271223
1785485401.8670037,step,161.98652569019328,-532.0744055747404,161.98652569019328,-482.07440557474035,-33.72276785693775,150.6739892500623,-33.72276785693775,150.67452928261017
1785485401.870892,step,161.98652496031195,-532.074415029146,161.98652496031195,-482.07441502914605,-33.7227678569443,150.67398924996021,-33.7227678569443,150.67452928250805
1785485401.8748991,step,161.986524233879,-532.074424487013,161.986524233879,-482.07442448701295,-33.72276785695083,150.67398924985804,-33.72276785695083,150.6745292824059
1785485401.878931,step,161.98652351090567,-532.0744339481466,161.98652351090567,-482.07443394814663,-33.722767856957326,150.67398924975586,-33.722767856957326,150.6745292823037
1785485401.883388,step,161.98652279140325,-532.0744434123525,161.98652279140325,-482.0744434123525,-33.722767856963785,150.67398924965366,-33.722767856963785,150.6745292822015
1785485401.8869624,step,161.98652207538274,-532.0744528794374,161.98652207538274,-482.07445287943744,-33.72276785697022,150.6739892495514,-33.72276785697022,150.67452928209923
1785485401.8919687,step,161.98652136285523,-532.0744623492075,161.98652136285523,-482.07446234920747,-33.72276785697662,150.6739892494491,-33.72276785697662,150.67452928199697
1785485401.8953307,step,161.98652065383237,-532.0744718214708,161.98652065383237,-482.07447182147075,-33.72276785698299,150.67398924934682,-33.72276785698299,150.67452928189465
1785485401.8988376,step,161.98651994832474,-532.0744812960346,161.98651994832474,-482.0744812960346,-33.72276785698933,150.67398924924447,-33.72276785698933,150.67452928179233
1785485401.9027724,step,161.98651924634262,-532.0744907727063,161.98651924634262,-482.0744907727063,-33.72276785699563,150.67398924914212,-33.72276785699563,150.67452928168996
1785485401.906887,step,161.98651854789748,-532.0745002512961,161.98651854789748,-482.07450025129606,-33.722767857001905,150.67398924903975,-33.722767857001905,150.67452928158758
1785485401.9108534,step,161.98651785299873,-532.0745097316103,161.98651785299873,-482.0745097316103,-33.72276785700815,150.67398924893735,-33.72276785700815,150.6745292814852
1785485401.9148917,step,161.98651716165602,-532.0745192134585,161.98651716165602,-482.07451921345853,-33.72276785701436,150.67398924883494,-33.72276785701436,150.67452928138277
1785485401.918866,step,161.9865164738801,-532.07452869665,161.9865164738801,-482.07452869664996,-33.722767857020536,150.6739892487325,-33.722767857020536,150.67452928128037
1785485401.9228497,step,161.98651578968045,-532.0745381809943,161.98651578968045,-482.0745381809943,-33.72276785702668,150.67398924863008,-33.72276785702668,150.6745292811779
1785485401.927091,step,161.98651510906646,-532.0745476663009,161.98651510906646,-482.0745476663009,-33.7227678570328,150.67398924852765,-33.7227678570328,150.67452928107548
1785485401.930899,step,161.98651443204872,-532.0745571523813,161.98651443204872,-482.0745571523813,-33.72276785703888,150.6739892484252,-33.72276785703888,150.67452928097302
1785485401.9350147,step,161.98651375863415,-532.0745666390452,161.98651375863415,-482.0745666390452,-33.72276785704493,150.67398924832273,-33.72276785704493,150.67452928087056
1785485401.939049,step,161.9865130888326,-532.0745761261039,161.9865130888326,-482.0745761261039,-33.72276785705095,150.67398924822024,-33.72276785705095,150.6745292807681
1785485401.9428933,step,161.98651242265237,-532.0745856133688,161.98651242265237,-482.07458561336875,-33.72276785705693,150.67398924811778,-33.72276785705693,150.6745292806656
1785485401.946875,step,161.98651176010216,-532.0745951006515,161.98651176010216,-482.07459510065155,-33.722767857062884,150.67398924801532,-33.722767857062884,150.67452928056315
1785485401.9514165,step,161.9865111011904,-532.0746045877656,161.9865111011904,-482.07460458776563,-33.7227678570688,150.67398924791286,-33.7227678570688,150.6745292804607
1785485401.9548533,step,161.98651044592447,-532.0746140745226,161.98651044592447,-482.07461407452263,-33.722767857074686,150.6739892478104,-33.722767857074686,150.67452928035823
1785485401.9587345,step,161.9865097943131,-532.0746235607371,161.9865097943131,-482.0746235607371,-33.72276785708054,150.67398924770794,-33.72276785708054,150.67452928025577
1785485401.9630349,step,161.98650914636278,-532.0746330462217,161.98650914636278,-482.0746330462217,-33.72276785708636,150.67398924760548,-33.72276785708636,150.6745292801533
1785485401.9667325,step,161.9865085020814,-532.0746425307921,161.9865085020814,-482.07464253079206,-33.72276785709215,150.67398924750304,-33.72276785709215,150.67452928005088
1785485401.9708617,step,161.9865078614773,-532.0746520142634,161.9865078614773,-482.0746520142634,-33.72276785709791,150.6739892474006,-33.72276785709791,150.67452927994844
1785485401.974825,step,161.98650722455602,-532.0746614964503,161.98650722455602,-482.0746614964503,-33.72276785710363,150.6739892472982,-33.72276785710363,150.67452927984604
1785485401.9788387,step,161.98650659132431,-532.0746709771696,161.98650659132431,-482.0746709771696,-33.72276785710932,150.6739892471958,-33.72276785710932,150.67452927974364
1785485401.9834821,step,161.98650596178857,-532.0746804562359,161.98650596178857,-482.0746804562359,-33.72276785711497,150.67398924709343,-33.72276785711497,150.67452927964126
1785485401.9871032,step,161.9865053359562,-532.0746899334679,161.9865053359562,-482.0746899334679,-33.722767857120594,150.67398924699106,-33.722767857120594,150.6745292795389
1785485401.9908864,step,161.98650471383382,-532.0746994086822,161.98650471383382,-482.07469940868225,-33.72276785712618,150.6739892468887,-33.72276785712618,150.67452927943657
1785485401.9949365,step,161.9865040954258,-532.0747088816962,161.9865040954258,-482.0747088816962,-33.722767857131736,150.6739892467864,-33.722767857131736,150.67452927933425
1785485401.9988523,step,161.98650348073863,-532.0747183523282,161.98650348073863,-482.0747183523282,-33.722767857137256,150.6739892466841,-33.722767857137256,150.67452927923196
1785485402.0030458,step,161.98650286977707,-532.0747278203966,161.98650286977707,-482.07472782039656,-33.72276785714275,150.67398924658184,-33.72276785714275,150.6745292791297
1785485402.0075114,step,161.98650226254725,-532.0747372857213,161.98650226254725,-482.0747372857213,-33.7227678571482,150.67398924647964,-33.7227678571482,150.67452927902747
1785485402.0110054,step,161.9865016590548,-532.0747467481234,161.9865016590548,-482.0747467481234,-33.72276785715362,150.67398924637743,-33.72276785715362,150.67452927892526
1785485402.015347,step,161.98650105930312,-532.0747562074221,161.98650105930312,-482.07475620742207,-33.722767857159006,150.67398924627526,-33.722767857159006,150.6745292788231
1785485402.019576,step,161.98650046329834,-532.0747656634412,161.98650046329834,-482.0747656634412,-33.722767857164364,150.67398924617314,-33.722767857164364,150.67452927872097
1785485402.0229552,step,161.98649987104284,-532.0747751160006,161.98649987104284,-482.07477511600064,-33.722767857169686,150.67398924607102,-33.722767857169686,150.67452927861888
1785485402.027091,step,161.98649928254076,-532.0747845649237,161.98649928254076,-482.0747845649237,-33.72276785717497,150.67398924596898,-33.72276785717497,150.67452927851681
1785485402.0311291,step,161.9864986977967,-532.0747940100343,161.9864986977967,-482.07479401003434,-33.72276785718022,150.67398924586695,-33.72276785718022,150.6745292784148
1785485402.0350742,step,161.98649811681426,-532.0748034511563,161.98649811681426,-482.0748034511563,-33.722767857185445,150.673989245765,-33.722767857185445,150.67452927831283
1785485402.0391724,step,161.98649753959637,-532.0748128881138,161.98649753959637,-482.0748128881138,-33.722767857190625,150.67398924566308,-33.722767857190625,150.6745292782109
1785485402.042938,step,161.98649696614575,-532.0748223207303,161.98649696614575,-482.0748223207303,-33.72276785719578,150.6739892455612,-33.72276785719578,150.67452927810902
1785485402.047144,step,161.98649639646544,-532.074831748833,161.98649639646544,-482.07483174883305,-33.72276785720089,150.67398924545935,-33.72276785720089,150.6745292780072
1785485402.0512555,step,161.9864958305568,-532.0748411722466,161.9864958305568,-482.0748411722466,-33.72276785720598,150.67398924535757,-33.72276785720598,150.67452927790544
1785485402.0552452,step,161.98649526842217,-532.0748505907978,161.98649526842217,-482.07485059079784,-33.72276785721103,150.67398924525585,-33.72276785721103,150.67452927780369
1785485402.0589764,step,161.98649471006493,-532.074860004317,161.98649471006493,-482.074860004317,-33.72276785721605,150.6739892451542,-33.72276785721605,150.67452927770202
1785485402.0629675,step,161.98649415548655,-532.0748694126318,161.98649415548655,-482.07486941263176,-33.72276785722103,150.67398924505255,-33.72276785722103,150.6745292776004
1785485402.0671308,step,161.98649360468767,-532.0748788155693,161.98649360468767,-482.07487881556926,-33.722767857225975,150.673989244951,-33.722767857225975,150.67452927749886
1785485402.0710964,step,161.98649305766955,-532.0748882129585,161.98649305766955,-482.0748882129585,-33.72276785723089,150.6739892448495,-33.72276785723089,150.67452927739734
1785485402.0750163,step,161.9864925144342,-532.0748976046309,161.9864925144342,-482.0748976046309,-33.722767857235766,150.67398924474807,-33.722767857235766,150.6745292772959
1785485402.0793464,step,161.98649197498287,-532.0749069904186,161.98649197498287,-482.07490699041864,-33.72276785724061,150.6739892446467,-33.72276785724061,150.67452927719455
1785485402.0828962,step,161.986491439315,-532.0749163701516,161.986491439315,-482.07491637015164,-33.72276785724543,150.6739892445454,-33.72276785724543,150.67452927709323
1785485402.0872746,step,161.98649090743095,-532.0749257436628,161.98649090743095,-482.0749257436628,-33.722767857250204,150.67398924444416,-33.722767857250204,150.674529276992
1785485402.091092,step,161.98649037933154,-532.0749351107863,161.98649037933154,-482.0749351107863,-33.72276785725495,150.67398924434298,-33.72276785725495,150.67452927689084
1785485402.094871,step,161.9864898550154,-532.0749444713542,161.9864898550154,-482.07494447135423,-33.72276785725966,150.67398924424188,-33.72276785725966,150.6745292767897
1785485402.0989234,step,161.98648933448214,-532.0749538252019,161.98648933448214,-482.0749538252019,-33.72276785726434,150.67398924414084,-33.72276785726434,150.6745292766887
1785485402.102803,step,161.9864888177311,-532.0749631721651,161.9864888177311,-482.0749631721651,-33.72276785726898,150.6739892440399,-33.72276785726898,150.67452927658775
1785485402.1065965,step,161.9864883047615,-532.0749725120797,161.9864883047615,-482.07497251207974,-33.72276785727359,150.67398924393902,-33.72276785727359,150.67452927648688
1785485402.1108565,step,161.98648779557146,-532.0749818447832,161.98648779557146,-482.0749818447832,-33.72276785727816,150.67398924383824,-33.72276785727816,150.67452927638607
1785485402.114976,step,161.98648729015946,-532.0749911701131,161.98648729015946,-482.0749911701131,-33.7227678572827,150.6739892437375,-33.7227678572827,150.67452927628534
1785485402.1191473,step,161.9864867885232,-532.0750004879076,161.9864867885232,-482.0750004879076,-33.7227678572872,150.67398924363687,-33.7227678572872,150.6745292761847
1785485402.123004,step,161.98648629066113,-532.0750097980077,161.98648629066113,-482.0750097980077,-33.72276785729168,150.6739892435363,-33.72276785729168,150.67452927608414
1785485402.127503,step,161.98648579657112,-532.0750191002529,161.98648579657112,-482.0750191002529,-33.72276785729612,150.67398924343584,-33.72276785729612,150.67452927598367
1785485402.1314137,step,161.98648530624942,-532.0750283944824,161.98648530624942,-482.0750283944824,-33.72276785730052,150.67398924333546,-33.72276785730052,150.6745292758833
1785485402.1354373,step,161.98648481969306,-532.0750376805382,161.98648481969306,-482.07503768053823,-33.722767857304895,150.67398924323516,-33.722767857304895,150.67452927578302
1785485402.1392424,step,161.9864843368996,-532.0750469582634,161.9864843368996,-482.07504695826344,-33.72276785730923,150.67398924313497,-33.72276785730923,150.6745292756828
1785485402.1431522,step,161.98648385786467,-532.0750562274998,161.98648385786467,-482.0750562274998,-33.722767857313535,150.67398924303484,-33.722767857313535,150.67452927558267
1785485402.147025,step,161.98648338258505,-532.0750654880937,161.98648338258505,-482.07506548809374,-33.7227678573178,150.67398924293482,-33.7227678573178,150.67452927548266
1785485402.1509624,step,161.9864829110566,-532.0750747398895,161.9864829110566,-482.0750747398895,-33.72276785732204,150.6739892428349,-33.72276785732204,150.67452927538275
1785485402.1547997,step,161.98648244327504,-532.0750839827346,161.98648244327504,-482.07508398273455,-33.72276785732624,150.67398924273508,-33.72276785732624,150.6745292752829
1785485402.1591022,step,161.98648197923498,-532.0750932164735,161.98648197923498,-482.07509321647353,-33.72276785733041,150.67398924263534,-33.72276785733041,150.67452927518318
1785485402.1629102,step,161.98648151893315,-532.075102440956,161.98648151893315,-482.075102440956,-33.722767857334546,150.6739892425357,-33.722767857334546,150.67452927508356
1785485402.16684,step,161.9864810623638,-532.0751116560293,161.9864810623638,-482.0751116560293,-33.722767857338646,150.6739892424362,-33.722767857338646,150.67452927498402
1785485402.170823,step,161.98648060952235,-532.0751208615432,161.98648060952235,-482.07512086154316,-33.72276785734271,150.67398924233675,-33.72276785734271,150.6745292748846
1785485402.1749952,step,161.9864801604031,-532.0751300573479,161.9864801604031,-482.0751300573479,-33.722767857346746,150.67398924223744,-33.722767857346746,150.67452927478527
1785485402.179101,step,161.98647971499994,-532.0751392432949,161.98647971499994,-482.07513924329487,-33.722767857350746,150.67398924213822,-33.722767857350746,150.67452927468605
1785485402.1832771,step,161.98647927330646,-532.0751484192356,161.98647927330646,-482.0751484192356,-33.72276785735472,150.6739892420391,-33.72276785735472,150.67452927458694
1785485402.1872818,step,161.98647883531612,-532.0751575850218,161.98647883531612,-482.07515758502177,-33.72276785735865,150.67398924194012,-33.72276785735865,150.67452927448795
1785485402.1912203,step,161.9864784010227,-532.0751667405088,161.9864784010227,-482.07516674050885,-33.72276785736255,150.67398924184124,-33.72276785736255,150.67452927438907
1785485402.1952307,step,161.98647797041946,-532.0751758855508,161.98647797041946,-482.07517588555083,-33.72276785736642,150.67398924174245,-33.72276785736642,150.6745292742903
1785485402.1992161,step,161.98647754349795,-532.0751850200031,161.98647754349795,-482.0751850200031,-33.72276785737026,150.6739892416438,-33.72276785737026,150.67452927419166
1785485402.2032282,step,161.98647712025104,-532.0751941437215,161.98647712025104,-482.07519414372155,-33.72276785737406,150.67398924154526,-33.72276785737406,150.6745292740931
1785485402.2069159,step,161.9864767006722,-532.0752032565648,161.9864767006722,-482.0752032565648,-33.722767857377825,150.67398924144683,-33.722767857377825,150.67452927399466
1785485402.2117314,step,161.98647628475254,-532.0752123583902,161.98647628475254,-482.0752123583902,-33.72276785738156,150.67398924134852,-33.72276785738156,150.67452927389638
1785485402.2149236,step,161.98647587248422,-532.0752214490584,161.98647587248422,-482.0752214490584,-33.722767857385264,150.67398924125035,-33.722767857385264,150.67452927379819
1785485402.2196124,step,161.98647546385908,-532.0752305284296,161.98647546385908,-482.07523052842964,-33.72276785738894,150.67398924115227,-33.72276785738894,150.67452927370013
1785485402.2232027,step,161.98647505886666,-532.0752395963626,161.98647505886666,-482.0752395963626,-33.722767857392576,150.67398924105433,-33.722767857392576,150.6745292736022
1785485402.2268803,step,161.986474657499,-532.0752486527208,161.986474657499,-482.0752486527208,-33.72276785739618,150.67398924095653,-33.72276785739618,150.67452927350436
1785485402.2312593,step,161.98647425974835,-532.0752576973691,161.98647425974835,-482.0752576973691,-33.72276785739975,150.67398924085884,-33.72276785739975,150.67452927340668
1785485402.2352023,step,161.9864738656034,-532.0752667301706,161.9864738656034,-482.0752667301706,-33.72276785740329,150.67398924076127,-33.72276785740329,150.6745292733091
1785485402.2391255,step,161.98647347505667,-532.0752757509924,161.98647347505667,-482.07527575099243,-33.7227678574068,150.67398924066384,-33.7227678574068,150.67452927321168
1785485402.2432458,step,161.98647308809703,-532.0752847596992,161.98647308809703,-482.07528475969923,-33.722767857410275,150.67398924056656,-33.722767857410275,150.6745292731144
1785485402.2467508,step,161.98647270471363,-532.0752937561571,161.98647270471363,-482.07529375615707,-33.72276785741372,150.67398924046938,-33.72276785741372,150.6745292730172
1785485402.251459,step,161.9864723248959,-532.0753027402342,161.9864723248959,-482.0753027402342,-33.72276785741713,150.67398924037235,-33.72276785741713,150.67452927292018
1785485402.2553203,step,161.9864719486328,-532.0753117117993,161.9864719486328,-482.07531171179926,-33.722767857420514,150.67398924027543,-33.722767857420514,150.6745292728233
1785485402.259804,step,161.98647157591418,-532.0753206707216,161.98647157591418,-482.07532067072157,-33.72276785742386,150.67398924017868,-33.72276785742386,150.67452927272652
1785485402.2639537,step,161.98647120672794,-532.0753296168732,161.98647120672794,-482.0753296168732,-33.72276785742718,150.67398924008205,-33.72276785742718,150.6745292726299
1785485402.2675123,step,161.98647084106148,-532.075338550124,161.98647084106148,-482.075338550124,-33.72276785743046,150.6739892399856,-33.72276785743046,150.67452927253342
1785485402.2708213,step,161.98647047890464,-532.0753474703498,161.98647047890464,-482.0753474703498,-33.722767857433716,150.67398923988924,-33.722767857433716,150.67452927243707
1785485402.2751656,step,161.98647012024415,-532.0753563774225,161.98647012024415,-482.0753563774225,-33.722767857436935,150.67398923979303,-33.722767857436935,150.67452927234086
1785485402.2789726,step,161.98646976506862,-532.0753652712173,161.98646976506862,-482.07536527121727,-33.72276785744013,150.67398923969697,-33.72276785744013,150.6745292722448
1785485402.2838001,step,161.9864694133657,-532.07537415161,161.9864694133657,-482.07537415161005,-33.72276785744329,150.67398923960104,-33.72276785744329,150.6745292721489
1785485402.2875156,step,161.98646906512184,-532.075383018477,161.98646906512184,-482.07538301847705,-33.722767857446414,150.6739892395053,-33.722767857446414,150.67452927205312
1785485402.2921,step,161.98646872032387,-532.0753918716965,161.98646872032387,-482.0753918716965,-33.72276785744951,150.67398923940968,-33.72276785744951,150.6745292719575
1785485402.2958097,step,161.98646837895777,-532.0754007111475,161.98646837895777,-482.0754007111475,-33.72276785745258,150.67398923931418,-33.72276785745258,150.67452927186204
1785485402.300367,step,161.98646804101153,-532.0754095367104,161.98646804101153,-482.07540953671037,-33.722767857455615,150.67398923921888,-33.722767857455615,150.67452927176672
1785485402.3034668,step,161.98646770647065,-532.0754183482653,161.98646770647065,-482.0754183482653,-33.72276785745862,150.6739892391237,-33.72276785745862,150.67452927167153
1785485402.3073273,step,161.98646737532096,-532.075427145695,161.98646737532096,-482.075427145695,-33.7227678574616,150.67398923902869,-33.7227678574616,150.67452927157652
1785485402.3113236,step,161.98646704754884,-532.0754359288835,161.98646704754884,-482.0754359288835,-33.72276785746454,150.6739892389338,-33.72276785746454,150.67452927148167
1785485402.3153903,step,161.9864667231392,-532.0754446977134,161.9864667231392,-482.07544469771335,-33.72276785746745,150.6739892388391,-33.72276785746745,150.67452927138694
1785485402.3190684,step,161.98646640207664,-532.0754534520698,161.98646640207664,-482.07545345206984,-33.72276785747034,150.67398923874455,-33.72276785747034,150.6745292712924
1785485402.323186,step,161.9864660843474,-532.0754621918398,161.9864660843474,-482.07546219183985,-33.722767857473194,150.67398923865017,-33.722767857473194,150.674529271198
1785485402.326963,step,161.98646576993417,-532.0754709169092,161.98646576993417,-482.07547091690924,-33.722767857476015,150.67398923855592,-33.722767857476015,150.67452927110378
1785485402.3310397,step,161.98646545882306,-532.0754796271685,161.98646545882306,-482.07547962716853,-33.722767857478814,150.67398923846184,-33.722767857478814,150.6745292710097
1785485402.3349519,step,161.98646515099807,-532.0754883225064,161.98646515099807,-482.07548832250643,-33.72276785748158,150.67398923836794,-33.72276785748158,150.67452927091577
1785485402.33911,step,161.98646484644303,-532.075497002813,161.98646484644303,-482.075497002813,-33.722767857484314,150.67398923827417,-33.722767857484314,150.67452927082203
1785485402.3431218,step,161.9864645451416,-532.0755056679792,161.9864645451416,-482.0755056679792,-33.72276785748702,150.67398923818058,-33.72276785748702,150.67452927072844
1785485402.34689,step,161.98646424707803,-532.0755143178994,161.98646424707803,-482.07551431789943,-33.7227678574897,150.67398923808716,-33.7227678574897,150.67452927063502
1785485402.3509278,step,161.98646395223426,-532.0755229524651,161.98646395223426,-482.0755229524651,-33.72276785749234,150.6739892379939,-33.72276785749234,150.67452927054174
1785485402.3549411,step,161.98646366059464,-532.0755315715724,161.98646366059464,-482.07553157157236,-33.722767857494965,150.67398923790083,-33.722767857494965,150.67452927044866
1785485402.3589976,step,161.9864633721419,-532.0755401751164,161.9864633721419,-482.07554017511643,-33.72276785749756,150.6739892378079,-33.72276785749756,150.67452927035575
1785485402.363037,step,161.9864630868587,-532.0755487629938,161.9864630868587,-482.0755487629938,-33.72276785750012,150.67398923771515,-33.72276785750012,150.67452927026298
1785485402.3672981,step,161.98646280472747,-532.0755573351007,161.98646280472747,-482.0755573351007,-33.72276785750265,150.67398923762255,-33.72276785750265,150.6745292701704
1785485402.371009,step,161.98646252572922,-532.0755658913357,161.98646252572922,-482.0755658913357,-33.72276785750516,150.67398923753015,-33.72276785750516,150.67452927007798
1785485402.3753011,step,161.9864622498458,-532.0755744315982,161.9864622498458,-482.07557443159817,-33.72276785750764,150.6739892374379,-33.72276785750764,150.67452926998575
1785485402.3789918,step,161.98646197705855,-532.0755829557895,161.98646197705855,-482.0755829557895,-33.72276785751009,150.67398923734584,-33.72276785751009,150.67452926989367
1785485402.383379,step,161.9864617073506,-532.0755914638131,161.9864617073506,-482.0755914638131,-33.722767857512515,150.67398923725395,-33.722767857512515,150.67452926980178
1785485402.3870103,step,161.98646144070204,-532.0755999555705,161.98646144070204,-482.0755999555705,-33.72276785751491,150.67398923716223,-33.72276785751491,150.67452926971006
1785485402.3906584,step,161.9864611770943,-532.0756084309648,161.9864611770943,-482.07560843096485,-33.722767857517276,150.67398923707069,-33.722767857517276,150.67452926961852
1785485402.3949466,step,161.98646091650926,-532.0756168899037,161.98646091650926,-482.0756168899037,-33.722767857519614,150.67398923697934,-33.722767857519614,150.67452926952717
1785485402.3988612,step,161.9864606589258,-532.075625332291,161.9864606589258,-482.075625332291,-33.72276785752193,150.67398923688813,-33.72276785752193,150.674529269436
1785485402.4029455,step,161.9864604043252,-532.0756337580334,161.9864604043252,-482.0756337580334,-33.72276785752422,150.67398923679713,-33.72276785752422,150.674529269345
1785485402.4068265,step,161.98646015268707,-532.07564216704,161.98646015268707,-482.07564216704,-33.72276785752648,150.67398923670632,-33.72276785752648,150.67452926925415
1785485402.4107618,step,161.98645990399086,-532.0756505592194,161.98645990399086,-482.0756505592194,-33.72276785752871,150.67398923661568,-33.72276785752871,150.67452926916351
1785485402.4153075,step,161.98645965821572,-532.0756589344812,161.98645965821572,-482.0756589344812,-33.72276785753092,150.67398923652522,-33.72276785753092,150.67452926907305
1785485402.4191332,step,161.9864594153416,-532.0756672927375,161.9864594153416,-482.07566729273753,-33.7227678575331,150.67398923643495,-33.7227678575331,150.67452926898278
1785485402.4231212,step,161.98645917534657,-532.0756756338996,161.98645917534657,-482.07567563389955,-33.72276785753526,150.67398923634485,-33.72276785753526,150.67452926889268
1785485402.4268692,step,161.9864589382104,-532.0756839578812,161.9864589382104,-482.0756839578812,-33.722767857537384,150.67398923625495,-33.722767857537384,150.6745292688028
1785485402.4306507,step,161.98645870391292,-532.075692264598,161.98645870391292,-482.07569226459805,-33.722767857539495,150.67398923616523,-33.722767857539495,150.67452926871306
1785485402.435032,step,161.98645847243108,-532.0757005539641,161.98645847243108,-482.0757005539641,-33.72276785754157,150.6739892360757,-33.72276785754157,150.67452926862353
1785485402.4395623,step,161.98645824374384,-532.0757088258958,161.98645824374384,-482.07570882589584,-33.72276785754362,150.67398923598637,-33.72276785754362,150.6745292685342
1785485402.4430137,step,161.98645801782922,-532.0757170803097,161.98645801782922,-482.0757170803097,-33.722767857545655,150.6739892358972,-33.722767857545655,150.67452926844504
1785485402.4469793,step,161.9864577946643,-532.0757253171245,161.9864577946643,-482.07572531712447,-33.72276785754766,150.67398923580825,-33.72276785754766,150.67452926835608
1785485402.4510095,step,161.98645757422722,-532.0757335362595,161.98645757422722,-482.07573353625946,-33.72276785754964,150.67398923571946,-33.72276785754964,150.67452926826732
1785485402.4554574,step,161.98645735649507,-532.075741737635,161.98645735649507,-482.075741737635,-33.722767857551595,150.6739892356309,-33.722767857551595,150.67452926817873
1785485402.4601696,step,161.98645714144675,-532.0757499211742,161.98645714144675,-482.0757499211742,-33.72276785755353,150.6739892355425,-33.72276785755353,150.67452926809034
1785485402.4638395,step,161.9864569290576,-532.0757580867987,161.9864569290576,-482.0757580867987,-33.72276785755544,150.67398923545431,-33.72276785755544,150.67452926800215
1785485402.4670777,step,161.9864567193054,-532.0757662344332,161.9864567193054,-482.0757662344332,-33.72276785755732,150.6739892353663,-33.72276785755732,150.67452926791415
1785485402.471378,step,161.98645651216586,-532.0757743640002,161.98645651216586,-482.07577436400015,-33.722767857559184,150.6739892352785,-33.722767857559184,150.67452926782633
1785485402.4754083,step,161.98645630761573,-532.0757824754269,161.98645630761573,-482.0757824754269,-33.72276785756102,150.6739892351909,-33.72276785756102,150.67452926773873
1785485402.4793139,step,161.98645610563185,-532.0757905686396,161.98645610563185,-482.0757905686396,-33.722767857562836,150.67398923510348,-33.722767857562836,150.6745292676513
1785485402.4829853,step,161.98645590619037,-532.0757986435673,161.98645590619037,-482.0757986435673,-33.72276785756463,150.67398923501628,-33.72276785756463,150.6745292675641
1785485402.4868855,step,161.9864557092675,-532.0758067001384,161.9864557092675,-482.0758067001384,-33.722767857566396,150.67398923492925,-33.722767857566396,150.67452926747708
1785485402.4907742,step,161.986455514838,-532.0758147382817,161.986455514838,-482.0758147382817,-33.722767857568144,150.67398923484242,-33.722767857568144,150.67452926739028
1785485402.4953053,step,161.9864553228791,-532.0758227579297,161.9864553228791,-482.0758227579297,-33.72276785756986,150.67398923475582,-33.72276785756986,150.67452926730365
1785485402.4990084,step,161.98645513336479,-532.0758307590129,161.98645513336479,-482.0758307590129,-33.72276785757157,150.6739892346694,-33.72276785757157,150.67452926721725
1785485402.50366,step,161.98645494626982,-532.0758387414638,161.98645494626982,-482.0758387414638,-33.722767857573245,150.6739892345832,-33.722767857573245,150.67452926713102
1785485402.507758,step,161.9864547615684,-532.0758467052149,161.9864547615684,-482.0758467052149,-33.72276785757491,150.67398923449716,-33.72276785757491,150.67452926704502
1785485402.5113153,step,161.98645457923556,-532.0758546502022,161.98645457923556,-482.07585465020225,-33.72276785757654,150.67398923441135,-33.72276785757654,150.6745292669592
1785485402.5155537,step,161.98645439924624,-532.075862576361,161.98645439924624,-482.07586257636103,-33.72276785757816,150.67398923432575,-33.72276785757816,150.6745292668736
1785485402.5194373,step,161.98645422157554,-532.0758704836293,161.98645422157554,-482.0758704836293,-33.72276785757976,150.67398923424034,-33.72276785757976,150.6745292667882
1785485402.5237389,step,161.9864540461978,-532.075878371944,161.9864540461978,-482.075878371944,-33.72276785758133,150.67398923415516,-33.72276785758133,150.674529266703
1785485402.5269718,step,161.98645387308545,-532.0758862412438,161.98645387308545,-482.0758862412438,-33.72276785758289,150.67398923407015,-33.72276785758289,150.674529266618
1785485402.531838,step,161.98645370221323,-532.0758940914675,161.98645370221323,-482.0758940914675,-33.72276785758442,150.67398923398537,-33.72276785758442,150.6745292665332
1785485402.535889,step,161.9864535335533,-532.0759019225554,161.9864535335533,-482.07590192255543,-33.722767857585936,150.67398923390078,-33.722767857585936,150.67452926644862
1785485402.5390382,step,161.98645336707958,-532.0759097344497,161.98645336707958,-482.07590973444974,-33.722767857587435,150.6739892338164,-33.722767857587435,150.67452926636426
1785485402.543387,step,161.98645320276518,-532.075917527093,161.98645320276518,-482.075917527093,-33.72276785758891,150.67398923373224,-33.72276785758891,150.67452926628008
1785485402.547437,step,161.98645304058337,-532.0759253004289,161.98645304058337,-482.07592530042893,-33.72276785759037,150.67398923364829,-33.72276785759037,150.67452926619612
1785485402.5509613,step,161.9864528805069,-532.0759330544017,161.9864528805069,-482.07593305440173,-33.722767857591805,150.67398923356455,-33.722767857591805,150.6745292661124
1785485402.5549052,step,161.98645272250857,-532.0759407889568,161.98645272250857,-482.0759407889568,-33.722767857593226,150.673989233481,-33.722767857593226,150.67452926602886
1785485402.559049,step,161.98645256656076,-532.075948504042,161.98645256656076,-482.075948504042,-33.722767857594626,150.67398923339766,-33.722767857594626,150.67452926594552
1785485402.5630162,step,161.98645241263603,-532.0759561996041,161.98645241263603,-482.0759561996041,-33.72276785759601,150.67398923331456,-33.72276785759601,150.6745292658624
1785485402.5673316,step,161.98645226070587,-532.0759638755911,161.98645226070587,-482.0759638755911,-33.722767857597375,150.67398923323165,-33.722767857597375,150.67452926577948
1785485402.5710955,step,161.98645211074248,-532.075971531953,161.98645211074248,-482.075971531953,-33.72276785759872,150.67398923314897,-33.72276785759872,150.6745292656968
1785485402.5748043,step,161.986451962718,-532.0759791686392,161.986451962718,-482.07597916863915,-33.72276785760005,150.67398923306646,-33.72276785760005,150.67452926561432
1785485402.5798001,step,161.98645181660387,-532.0759867856013,161.98645181660387,-482.07598678560134,-33.72276785760136,150.6739892329842,-33.72276785760136,150.67452926553204
1785485402.5834389,step,161.9864516723718,-532.0759943827919,161.9864516723718,-482.0759943827919,-33.722767857602655,150.67398923290216,-33.722767857602655,150.67452926545
1785485402.5869374,step,161.98645152999313,-532.0760019601637,161.98645152999313,-482.0760019601637,-33.722767857603934,150.6739892328203,-33.722767857603934,150.67452926536816
1785485402.5918798,step,161.9864513894405,-532.0760095176729,161.9864513894405,-482.0760095176729,-33.7227678576052,150.67398923273868,-33.7227678576052,150.67452926528654
1785485402.5950131,step,161.9864512506843,-532.0760170552725,161.9864512506843,-482.0760170552725,-33.72276785760645,150.67398923265728,-33.72276785760645,150.6745292652051
1785485402.5989494,step,161.98645111369524,-532.0760245729182,161.98645111369524,-482.0760245729182,-33.72276785760768,150.67398923257608,-33.72276785760768,150.67452926512394
1785485402.6033278,step,161.9864509784442,-532.076032070568,161.9864509784442,-482.076032070568,-33.72276785760889,150.6739892324951,-33.72276785760889,150.67452926504293
1785485402.6073997,step,161.98645084490275,-532.07603954818,161.98645084490275,-482.07603954818,-33.722767857610094,150.67398923241433,-33.722767857610094,150.6745292649622
1785485402.6111426,step,161.98645071304054,-532.0760470057121,161.98645071304054,-482.0760470057121,-33.722767857611274,150.67398923233378,-33.722767857611274,150.67452926488164
1785485402.6151147,step,161.98645058282753,-532.0760544431238,161.98645058282753,-482.0760544431238,-33.722767857612446,150.67398923225346,-33.722767857612446,150.6745292648013
1785485402.6192062,step,161.9864504542344,-532.0760618603771,161.9864504542344,-482.0760618603771,-33.7227678576136,150.67398923217334,-33.7227678576136,150.6745292647212
1785485402.6234603,step,161.98645032723041,-532.0760692574315,161.98645032723041,-482.0760692574315,-33.72276785761474,150.67398923209345,-33.72276785761474,150.6745292646413
1785485402.6270254,step,161.98645020178665,-532.0760766342514,161.98645020178665,-482.0760766342514,-33.72276785761587,150.67398923201378,-33.72276785761587,150.6745292645616
1785485402.6310058,step,161.98645007787306,-532.0760839908003,161.98645007787306,-482.07608399080027,-33.72276785761698,150.67398923193434,-33.72276785761698,150.67452926448217
1785485402.6348715,step,161.9864499554584,-532.0760913270415,161.9864499554584,-482.07609132704147,-33.72276785761808,150.6739892318551,-33.72276785761808,150.67452926440293
1785485402.63919,step,161.98644983451211,-532.0760986429398,161.98644983451211,-482.07609864293977,-33.72276785761917,150.6739892317761,-33.72276785761917,150.67452926432392
1785485402.6432524,step,161.98644971500494,-532.0761059384625,161.98644971500494,-482.07610593846255,-33.72276785762024,150.67398923169728,-33.72276785762024,150.6745292642451
1785485402.6473334,step,161.98644959690543,-532.0761132135748,161.98644959690543,-482.0761132135748,-33.7227678576213,150.67398923161872,-33.7227678576213,150.67452926416655
1785485402.6512575,step,161.98644948018284,-532.0761204682439,161.98644948018284,-482.07612046824386,-33.72276785762235,150.67398923154036,-33.72276785762235,150.6745292640882
1785485402.6553273,step,161.98644936480642,-532.07612770244,161.98644936480642,-482.07612770244,-33.72276785762339,150.67398923146223,-33.72276785762339,150.67452926401006
1785485402.6589148,step,161.98644925074515,-532.0761349161323,161.98644925074515,-482.07613491613233,-33.72276785762441,150.6739892313843,-33.72276785762441,150.67452926393216
1785485402.6631684,step,161.98644913796886,-532.0761421092922,161.98644913796886,-482.07614210929216,-33.72276785762543,150.67398923130662,-33.72276785762543,150.67452926385445
1785485402.6669235,step,161.98644902644534,-532.0761492818904,161.98644902644534,-482.07614928189037,-33.72276785762643,150.67398923122914,-33.72276785762643,150.67452926377698
1785485402.6708126,step,161.98644891614268,-532.076156433898,161.98644891614268,-482.07615643389795,-33.72276785762742,150.6739892311519,-33.72276785762742,150.67452926369975
1785485402.6751804,step,161.98644880703088,-532.0761635652902,161.98644880703088,-482.07616356529024,-33.7227678576284,150.67398923107487,-33.7227678576284,150.6745292636227
1785485402.678974,step,161.9864486990786,-532.0761706760413,161.9864486990786,-482.07617067604133,-33.722767857629364,150.67398923099807,-33.722767857629364,150.6745292635459
1785485402.683187,step,161.98644859225453,-532.0761777661265,161.98644859225453,-482.07617776612653,-33.72276785763032,150.6739892309215,-33.72276785763032,150.67452926346934
1785485402.6870236,step,161.98644848652725,-532.076184835521,161.98644848652725,-482.07618483552096,-33.722767857631275,150.67398923084514,-33.722767857631275,150.67452926339297
1785485402.6916618,step,161.98644838186442,-532.0761918842002,161.98644838186442,-482.07619188420017,-33.72276785763221,150.67398923076902,-33.72276785763221,150.67452926331686
1785485402.6953144,step,161.9864482782335,-532.0761989121415,161.9864482782335,-482.07619891214154,-33.722767857633144,150.6739892306931,-33.722767857633144,150.67452926324094
1785485402.6990147,step,161.9864481756035,-532.0762059193246,161.9864481756035,-482.0762059193246,-33.72276785763407,150.67398923061742,-33.72276785763407,150.67452926316525
1785485402.7034895,step,161.98644807394192,-532.0762129057277,161.98644807394192,-482.07621290572774,-33.722767857634985,150.67398923054196,-33.722767857634985,150.6745292630898
1785485402.7072482,step,161.98644797321728,-532.0762198713307,161.98644797321728,-482.07621987133075,-33.72276785763589,150.67398923046673,-33.72276785763589,150.67452926301456
1785485402.7114654,step,161.98644787339646,-532.0762268161143,161.98644787339646,-482.0762268161143,-33.72276785763678,150.67398923039173,-33.72276785763678,150.67452926293956
1785485402.7153897,step,161.98644777444792,-532.0762337400612,161.98644777444792,-482.0762337400612,-33.72276785763767,150.67398923031695,-33.72276785763767,150.67452926286478
1785485402.719326,step,161.98644767633905,-532.0762406431522,161.98644767633905,-482.07624064315223,-33.72276785763855,150.67398923024237,-33.72276785763855,150.67452926279023
1785485402.7229352,step,161.9864475790367,-532.0762475253712,161.9864475790367,-482.0762475253712,-33.722767857639425,150.67398923016805,-33.722767857639425,150.67452926271588
1785485402.7270477,step,161.98644748250803,-532.0762543867011,161.98644748250803,-482.07625438670107,-33.72276785764029,150.67398923009395,-33.72276785764029,150.67452926264178
1785485402.7310026,step,161.98644738672144,-532.0762612271283,161.98644738672144,-482.07626122712827,-33.72276785764116,150.67398923002006,-33.72276785764116,150.67452926256792
1785485402.7348843,step,161.98644729164488,-532.0762680466388,161.98644729164488,-482.0762680466388,-33.72276785764201,150.67398922994641,-33.72276785764201,150.67452926249425
1785485402.7392855,step,161.9864471972454,-532.0762748452196,161.9864471972454,-482.0762748452196,-33.72276785764286,150.67398922987297,-33.72276785764286,150.67452926242083
1785485402.743065,step,161.9864471034896,-532.0762816228573,161.9864471034896,-482.0762816228573,-33.7227678576437,150.6739892297998,-33.7227678576437,150.67452926234762
1785485402.7469919,step,161.9864470103461,-532.0762883795413,161.9864470103461,-482.0762883795413,-33.722767857644534,150.6739892297268,-33.722767857644534,150.67452926227463
1785485402.750946,step,161.98644691778145,-532.0762951152587,161.98644691778145,-482.07629511525874,-33.722767857645366,150.67398922965404,-33.722767857645366,150.6745292622019
1785485402.7546985,step,161.98644682576273,-532.0763018300004,161.98644682576273,-482.0763018300004,-33.7227678576462,150.67398922958154,-33.7227678576462,150.67452926212937
1785485402.7589598,step,161.98644673425702,-532.0763085237545,161.98644673425702,-482.0763085237545,-33.722767857647014,150.67398922950923,-33.722767857647014,150.67452926205706
1785485402.7631478,step,161.986446643231,-532.0763151965145,161.986446643231,-482.07631519651454,-33.72276785764784,150.67398922943715,-33.72276785764784,150.674529261985
1785485402.7668986,step,161.98644655265198,-532.0763218482712,161.98644655265198,-482.07632184827116,-33.72276785764865,150.6739892293653,-33.72276785764865,150.67452926191316
1785485402.7708213,step,161.98644646248638,-532.0763284790165,161.98644646248638,-482.0763284790165,-33.72276785764946,150.6739892292937,-33.72276785764946,150.67452926184154
1785485402.7751355,step,161.98644637270226,-532.0763350887462,161.98644637270226,-482.0763350887462,-33.72276785765027,150.67398922922231,-33.72276785765027,150.67452926177015
1785485402.77886,step,161.98644628326534,-532.0763416774527,161.98644628326534,-482.07634167745266,-33.72276785765107,150.67398922915115,-33.72276785765107,150.67452926169898
1785485402.7831774,step,161.9864461941421,-532.0763482451312,161.9864461941421,-482.07634824513116,-33.72276785765187,150.6739892290802,-33.72276785765187,150.67452926162807
1785485402.7869918,step,161.98644610530047,-532.0763547917777,161.98644610530047,-482.0763547917777,-33.72276785765267,150.6739892290095,-33.72276785765267,150.67452926155735
1785485402.7908752,step,161.98644601670628,-532.0763613173883,161.98644601670628,-482.0763613173883,-33.722767857653466,150.67398922893904,-33.722767857653466,150.67452926148687
1785485402.794867,step,161.98644592832704,-532.0763678219616,161.98644592832704,-482.07636782196164,-33.722767857654254,150.67398922886878,-33.722767857654254,150.6745292614166
1785485402.7990007,step,161.98644584012888,-532.0763743054943,161.98644584012888,-482.07637430549426,-33.72276785765505,150.67398922879875,-33.72276785765505,150.67452926134658
1785485402.8035426,step,161.98644575207766,-532.0763807679839,161.98644575207766,-482.0763807679839,-33.72276785765584,150.67398922872894,-33.72276785765584,150.67452926127677
1785485402.8070889,step,161.9864456641401,-532.0763872094308,161.9864456641401,-482.0763872094308,-33.72276785765663,150.67398922865937,-33.72276785765663,150.67452926120723
1785485402.8109436,step,161.98644557628307,-532.076393629835,161.98644557628307,-482.076393629835,-33.722767857657416,150.67398922859002,-33.722767857657416,150.67452926113788
1785485402.8150692,step,161.98644548847292,-532.0764000291964,161.98644548847292,-482.0764000291964,-33.722767857658205,150.67398922852092,-33.722767857658205,150.67452926106876
1785485402.8191204,step,161.98644540067647,-532.0764064075175,161.98644540067647,-482.07640640751754,-33.722767857658994,150.67398922845203,-33.722767857658994,150.67452926099986
1785485402.8234596,step,161.98644531286132,-532.0764127648005,161.98644531286132,-482.07641276480047,-33.72276785765978,150.67398922838336,-33.72276785765978,150.6745292609312
1785485402.8272293,step,161.98644522499308,-532.0764191010455,161.98644522499308,-482.07641910104553,-33.72276785766058,150.67398922831492,-33.72276785766058,150.67452926086276
1785485402.831165,step,161.98644513703843,-532.0764254162584,161.98644513703843,-482.0764254162584,-33.72276785766137,150.6739892282467,-33.72276785766137,150.67452926079454
1785485402.8350425,step,161.98644504896367,-532.0764317104409,161.98644504896367,-482.07643171044094,-33.722767857662156,150.67398922817873,-33.722767857662156,150.6745292607266
1785485402.8390474,step,161.9864449607344,-532.0764379835985,161.9864449607344,-482.07643798359845,-33.72276785766295,150.67398922811097,-33.72276785766295,150.67452926065883
1785485402.8431358,step,161.9864448723173,-532.0764442357371,161.9864448723173,-482.0764442357371,-33.72276785766374,150.67398922804344,-33.72276785766374,150.6745292605913
1785485402.8471854,step,161.98644478367868,-532.0764504668618,161.98644478367868,-482.07645046686184,-33.72276785766454,150.67398922797614,-33.72276785766454,150.674529260524
1785485402.8511603,step,161.98644469478504,-532.0764566769801,161.98644469478504,-482.0764566769801,-33.72276785766534,150.6739892279091,-33.72276785766534,150.67452926045692
1785485402.8549514,step,161.98644460560268,-532.076462866098,161.98644460560268,-482.07646286609804,-33.72276785766614,150.67398922784224,-33.72276785766614,150.67452926039007
1785485402.8589487,step,161.98644451609826,-532.0764690342252,161.98644451609826,-482.07646903422517,-33.722767857666945,150.67398922777562,-33.722767857666945,150.67452926032345
1785485402.8631601,step,161.98644442623848,-532.0764751813698,161.98644442623848,-482.0764751813698,-33.72276785766775,150.67398922770923,-33.72276785766775,150.67452926025706
1785485402.8669903,step,161.9864443359901,-532.07648130754,161.9864443359901,-482.07648130754,-33.722767857668565,150.67398922764306,-33.722767857668565,150.6745292601909
1785485402.8712413,step,161.986444245318,-532.0764874127457,161.986444245318,-482.0764874127457,-33.722767857669375,150.67398922757712,-33.722767857669375,150.67452926012496
1785485402.875293,step,161.98644415418994,-532.0764934969982,161.98644415418994,-482.0764934969982,-33.72276785767019,150.67398922751138,-33.72276785767019,150.67452926005924
1785485402.8794227,step,161.9864440625714,-532.076499560307,161.9864440625714,-482.07649956030696,-33.722767857671016,150.6739892274459,-33.722767857671016,150.67452925999376
1785485402.8830855,step,161.98644397042798,-532.0765056026828,161.98644397042798,-482.0765056026828,-33.72276785767185,150.67398922738064,-33.72276785767185,150.67452925992848
1785485402.8869336,step,161.9864438777269,-532.0765116241394,161.9864438777269,-482.07651162413936,-33.72276785767268,150.67398922731562,-33.72276785767268,150.67452925986345
1785485402.890992,step,161.98644378443373,-532.0765176246883,161.98644378443373,-482.07651762468834,-33.72276785767352,150.67398922725081,-33.72276785767352,150.67452925979865
1785485402.8951545,step,161.98644369051578,-532.076523604344,161.98644369051578,-482.07652360434395,-33.72276785767436,150.6739892271862,-33.72276785767436,150.67452925973407
1785485402.8998644,step,161.98644359594059,-532.0765295631211,161.98644359594059,-482.0765295631211,-33.72276785767521,150.67398922712187,-33.72276785767521,150.6745292596697
1785485402.9034214,step,161.98644350067394,-532.0765355010329,161.98644350067394,-482.07653550103294,-33.72276785767607,150.67398922705772,-33.72276785767607,150.67452925960558
1785485402.9073305,step,161.98644340468064,-532.0765414180928,161.98644340468064,-482.0765414180928,-33.72276785767693,150.67398922699383,-33.72276785767693,150.67452925954166
1785485402.911202,step,161.98644330792777,-532.0765473143167,161.98644330792777,-482.0765473143167,-33.722767857677795,150.67398922693013,-33.722767857677795,150.67452925947796
1785485402.9152234,step,161.98644321038233,-532.0765531897205,161.98644321038233,-482.07655318972047,-33.722767857678676,150.67398922686667,-33.722767857678676,150.67452925941453
1785485402.9191067,step,161.98644311200962,-532.0765590443201,161.98644311200962,-482.0765590443201,-33.72276785767956,150.67398922680346,-33.72276785767956,150.6745292593513
1785485402.9229207,step,161.9864430127764,-532.0765648781334,161.9864430127764,-482.07656487813335,-33.722767857680445,150.67398922674045,-33.722767857680445,150.67452925928828
1785485402.927125,step,161.98644291265,-532.0765706911782,161.98644291265,-482.0765706911782,-33.72276785768135,150.67398922667766,-33.72276785768135,150.6745292592255
1785485402.9309833,step,161.9864428115963,-532.0765764834717,161.9864428115963,-482.07657648347174,-33.72276785768226,150.67398922661508,-33.72276785768226,150.67452925916294
1785485402.9354134,step,161.98644270958314,-532.0765822550338,161.98644270958314,-482.0765822550338,-33.72276785768317,150.67398922655275,-33.72276785768317,150.67452925910058
1785485402.9388726,step,161.98644260657582,-532.0765880058824,161.98644260657582,-482.0765880058824,-33.7227678576841,150.67398922649065,-33.7227678576841,150.67452925903848
1785485402.9430847,step,161.98644250254083,-532.076593736037,161.98644250254083,-482.076593736037,-33.72276785768503,150.67398922642874,-33.72276785768503,150.6745292589766
1785485402.9470289,step,161.98644239744428,-532.0765994455169,161.98644239744428,-482.0765994455169,-33.72276785768597,150.67398922636707,-33.72276785768597,150.67452925891493
1785485402.951333,step,161.9864422912526,-532.0766051343417,161.9864422912526,-482.07660513434166,-33.72276785768693,150.67398922630565,-33.72276785768693,150.67452925885348
1785485402.9548094,step,161.98644218393272,-532.0766108025331,161.98644218393272,-482.0766108025331,-33.72276785768789,150.67398922624443,-33.72276785768789,150.67452925879226
1785485402.9592845,step,161.98644207545112,-532.076616450113,161.98644207545112,-482.07661645011297,-33.722767857688865,150.67398922618344,-33.722767857688865,150.67452925873127
1785485402.9629486,step,161.98644196577413,-532.0766220771025,161.98644196577413,-482.07662207710246,-33.72276785768985,150.67398922612264,-33.72276785768985,150.6745292586705
1785485402.9668944,step,161.98644185486953,-532.076627683525,161.98644185486953,-482.076627683525,-33.72276785769085,150.6739892260621,-33.72276785769085,150.67452925860994
1785485402.9711525,step,161.98644174270362,-532.0766332694024,161.98644174270362,-482.07663326940235,-33.722767857691856,150.67398922600177,-33.722767857691856,150.6745292585496
1785485402.9750216,step,161.98644162924387,-532.0766388347577,161.98644162924387,-482.07663883475766,-33.72276785769288,150.67398922594165,-33.72276785769288,150.67452925848949
1785485402.9791656,step,161.98644151445646,-532.076644379614,161.98644151445646,-482.076644379614,-33.72276785769391,150.67398922588177,-33.72276785769391,150.6745292584296
1785485402.9828992,step,161.98644139830913,-532.0766499039955,161.98644139830913,-482.07664990399553,-33.72276785769495,150.6739892258221,-33.72276785769495,150.67452925836994
1785485402.986975,step,161.98644128076938,-532.076655407928,161.98644128076938,-482.076655407928,-33.722767857696006,150.67398922576265,-33.722767857696006,150.67452925831049
1785485402.9909678,step,161.98644116180327,-532.0766608914357,161.98644116180327,-482.0766608914357,-33.72276785769708,150.67398922570342,-33.72276785769708,150.67452925825128
1785485402.994695,step,161.98644104137728,-532.0766663545431,161.98644104137728,-482.07666635454314,-33.72276785769816,150.67398922564442,-33.72276785769816,150.67452925819225
1785485402.9986405,step,161.98644091945803,-532.0766717972756,161.98644091945803,-482.0766717972756,-33.72276785769925,150.67398922558564,-33.72276785769925,150.67452925813348
1785485403.0028973,step,161.9864407960139,-532.0766772196602,161.9864407960139,-482.07667721966016,-33.72276785770036,150.67398922552707,-33.72276785770036,150.67452925807493
1785485403.006849,step,161.98644067101088,-532.0766826217214,161.98644067101088,-482.0766826217214,-33.722767857701484,150.67398922546872,-33.722767857701484,150.67452925801658
1785485403.0107653,step,161.986440544416,-532.0766880034862,161.986440544416,-482.0766880034862,-33.72276785770262,150.6739892254106,-33.72276785770262,150.67452925795845
1785485403.0149617,step,161.98644041619735,-532.0766933649826,161.98644041619735,-482.0766933649826,-33.72276785770377,150.6739892253527,-33.72276785770377,150.67452925790053
1785485403.0188205,step,161.9864402863217,-532.0766987062376,161.9864402863217,-482.0766987062376,-33.72276785770494,150.673989225295,-33.72276785770494,150.67452925784283
1785485403.022908,step,161.98644015475716,-532.07670402728,161.98644015475716,-482.07670402728,-33.722767857706124,150.67398922523753,-33.722767857706124,150.67452925778537
1785485403.0274093,step,161.98644002147125,-532.0767093281386,161.98644002147125,-482.0767093281386,-33.72276785770732,150.6739892251803,-33.72276785770732,150.67452925772812
1785485403.0311377,step,161.98643988643016,-532.0767146088402,161.98643988643016,-482.07671460884023,-33.72276785770853,150.67398922512325,-33.72276785770853,150.67452925767108
1785485403.034919,step,161.98643974960208,-532.0767198694138,161.98643974960208,-482.07671986941375,-33.72276785770976,150.67398922506644,-33.72276785770976,150.67452925761427
1785485403.0388496,step,161.98643961095487,-532.0767251098894,161.98643961095487,-482.07672510988937,-33.722767857711005,150.67398922500982,-33.722767857711005,150.67452925755768
1785485403.0429776,step,161.98643947045727,-532.0767303302966,161.98643947045727,-482.07673033029664,-33.72276785771227,150.67398922495343,-33.72276785771227,150.6745292575013
1785485403.0469606,step,161.98643932807576,-532.0767355306639,161.98643932807576,-482.0767355306639,-33.72276785771355,150.67398922489727,-33.72276785771355,150.67452925744513
1785485403.0508764,step,161.98643918377877,-532.0767407110221,161.98643918377877,-482.0767407110221,-33.72276785771484,150.67398922484134,-33.72276785771484,150.67452925738917
1785485403.0547833,step,161.9864390375334,-532.0767458714008,161.9864390375334,-482.0767458714008,-33.72276785771616,150.6739892247856,-33.72276785771616,150.67452925733343
1785485403.0590744,step,161.98643888930835,-532.0767510118312,161.98643888930835,-482.0767510118312,-33.72276785771749,150.67398922473006,-33.72276785771749,150.6745292572779
1785485403.062798,step,161.9864387390703,-532.0767561323436,161.9864387390703,-482.0767561323436,-33.722767857718836,150.67398922467476,-33.722767857718836,150.67452925722262
1785485403.0669274,step,161.98643858678872,-532.0767612329709,161.98643858678872,-482.07676123297085,-33.72276785772021,150.67398922461967,-33.72276785772021,150.6745292571675
1785485403.0709057,step,161.98643843243198,-532.0767663137458,161.98643843243198,-482.0767663137458,-33.72276785772159,150.6739892245648,-33.72276785772159,150.67452925711265
1785485403.0755417,step,161.98643827596769,-532.0767713746986,161.98643827596769,-482.07677137469864,-33.722767857723,150.67398922451014,-33.722767857723,150.67452925705797
1785485403.0800338,step,161.98643811736463,-532.076776415862,161.98643811736463,-482.076776415862,-33.72276785772442,150.67398922445568,-33.72276785772442,150.67452925700354
1785485403.083657,step,161.98643795659046,-532.0767814372681,161.98643795659046,-482.0767814372681,-33.72276785772587,150.67398922440145,-33.72276785772587,150.67452925694928
1785485403.086988,step,161.98643779361407,-532.0767864389494,161.98643779361407,-482.0767864389494,-33.722767857727334,150.67398922434742,-33.722767857727334,150.67452925689528
1785485403.090779,step,161.986437628404,-532.0767914209393,161.986437628404,-482.07679142093934,-33.72276785772882,150.67398922429362,-33.72276785772882,150.67452925684145
1785485403.095295,step,161.9864374609284,-532.0767963832707,161.9864374609284,-482.0767963832707,-33.72276785773032,150.67398922424002,-33.72276785773032,150.67452925678788
1785485403.0992396,step,161.98643729115554,-532.0768013259765,161.98643729115554,-482.0768013259765,-33.722767857731846,150.67398922418664,-33.722767857731846,150.67452925673447
1785485403.1029005,step,161.98643711905427,-532.07680624909,161.98643711905427,-482.07680624909005,-33.722767857733395,150.67398922413346,-33.722767857733395,150.67452925668132
1785485403.1069577,step,161.98643694459503,-532.0768111526476,161.98643694459503,-482.07681115264756,-33.72276785773496,150.67398922408051,-33.72276785773496,150.67452925662835
1785485403.1115394,step,161.98643676774606,-532.076816036682,161.98643676774606,-482.076816036682,-33.72276785773655,150.67398922402776,-33.72276785773655,150.6745292565756
1785485403.1153514,step,161.98643658847675,-532.0768209012275,161.98643658847675,-482.0768209012275,-33.722767857738155,150.6739892239752,-33.722767857738155,150.67452925652307
1785485403.1193287,step,161.9864364067559,-532.0768257463187,161.9864364067559,-482.0768257463187,-33.72276785773979,150.6739892239229,-33.72276785773979,150.67452925647072
1785485403.1232803,step,161.98643622255204,-532.0768305719895,161.98643622255204,-482.0768305719895,-33.722767857741445,150.67398922387076,-33.722767857741445,150.67452925641862
1785485403.1273475,step,161.98643603583375,-532.0768353782742,161.98643603583375,-482.07683537827415,-33.72276785774312,150.67398922381886,-33.72276785774312,150.6745292563667
1785485403.131605,step,161.98643584657134,-532.0768401652086,161.98643584657134,-482.07684016520864,-33.72276785774482,150.67398922376717,-33.72276785774482,150.674529256315
1785485403.1355696,step,161.98643565473523,-532.0768449328299,161.98643565473523,-482.0768449328299,-33.72276785774655,150.67398922371567,-33.72276785774655,150.6745292562635
1785485403.139794,step,161.98643546029498,-532.0768496811734,161.98643546029498,-482.07684968117337,-33.722767857748295,150.67398922366436,-33.722767857748295,150.67452925621222
1785485403.1432025,step,161.98643526322033,-532.0768544102747,161.98643526322033,-482.0768544102747,-33.722767857750064,150.6739892236133,-33.722767857750064,150.67452925616115
1785485403.1472237,step,161.986435063481,-532.0768591201692,161.986435063481,-482.07685912016916,-33.722767857751855,150.67398922356242,-33.722767857751855,150.67452925611028
1785485403.1510808,step,161.98643486104658,-532.0768638108929,161.98643486104658,-482.07686381089286,-33.722767857753674,150.67398922351177,-33.722767857753674,150.6745292560596
1785485403.1548219,step,161.9864346558874,-532.076868482483,161.9864346558874,-482.07686848248295,-33.72276785775552,150.67398922346132,-33.72276785775552,150.67452925600915
1785485403.1587908,step,161.98643444797403,-532.0768731349762,161.98643444797403,-482.07687313497615,-33.72276785775739,150.67398922341107,-33.72276785775739,150.6745292559589
1785485403.1629272,step,161.98643423727722,-532.0768777684091,161.98643423727722,-482.0768777684091,-33.72276785775928,150.67398922336102,-33.72276785775928,150.67452925590885
1785485403.1668994,step,161.9864340237672,-532.0768823828192,161.9864340237672,-482.07688238281924,-33.7227678577612,150.67398922331117,-33.7227678577612,150.67452925585903
1785485403.1710742,step,161.98643380741444,-532.0768869782423,161.98643380741444,-482.0768869782423,-33.72276785776314,150.67398922326154,-33.72276785776314,150.67452925580938
1785485403.174808,step,161.98643358818828,-532.0768915547145,161.98643358818828,-482.0768915547145,-33.72276785776511,150.67398922321212,-33.72276785776511,150.67452925575995
1785485403.179237,step,161.9864333660611,-532.0768961122752,161.9864333660611,-482.0768961122752,-33.7227678577671,150.6739892231629,-33.7227678577671,150.67452925571072
1785485403.182981,step,161.98643314100354,-532.0769006509612,161.98643314100354,-482.0769006509612,-33.72276785776913,150.67398922311386,-33.72276785776913,150.67452925566172
1785485403.1869926,step,161.9864329129852,-532.0769051708094,161.9864329129852,-482.07690517080937,-33.722767857771174,150.67398922306506,-33.722767857771174,150.6745292556129
1785485403.190784,step,161.98643268197858,-532.0769096718589,161.98643268197858,-482.07690967185886,-33.72276785777325,150.67398922301643,-33.72276785777325,150.67452925556427
1785485403.1951334,step,161.98643244795386,-532.0769141541472,161.98643244795386,-482.0769141541472,-33.72276785777535,150.67398922296803,-33.72276785777535,150.67452925551586
1785485403.1990473,step,161.98643221088446,-532.0769186177131,161.98643221088446,-482.0769186177131,-33.722767857777484,150.67398922291983,-33.722767857777484,150.67452925546766
1785485403.2028363,step,161.98643197073977,-532.0769230625936,161.98643197073977,-482.07692306259355,-33.72276785777964,150.6739892228718,-33.72276785777964,150.67452925541966
1785485403.2075036,step,161.98643172749289,-532.076927488828,161.98643172749289,-482.076927488828,-33.722767857781825,150.673989222824,-33.722767857781825,150.67452925537185
1785485403.2113602,step,161.98643148111546,-532.0769318964542,161.98643148111546,-482.0769318964542,-33.722767857784035,150.67398922277638,-33.722767857784035,150.67452925532425
1785485403.2154028,step,161.98643123157856,-532.0769362855109,161.98643123157856,-482.0769362855109,-33.72276785778628,150.673989222729,-33.72276785778628,150.67452925527684
1785485403.2192783,step,161.98643097885528,-532.0769406560364,161.98643097885528,-482.0769406560364,-33.72276785778855,150.6739892226818,-33.72276785778855,150.67452925522963
1785485403.2235053,step,161.98643072291637,-532.0769450080676,161.98643072291637,-482.0769450080676,-33.72276785779085,150.6739892226348,-33.72276785779085,150.67452925518262
1785485403.226979,step,161.98643046373425,-532.0769493416439,161.98643046373425,-482.07694934164385,-33.72276785779318,150.67398922258798,-33.72276785779318,150.6745292551358
1785485403.2311416,step,161.98643020128273,-532.0769536568059,161.98643020128273,-482.0769536568059,-33.72276785779553,150.67398922254137,-33.72276785779553,150.67452925508923
1785485403.235092,step,161.98642993553383,-532.0769579535925,161.98642993553383,-482.07695795359245,-33.72276785779792,150.67398922249495,-33.72276785779792,150.6745292550428
1785485403.2388492,step,161.98642966646028,-532.0769622320422,161.98642966646028,-482.0769622320422,-33.72276785780034,150.67398922244874,-33.72276785780034,150.6745292549966
1785485403.2427008,step,161.98642939403473,-532.0769664921941,161.98642939403473,-482.07696649219406,-33.722767857802786,150.67398922240275,-33.722767857802786,150.67452925495058
1785485403.2475212,step,161.9864291182302,-532.0769707340868,161.9864291182302,-482.0769707340868,-33.722767857805266,150.67398922235694,-33.722767857805266,150.67452925490477
1785485403.250796,step,161.98642883902045,-532.0769749577605,161.98642883902045,-482.0769749577605,-33.722767857807774,150.67398922231132,-33.722767857807774,150.67452925485915
1785485403.2547479,step,161.98642855637794,-532.0769791632533,161.98642855637794,-482.0769791632533,-33.72276785781031,150.67398922226587,-33.72276785781031,150.67452925481373
1785485403.2594264,step,161.9864282702778,-532.0769833506067,161.9864282702778,-482.0769833506067,-33.72276785781288,150.67398922222065,-33.72276785781288,150.6745292547685
1785485403.2634568,step,161.9864279806934,-532.0769875198603,161.9864279806934,-482.07698751986027,-33.722767857815484,150.67398922217563,-33.722767857815484,150.67452925472347
1785485403.2671819,step,161.9864276875991,-532.0769916710535,161.9864276875991,-482.0769916710535,-33.72276785781811,150.67398922213079,-33.72276785781811,150.67452925467865
1785485403.2709844,step,161.98642739096755,-532.0769958042248,161.98642739096755,-482.0769958042248,-33.72276785782078,150.67398922208616,-33.72276785782078,150.674529254634
1785485403.2748904,step,161.98642709077225,-532.0769999194124,161.98642709077225,-482.0769999194124,-33.72276785782348,150.6739892220417,-33.72276785782348,150.67452925458954
1785485403.2796564,step,161.9864267869884,-532.0770040166581,161.9864267869884,-482.07700401665807,-33.722767857826206,150.67398922199746,-33.722767857826206,150.6745292545453
1785485403.2834542,step,161.9864264795898,-532.0770080960008,161.9864264795898,-482.0770080960008,-33.72276785782897,150.6739892219534,-33.72276785782897,150.67452925450124
1785485403.287042,step,161.98642616855187,-532.0770121574809,161.98642616855187,-482.0770121574809,-33.72276785783176,150.67398922190952,-33.72276785783176,150.67452925445735
1785485403.291481,step,161.98642585384903,-532.077016201138,161.98642585384903,-482.077016201138,-33.72276785783459,150.67398922186584,-33.72276785783459,150.6745292544137
1785485403.2963016,step,161.98642553545616,-532.0770202270116,161.98642553545616,-482.07702022701164,-33.72276785783745,150.67398922182238,-33.72276785783745,150.6745292543702
1785485403.29982,step,161.9864252133483,-532.0770242351418,161.9864252133483,-482.07702423514183,-33.722767857840346,150.67398922177907,-33.722767857840346,150.67452925432693
1785485403.3039877,step,161.98642488750022,-532.0770282255681,161.98642488750022,-482.07702822556814,-33.722767857843266,150.67398922173598,-33.722767857843266,150.6745292542838
1785485403.307413,step,161.9864245578879,-532.0770321983312,161.9864245578879,-482.07703219833115,-33.72276785784623,150.67398922169306,-33.72276785784623,150.67452925424092
1785485403.3116186,step,161.98642422448629,-532.0770361534705,161.98642422448629,-482.07703615347054,-33.72276785784923,150.67398922165034,-33.72276785784923,150.6745292541982
1785485403.3151317,step,161.98642388727094,-532.0770400910258,161.98642388727094,-482.07704009102576,-33.722767857852254,150.67398922160783,-33.722767857852254,150.67452925415566
1785485403.3190153,step,161.98642354621785,-532.0770440110373,161.98642354621785,-482.0770440110373,-33.72276785785532,150.67398922156548,-33.72276785785532,150.67452925411334
1785485403.3229163,step,161.98642320130247,-532.0770479135442,161.98642320130247,-482.0770479135442,-33.722767857858415,150.67398922152333,-33.722767857858415,150.6745292540712
1785485403.327224,step,161.98642285250062,-532.0770517985861,161.98642285250062,-482.0770517985861,-33.72276785786155,150.67398922148138,-33.72276785786155,150.6745292540292
1785485403.331268,step,161.98642249978911,-532.0770556662037,161.98642249978911,-482.0770556662037,-33.72276785786472,150.6739892214396,-33.72276785786472,150.67452925398746
1785485403.3351026,step,161.98642214314395,-532.0770595164356,161.98642214314395,-482.0770595164356,-33.72276785786792,150.67398922139802,-33.72276785786792,150.67452925394585
1785485403.339005,step,161.98642178254184,-532.0770633493228,161.98642178254184,-482.07706334932277,-33.72276785787116,150.67398922135663,-33.72276785787116,150.67452925390447
1785485403.3429246,step,161.98642141795955,-532.0770671649045,161.98642141795955,-482.0770671649045,-33.72276785787444,150.67398922131542,-33.72276785787444,150.67452925386326
1785485403.3469641,step,161.9864210493738,-532.0770709632211,161.9864210493738,-482.0770709632211,-33.72276785787775,150.67398922127438,-33.72276785787775,150.67452925382221
1785485403.3511326,step,161.9864206767617,-532.077074744312,161.9864206767617,-482.077074744312,-33.722767857881095,150.67398922123354,-33.722767857881095,150.6745292537814
1785485403.3549488,step,161.98642030010046,-532.0770785082173,161.98642030010046,-482.07707850821726,-33.72276785788448,150.6739892211929,-33.72276785788448,150.67452925374073
1785485403.3593335,step,161.98641991936714,-532.0770822549756,161.98641991936714,-482.0770822549756,-33.722767857887895,150.67398922115242,-33.722767857887895,150.67452925370026
1785485403.3629055,step,161.98641953453924,-532.0770859846265,161.98641953453924,-482.0770859846265,-33.722767857891355,150.67398922111215,-33.722767857891355,150.67452925365998
1785485403.367406,step,161.9864191455953,-532.0770896972105,161.9864191455953,-482.07708969721045,-33.72276785789485,150.67398922107205,-33.72276785789485,150.67452925361988
1785485403.370991,step,161.98641875251252,-532.0770933927676,161.98641875251252,-482.07709339276755,-33.72276785789838,150.67398922103214,-33.72276785789838,150.67452925357998
1785485403.3750372,step,161.98641835526868,-532.0770970713365,161.98641835526868,-482.07709707133654,-33.72276785790195,150.6739892209924,-33.72276785790195,150.67452925354024
1785485403.3789825,step,161.98641795384253,-532.0771007329579,161.98641795384253,-482.0771007329579,-33.72276785790555,150.67398922095285,-33.72276785790555,150.6745292535007
1785485403.3829846,step,161.98641754821256,-532.0771043776713,161.98641754821256,-482.0771043776713,-33.7227678579092,150.67398922091348,-33.7227678579092,150.67452925346132
1785485403.3871057,step,161.98641713835664,-532.0771080055146,161.98641713835664,-482.07710800551456,-33.72276785791288,150.67398922087432,-33.72276785791288,150.67452925342215
1785485403.390906,step,161.98641672425452,-532.0771116165292,161.98641672425452,-482.07711161652924,-33.7227678579166,150.6739892208353,-33.7227678579166,150.67452925338316
1785485403.3949342,step,161.9864163058844,-532.0771152107535,161.9864163058844,-482.0771152107535,-33.72276785792036,150.67398922079647,-33.72276785792036,150.67452925334433
1785485403.399172,step,161.98641588322496,-532.0771187882276,161.98641588322496,-482.0771187882276,-33.722767857924154,150.67398922075785,-33.722767857924154,150.67452925330568
1785485403.4029217,step,161.98641545625583,-532.0771223489904,161.98641545625583,-482.07712234899043,-33.72276785792799,150.6739892207194,-33.72276785792799,150.67452925326722
1785485403.4069135,step,161.98641502495582,-532.07712589308,161.98641502495582,-482.07712589308005,-33.72276785793186,150.6739892206811,-33.72276785793186,150.67452925322894
1785485403.4108891,step,161.9864145893047,-532.0771294205373,161.9864145893047,-482.0771294205373,-33.72276785793578,150.67398922064302,-33.72276785793578,150.67452925319085
1785485403.4148326,step,161.98641414928252,-532.0771329314009,161.98641414928252,-482.0771329314009,-33.72276785793973,150.67398922060508,-33.72276785793973,150.67452925315294
1785485403.4189048,step,161.98641370486902,-532.0771364257107,161.98641370486902,-482.0771364257107,-33.72276785794372,150.67398922056734,-33.72276785794372,150.6745292531152
1785485403.42296,step,161.9864132560435,-532.0771399035052,161.9864132560435,-482.0771399035052,-33.72276785794776,150.6739892205298,-33.72276785794776,150.67452925307762
1785485403.4270086,step,161.9864128027862,-532.0771433648235,161.9864128027862,-482.07714336482354,-33.72276785795183,150.6739892204924,-33.72276785795183,150.67452925304025
1785485403.4309156,step,161.98641234507727,-532.077146809704,161.98641234507727,-482.077146809704,-33.72276785795594,150.67398922045518,-33.72276785795594,150.67452925300304
1785485403.4349408,step,161.98641188289696,-532.0771502381868,161.98641188289696,-482.07715023818685,-33.72276785796009,150.67398922041818,-33.72276785796009,150.674529252966
1785485403.4385705,step,161.9864114162259,-532.0771536503107,161.9864114162259,-482.0771536503107,-33.722767857964286,150.67398922038132,-33.722767857964286,150.67452925292915
1785485403.4429126,step,161.98641094504455,-532.0771570461142,161.98641094504455,-482.07715704611417,-33.72276785796851,150.67398922034462,-33.72276785796851,150.67452925289248
1785485403.4474554,step,161.98641046933355,-532.0771604256345,161.98641046933355,-482.0771604256345,-33.72276785797279,150.67398922030813,-33.72276785797279,150.67452925285596
1785485403.451111,step,161.98640998907348,-532.0771637889111,161.98640998907348,-482.0771637889111,-33.722767857977104,150.6739892202718,-33.722767857977104,150.67452925281964
1785485403.4554784,step,161.98640950424598,-532.077167135983,161.98640950424598,-482.077167135983,-33.72276785798146,150.67398922023565,-33.72276785798146,150.6745292527835
1785485403.4601529,step,161.98640901483225,-532.0771704668888,161.98640901483225,-482.0771704668888,-33.72276785798586,150.67398922019967,-33.72276785798586,150.67452925274753
1785485403.463125,step,161.98640852081283,-532.0771737816658,161.98640852081283,-482.0771737816658,-33.72276785799029,150.6739892201639,-33.72276785799029,150.67452925271172
1785485403.467095,step,161.98640802216977,-532.0771770803531,161.98640802216977,-482.07717708035307,-33.722767857994775,150.67398922012825,-33.722767857994775,150.67452925267608
1785485403.4717054,step,161.98640751888436,-532.0771803629881,161.98640751888436,-482.0771803629881,-33.722767857999294,150.6739892200928,-33.722767857999294,150.67452925264064
1785485403.4756305,step,161.98640701093842,-532.0771836296093,161.98640701093842,-482.0771836296093,-33.722767858003856,150.6739892200575,-33.722767858003856,150.67452925260537
1785485403.4792094,step,161.9864064983135,-532.0771868802542,161.9864064983135,-482.0771868802542,-33.72276785800846,150.6739892200224,-33.72276785800846,150.67452925257024
1785485403.4830894,step,161.98640598099195,-532.0771901149612,161.98640598099195,-482.07719011496124,-33.72276785801311,150.67398921998748,-33.72276785801311,150.6745292525353
1785485403.486953,step,161.98640545895594,-532.0771933337682,161.98640545895594,-482.07719333376815,-33.7227678580178,150.67398921995272,-33.7227678580178,150.67452925250055
1785485403.4916089,step,161.98640493218738,-532.077196536712,161.98640493218738,-482.077196536712,-33.72276785802253,150.6739892199181,-33.72276785802253,150.67452925246596
1785485403.4952455,step,161.98640440066916,-532.0771997238312,161.98640440066916,-482.0771997238312,-33.722767858027304,150.67398921988368,-33.722767858027304,150.67452925243154
1785485403.4999688,step,161.98640386438382,-532.0772028951636,161.98640386438382,-482.0772028951636,-33.72276785803212,150.67398921984943,-33.72276785803212,150.67452925239726
1785485403.503687,step,161.98640332331482,-532.0772060507477,161.98640332331482,-482.0772060507477,-33.72276785803698,150.67398921981535,-33.72276785803698,150.6745292523632
1785485403.5072143,step,161.98640277744516,-532.0772091906198,161.98640277744516,-482.0772091906198,-33.722767858041884,150.67398921978145,-33.722767858041884,150.67452925232928
1785485403.5112047,step,161.9864022267573,-532.0772123148174,161.9864022267573,-482.0772123148174,-33.722767858046836,150.6739892197477,-33.722767858046836,150.67452925229554
1785485403.5149567,step,161.98640167123483,-532.0772154233771,161.98640167123483,-482.0772154233771,-33.722767858051824,150.67398921971412,-33.722767858051824,150.67452925226198
1785485403.5191226,step,161.98640111086127,-532.0772185163368,161.98640111086127,-482.07721851633676,-33.722767858056855,150.67398921968072,-33.722767858056855,150.67452925222855
1785485403.5231268,step,161.98640054562077,-532.077221593735,161.98640054562077,-482.077221593735,-33.722767858061935,150.67398921964747,-33.722767858061935,150.67452925219533
1785485403.5270188,step,161.98639997549606,-532.0772246556063,161.98639997549606,-482.0772246556063,-33.72276785806706,150.6739892196144,-33.72276785806706,150.67452925216224
1785485403.5311735,step,161.98639940047107,-532.0772277019884,161.98639940047107,-482.07722770198836,-33.722767858072224,150.6739892195815,-33.722767858072224,150.67452925212933
1785485403.5354269,step,161.98639882053078,-532.0772307329191,161.98639882053078,-482.07723073291913,-33.72276785807743,150.67398921954876,-33.72276785807743,150.67452925209662
1785485403.5390055,step,161.98639823565895,-532.0772337484348,161.98639823565895,-482.07723374843476,-33.72276785808268,150.6739892195162,-33.72276785808268,150.67452925206405
1785485403.5431144,step,161.98639764583916,-532.0772367485708,161.98639764583916,-482.07723674857084,-33.722767858087984,150.6739892194838,-33.722767858087984,150.67452925203165
1785485403.546955,step,161.98639705105722,-532.0772397333652,161.98639705105722,-482.0772397333652,-33.72276785809333,150.67398921945156,-33.72276785809333,150.6745292519994
1785485403.5509806,step,161.98639645129745,-532.0772427028544,161.98639645129745,-482.0772427028544,-33.72276785809871,150.6739892194195,-33.72276785809871,150.67452925196733
1785485403.5549374,step,161.98639584654384,-532.0772456570736,161.98639584654384,-482.0772456570736,-33.72276785810415,150.67398921938758,-33.72276785810415,150.6745292519354
1785485403.5591686,step,161.9863952367818,-532.0772485960592,161.9863952367818,-482.07724859605923,-33.72276785810963,150.67398921935583,-33.72276785810963,150.67452925190366
1785485403.5632982,step,161.98639462199642,-532.0772515198471,161.98639462199642,-482.0772515198471,-33.72276785811515,150.67398921932426,-33.72276785811515,150.6745292518721
1785485403.5669858,step,161.98639400217326,-532.0772544284729,161.98639400217326,-482.0772544284729,-33.72276785812072,150.67398921929285,-33.72276785812072,150.67452925184068
1785485403.570862,step,161.98639337729702,-532.0772573219725,161.98639337729702,-482.0772573219725,-33.72276785812633,150.67398921926159,-33.72276785812633,150.67452925180942
1785485403.5754418,step,161.98639274735424,-532.0772602003819,161.98639274735424,-482.07726020038194,-33.72276785813199,150.6739892192305,-33.72276785813199,150.67452925177835
1785485403.5792487,step,161.98639211232975,-532.0772630637366,161.98639211232975,-482.0772630637366,-33.72276785813769,150.67398921919957,-33.72276785813769,150.67452925174743
1785485403.583858,step,161.98639147220985,-532.0772659120729,161.98639147220985,-482.0772659120729,-33.72276785814344,150.67398921916882,-33.72276785814344,150.67452925171665
1785485403.5873852,step,161.98639082698045,-532.0772687454264,161.98639082698045,-482.0772687454264,-33.72276785814924,150.6739892191382,-33.72276785814924,150.67452925168604
1785485403.591184,step,161.98639017662845,-532.0772715638332,161.98639017662845,-482.07727156383316,-33.72276785815508,150.67398921910777,-33.72276785815508,150.6745292516556
1785485403.5954156,step,161.98638952114013,-532.0772743673278,161.98638952114013,-482.07727436732785,-33.72276785816097,150.6739892190775,-33.72276785816097,150.67452925162533
1785485403.5993135,step,161.986388860502,-532.0772771559463,161.986388860502,-482.07727715594626,-33.722767858166904,150.67398921904737,-33.722767858166904,150.6745292515952
1785485403.6029983,step,161.98638819470116,-532.0772799297237,161.98638819470116,-482.07727992972366,-33.72276785817289,150.67398921901741,-33.72276785817289,150.67452925156525
1785485403.6068692,step,161.98638752372466,-532.0772826886949,161.98638752372466,-482.07728268869494,-33.72276785817891,150.6739892189876,-33.72276785817891,150.67452925153546
1785485403.6109736,step,161.98638684755957,-532.0772854328965,161.98638684755957,-482.0772854328965,-33.72276785818499,150.67398921895798,-33.72276785818499,150.67452925150582
1785485403.6146274,step,161.98638616619348,-532.0772881623624,161.98638616619348,-482.0772881623624,-33.722767858191105,150.67398921892848,-33.722767858191105,150.67452925147634
1785485403.6190226,step,161.98638547961346,-532.0772908771277,161.98638547961346,-482.07729087712767,-33.72276785819727,150.67398921889918,-33.72276785819727,150.674529251447
1785485403.6231563,step,161.98638478780722,-532.0772935772272,161.98638478780722,-482.07729357722724,-33.72276785820349,150.67398921887002,-33.72276785820349,150.67452925141785
1785485403.6268845,step,161.98638409076318,-532.0772962626966,161.98638409076318,-482.07729626269656,-33.72276785820975,150.673989218841,-33.72276785820975,150.67452925138883
1785485403.6308908,step,161.986383388469,-532.0772989335712,161.986383388469,-482.0772989335712,-33.72276785821606,150.67398921881215,-33.72276785821606,150.67452925135998
1785485403.6348457,step,161.98638268091358,-532.0773015898853,161.98638268091358,-482.07730158988534,-33.72276785822242,150.67398921878348,-33.72276785822242,150.6745292513313
1785485403.6391387,step,161.98638196808517,-532.0773042316741,161.98638196808517,-482.07730423167413,-33.72276785822882,150.67398921875494,-33.72276785822882,150.67452925130277
1785485403.6430802,step,161.98638124997225,-532.0773068589717,161.98638124997225,-482.0773068589717,-33.72276785823527,150.67398921872655,-33.72276785823527,150.6745292512744
1785485403.6468468,step,161.98638052656412,-532.0773094718143,161.98638052656412,-482.07730947181426,-33.72276785824177,150.67398921869832,-33.72276785824177,150.67452925124618
1785485403.650869,step,161.98637979784982,-532.0773120702361,161.98637979784982,-482.0773120702361,-33.72276785824832,150.67398921867027,-33.72276785824832,150.6745292512181
1785485403.6547534,step,161.98637906381805,-532.0773146542712,161.98637906381805,-482.07731465427116,-33.72276785825491,150.67398921864236,-33.72276785825491,150.6745292511902
1785485403.6587722,step,161.98637832445877,-532.0773172239548,161.98637832445877,-482.07731722395476,-33.72276785826155,150.67398921861462,-33.72276785826155,150.67452925116245
1785485403.6628742,step,161.98637757976132,-532.077319779321,161.98637757976132,-482.077319779321,-33.72276785826824,150.673989218587,-33.72276785826824,150.67452925113486
1785485403.6668258,step,161.98637682971588,-532.0773223204048,161.98637682971588,-482.07732232040485,-33.72276785827498,150.67398921855957,-33.72276785827498,150.6745292511074
1785485403.671447,step,161.98637607431164,-532.0773248472404,161.98637607431164,-482.07732484724045,-33.72276785828176,150.67398921853228,-33.72276785828176,150.67452925108012
1785485403.6748533,step,161.98637531353864,-532.0773273598616,161.98637531353864,-482.07732735986156,-33.7227678582886,150.67398921850514,-33.7227678582886,150.67452925105297
1785485403.679492,step,161.98637454738716,-532.0773298583026,161.98637454738716,-482.0773298583026,-33.72276785829548,150.67398921847814,-33.72276785829548,150.674529251026
1785485403.683126,step,161.98637377584774,-532.0773323425975,161.98637377584774,-482.0773323425975,-33.72276785830241,150.6739892184513,-33.72276785830241,150.67452925099917
1785485403.687297,step,161.98637299891055,-532.0773348127805,161.98637299891055,-482.07733481278046,-33.72276785830939,150.67398921842465,-33.72276785830939,150.67452925097248
1785485403.6915298,step,161.98637221656602,-532.0773372688849,161.98637221656602,-482.0773372688849,-33.722767858316416,150.6739892183981,-33.722767858316416,150.67452925094597
1785485403.6949875,step,161.98637142880608,-532.0773397109458,161.98637142880608,-482.0773397109458,-33.72276785832349,150.67398921837173,-33.72276785832349,150.6745292509196
1785485403.699478,step,161.98637063562091,-532.0773421389965,161.98637063562091,-482.0773421389965,-33.72276785833062,150.6739892183455,-33.72276785833062,150.67452925089336
1785485403.7033541,step,161.98636983700203,-532.0773445530721,161.98636983700203,-482.07734455307207,-33.7227678583378,150.67398921831943,-33.7227678583378,150.67452925086727
1785485403.7072232,step,161.9863690329414,-532.0773469532062,161.9863690329414,-482.0773469532062,-33.722767858345016,150.6739892182935,-33.722767858345016,150.67452925084135
1785485403.711144,step,161.9863682234298,-532.0773493394324,161.9863682234298,-482.07734933943243,-33.72276785835229,150.67398921826774,-33.72276785835229,150.6745292508156
1785485403.7149782,step,161.9863674084593,-532.0773517117844,161.9863674084593,-482.07735171178444,-33.72276785835961,150.67398921824213,-33.72276785835961,150.67452925078996
1785485403.7187755,step,161.9863665880213,-532.077354070296,161.9863665880213,-482.077354070296,-33.72276785836698,150.67398921821663,-33.72276785836698,150.6745292507645
1785485403.7231066,step,161.98636576210694,-532.0773564150002,161.98636576210694,-482.07735641500017,-33.7227678583744,150.6739892181913,-33.7227678583744,150.67452925073917
1785485403.7269137,step,161.98636493070939,-532.0773587459311,161.98636493070939,-482.07735874593106,-33.722767858381864,150.67398921816616,-33.722767858381864,150.674529250714
1785485403.7310042,step,161.98636409382064,-532.0773610631218,161.98636409382064,-482.07736106312177,-33.72276785838939,150.67398921814112,-33.72276785838939,150.67452925068895
1785485403.7349482,step,161.98636325143318,-532.0773633666067,161.98636325143318,-482.07736336660673,-33.722767858396956,150.67398921811625,-33.722767858396956,150.67452925066408
1785485403.7389286,step,161.98636240353915,-532.0773656564177,161.98636240353915,-482.07736565641767,-33.722767858404566,150.67398921809152,-33.722767858404566,150.67452925063935
1785485403.7428994,step,161.986361550132,-532.0773679325893,161.986361550132,-482.07736793258925,-33.72276785841223,150.67398921806694,-33.72276785841223,150.67452925061477
1785485403.7469625,step,161.98636069120468,-532.077370195155,161.98636069120468,-482.077370195155,-33.72276785841995,150.6739892180425,-33.72276785841995,150.67452925059033
1785485403.7508583,step,161.98635982674958,-532.0773724441481,161.98635982674958,-482.07737244414807,-33.722767858427716,150.6739892180182,-33.722767858427716,150.67452925056602
1785485403.754695,step,161.98635895676057,-532.0773746796021,161.98635895676057,-482.07737467960214,-33.72276785843553,150.67398921799406,-33.72276785843553,150.6745292505419
1785485403.7589455,step,161.986358081231,-532.0773769015505,161.986358081231,-482.07737690155045,-33.7227678584434,150.67398921797005,-33.7227678584434,150.6745292505179
1785485403.7628376,step,161.98635720015406,-532.0773791100266,161.98635720015406,-482.07737911002664,-33.72276785845131,150.6739892179462,-33.72276785845131,150.67452925049403
1785485403.7674732,step,161.9863563135232,-532.0773813050631,161.9863563135232,-482.0773813050631,-33.72276785845928,150.6739892179225,-33.72276785845928,150.67452925047033
1785485403.7712903,step,161.98635542133215,-532.0773834866923,161.98635542133215,-482.07738348669227,-33.72276785846729,150.67398921789894,-33.72276785846729,150.67452925044677
1785485403.7748837,step,161.98635452357377,-532.0773856549471,161.98635452357377,-482.0773856549471,-33.72276785847536,150.67398921787552,-33.72276785847536,150.67452925042335
1785485403.7789116,step,161.98635362024294,-532.077387809861,161.98635362024294,-482.07738780986097,-33.72276785848347,150.67398921785224,-33.72276785848347,150.67452925040007
1785485403.7829623,step,161.98635271133327,-532.0773899514667,161.98635271133327,-482.07738995146667,-33.722767858491636,150.6739892178291,-33.722767858491636,150.67452925037693
1785485403.7869492,step,161.9863517968387,-532.0773920797974,161.9863517968387,-482.0773920797974,-33.72276785849985,150.6739892178061,-33.72276785849985,150.67452925035397
1785485403.7909408,step,161.98635087675433,-532.0773941948866,161.98635087675433,-482.07739419488655,-33.722767858508114,150.6739892177833,-33.722767858508114,150.67452925033112
1785485403.7947652,step,161.98634995107435,-532.0773962967673,161.98634995107435,-482.07739629676735,-33.722767858516434,150.67398921776058,-33.722767858516434,150.6745292503084
1785485403.7994554,step,161.98634901979278,-532.0773983854715,161.98634901979278,-482.0773983854715,-33.7227678585248,150.673989217738,-33.7227678585248,150.67452925028584
1785485403.8028688,step,161.98634808290458,-532.0774004610331,161.98634808290458,-482.0774004610331,-33.72276785853321,150.6739892177156,-33.72276785853321,150.67452925026345
1785485403.8077512,step,161.98634714040426,-532.0774025234841,161.98634714040426,-482.0774025234841,-33.72276785854168,150.67398921769333,-33.72276785854168,150.67452925024116
1785485403.8113918,step,161.9863461922878,-532.0774045728579,161.9863461922878,-482.07740457285786,-33.7227678585502,150.6739892176712,-33.7227678585502,150.67452925021902
1785485403.8149052,step,161.98634523854997,-532.0774066091874,161.98634523854997,-482.0774066091874,-33.72276785855876,150.6739892176492,-33.72276785855876,150.67452925019703
1785485403.81978,step,161.9863442791848,-532.0774086325047,161.9863442791848,-482.07740863250467,-33.72276785856738,150.67398921762734,-33.72276785856738,150.67452925017517
1785485403.823025,step,161.98634331418896,-532.0774106428439,161.98634331418896,-482.0774106428439,-33.72276785857605,150.67398921760562,-33.72276785857605,150.67452925015345
1785485403.8270366,step,161.98634234355794,-532.0774126402383,161.98634234355794,-482.0774126402383,-33.722767858584774,150.67398921758405,-33.722767858584774,150.67452925013188
1785485403.8313487,step,161.98634136728649,-532.0774146247197,161.98634136728649,-482.0774146247197,-33.72276785859354,150.67398921756262,-33.72276785859354,150.67452925011045
1785485403.8348768,step,161.98634038537043,-532.0774165963219,161.98634038537043,-482.0774165963219,-33.72276785860236,150.67398921754133,-33.72276785860236,150.67452925008917
1785485403.839125,step,161.98633939780575,-532.0774185550771,161.98633939780575,-482.0774185550771,-33.722767858611235,150.67398921752016,-33.722767858611235,150.67452925006802
1785485403.8429453,step,161.98633840458766,-532.0774205010187,161.98633840458766,-482.07742050101865,-33.72276785862015,150.67398921749916,-33.72276785862015,150.674529250047
1785485403.8473132,step,161.98633740571302,-532.0774224341799,161.98633740571302,-482.0774224341799,-33.722767858629126,150.67398921747827,-33.722767858629126,150.67452925002613
1785485403.8510067,step,161.98633640117805,-532.0774243545937,161.98633640117805,-482.07742435459375,-33.72276785863815,150.67398921745752,-33.72276785863815,150.67452925000538
1785485403.8548405,step,161.98633539097813,-532.0774262622929,161.98633539097813,-482.0774262622929,-33.722767858647224,150.6739892174369,-33.722767858647224,150.67452924998477
1785485403.8589218,step,161.9863343751103,-532.0774281573111,161.9863343751103,-482.07742815731115,-33.722767858656354,150.67398921741645,-33.722767858656354,150.6745292499643
1785485403.8634148,step,161.9863333535708,-532.0774300396812,161.9863333535708,-482.0774300396812,-33.72276785866553,150.67398921739613,-33.72276785866553,150.67452924994396
1785485403.8672302,step,161.98633232635657,-532.0774319094367,161.98633232635657,-482.07743190943665,-33.72276785867476,150.67398921737592,-33.72276785867476,150.67452924992378
1785485403.8713243,step,161.98633129346504,-532.0774337666111,161.98633129346504,-482.0774337666111,-33.72276785868404,150.67398921735588,-33.72276785868404,150.6745292499037
1785485403.8749225,step,161.98633025489144,-532.0774356112365,161.98633025489144,-482.0774356112365,-33.722767858693366,150.67398921733596,-33.722767858693366,150.6745292498838
1785485403.8789606,step,161.98632921063304,-532.0774374433464,161.98632921063304,-482.0774374433464,-33.722767858702746,150.67398921731615,-33.722767858702746,150.674529249864
1785485403.8828785,step,161.9863281606869,-532.0774392629748,161.9863281606869,-482.07743926297485,-33.722767858712174,150.6739892172965,-33.722767858712174,150.67452924984434
1785485403.8873935,step,161.9863271050492,-532.077441070154,161.9863271050492,-482.077441070154,-33.72276785872166,150.67398921727698,-33.72276785872166,150.67452924982484
1785485403.8911374,step,161.98632604371767,-532.0774428649183,161.98632604371767,-482.07744286491834,-33.722767858731196,150.6739892172576,-33.722767858731196,150.67452924980546
1785485403.8953023,step,161.9863249766897,-532.0774446473007,161.9863249766897,-482.0774446473007,-33.72276785874078,150.67398921723836,-33.72276785874078,150.6745292497862
1785485403.8986137,step,161.9863239039621,-532.0774464173343,161.9863239039621,-482.0774464173343,-33.722767858750416,150.67398921721923,-33.722767858750416,150.6745292497671
1785485403.902923,step,161.98632282553342,-532.0774481750541,161.98632282553342,-482.0774481750541,-33.7227678587601,150.67398921720024,-33.7227678587601,150.6745292497481
1785485403.906712,step,161.98632174140008,-532.0774499204937,161.98632174140008,-482.0774499204937,-33.72276785876984,150.6739892171814,-33.72276785876984,150.67452924972923
1785485403.9110126,step,161.9863206515604,-532.0774516536866,161.9863206515604,-482.0774516536866,-33.72276785877963,150.67398921716267,-33.72276785877963,150.67452924971053
1785485403.914912,step,161.9863195560122,-532.0774533746675,161.9863195560122,-482.07745337466747,-33.722767858789474,150.67398921714408,-33.722767858789474,150.67452924969194
1785485403.9189713,step,161.98631845475316,-532.0774550834701,161.98631845475316,-482.0774550834701,-33.722767858799365,150.67398921712564,-33.722767858799365,150.67452924967347
1785485403.9230912,step,161.98631734778152,-532.0774567801291,161.98631734778152,-482.07745678012907,-33.72276785880931,150.6739892171073,-33.72276785880931,150.67452924965517
1785485403.9267254,step,161.98631623509442,-532.077458464678,161.98631623509442,-482.077458464678,-33.7227678588193,150.67398921708912,-33.7227678588193,150.67452924963695
1785485403.9309185,step,161.98631511669024,-532.0774601371513,161.98631511669024,-482.0774601371513,-33.72276785882935,150.67398921707107,-33.72276785882935,150.6745292496189
1785485403.9348867,step,161.98631399256763,-532.0774617975844,161.98631399256763,-482.0774617975844,-33.722767858839454,150.67398921705313,-33.722767858839454,150.67452924960097
1785485403.9388583,step,161.98631286272496,-532.077463446012,161.98631286272496,-482.07746344601196,-33.7227678588496,150.6739892170353,-33.7227678588496,150.67452924958314
1785485403.9433632,step,161.98631172716057,-532.0774650824687,161.98631172716057,-482.07746508246873,-33.722767858859804,150.67398921701763,-33.722767858859804,150.6745292495655
1785485403.9469452,step,161.98631058587262,-532.0774667069894,161.98631058587262,-482.0774667069894,-33.72276785887006,150.6739892170001,-33.72276785887006,150.67452924954793
1785485403.9509144,step,161.98630943886005,-532.0774683196091,161.98630943886005,-482.0774683196091,-33.72276785888036,150.67398921698268,-33.72276785888036,150.6745292495305
1785485403.9545963,step,161.9863082861216,-532.0774699203638,161.9863082861216,-482.0774699203638,-33.72276785889071,150.6739892169654,-33.72276785889071,150.67452924951323
1785485403.9587014,step,161.98630712765603,-532.0774715092884,161.98630712765603,-482.07747150928844,-33.72276785890112,150.67398921694823,-33.72276785890112,150.67452924949606
1785485403.9634047,step,161.98630596346274,-532.0774730864193,161.98630596346274,-482.07747308641933,-33.722767858911574,150.6739892169312,-33.722767858911574,150.67452924947904
1785485403.9672468,step,161.9863047935409,-532.0774746517925,161.9863047935409,-482.0774746517925,-33.72276785892209,150.6739892169143,-33.72276785892209,150.67452924946213
1785485403.9713278,step,161.98630361788892,-532.0774762054433,161.98630361788892,-482.0774762054433,-33.72276785893265,150.6739892168975,-33.72276785893265,150.67452924944536
1785485403.9751773,step,161.98630243650655,-532.0774777474084,161.98630243650655,-482.07747774740835,-33.72276785894326,150.67398921688084,-33.72276785894326,150.6745292494287
1785485403.979042,step,161.9863012493927,-532.0774792777241,161.9863012493927,-482.07747927772414,-33.72276785895392,150.67398921686433,-33.72276785895392,150.67452924941216
1785485403.9830472,step,161.98630005654692,-532.0774807964272,161.98630005654692,-482.07748079642715,-33.72276785896464,150.67398921684793,-33.72276785896464,150.67452924939576
1785485403.9868703,step,161.98629885796893,-532.0774823035543,161.98629885796893,-482.07748230355435,-33.72276785897541,150.67398921683164,-33.72276785897541,150.67452924937948
1785485403.990861,step,161.98629765365817,-532.077483799143,161.98629765365817,-482.077483799143,-33.722767858986224,150.6739892168155,-33.722767858986224,150.67452924936333
1785485403.9948897,step,161.986296443614,-532.0774852832296,161.986296443614,-482.07748528322963,-33.722767858997095,150.67398921679947,-33.722767858997095,150.6745292493473
1785485403.9989483,step,161.98629522783705,-532.0774867558531,161.98629522783705,-482.0774867558531,-33.722767859008016,150.67398921678355,-33.722767859008016,150.67452924933139
1785485404.002895,step,161.98629400632686,-532.0774882170505,161.98629400632686,-482.0774882170505,-33.72276785901899,150.67398921676778,-33.72276785901899,150.6745292493156
1785485404.0074043,step,161.9862927790839,-532.0774896668594,161.9862927790839,-482.0774896668594,-33.722767859030014,150.67398921675212,-33.722767859030014,150.67452924929995
1785485404.0108442,step,161.98629154610768,-532.0774911053172,161.98629154610768,-482.0774911053172,-33.72276785904109,150.67398921673657,-33.72276785904109,150.67452924928443
1785485404.0152223,step,161.9862903073985,-532.0774925324632,161.9862903073985,-482.0774925324632,-33.72276785905222,150.67398921672117,-33.72276785905222,150.674529249269
1785485404.0186172,step,161.98628906295716,-532.0774939483363,161.98628906295716,-482.07749394833627,-33.722767859063396,150.67398921670588,-33.722767859063396,150.6745292492537
1785485404.022461,step,161.98628781278316,-532.0774953529747,161.98628781278316,-482.07749535297467,-33.72276785907463,150.6739892166907,-33.72276785907463,150.67452924923853
1785485404.0270195,step,161.98628655687727,-532.0774967464173,161.98628655687727,-482.0774967464173,-33.722767859085906,150.67398921667564,-33.722767859085906,150.6745292492235
1785485404.0313132,step,161.98628529523978,-532.0774981287034,161.98628529523978,-482.0774981287034,-33.72276785909724,150.67398921666071,-33.72276785909724,150.67452924920858
1785485404.0358262,step,161.98628402787145,-532.0774994998727,161.98628402787145,-482.0774994998727,-33.72276785910863,150.6739892166459,-33.72276785910863,150.67452924919374
1785485404.0392284,step,161.9862827547729,-532.0775008599651,161.9862827547729,-482.0775008599651,-33.72276785912006,150.6739892166312,-33.72276785912006,150.67452924917907
1785485404.0438445,step,161.9862814759451,-532.0775022090218,161.9862814759451,-482.07750220902176,-33.72276785913155,150.67398921661666,-33.72276785913155,150.6745292491645
1785485404.047327,step,161.9862801913892,-532.0775035470828,161.9862801913892,-482.07750354708276,-33.72276785914309,150.6739892166022,-33.72276785914309,150.67452924915003
1785485404.051451,step,161.9862789011058,-532.0775048741882,161.9862789011058,-482.0775048741882,-33.72276785915468,150.67398921658787,-33.72276785915468,150.6745292491357
1785485404.0548325,step,161.98627760509657,-532.0775061903806,161.98627760509657,-482.07750619038063,-33.722767859166325,150.67398921657366,-33.722767859166325,150.6745292491215
1785485404.0592217,step,161.98627630336208,-532.0775074956997,161.98627630336208,-482.0775074956997,-33.72276785917802,150.67398921655956,-33.72276785917802,150.6745292491074
1785485404.063309,step,161.9862749959031,-532.0775087901876,161.9862749959031,-482.0775087901876,-33.722767859189766,150.67398921654558,-33.722767859189766,150.6745292490934
1785485404.067354,step,161.98627368272128,-532.0775100738854,161.98627368272128,-482.0775100738854,-33.72276785920156,150.6739892165317,-33.72276785920156,150.67452924907954
1785485404.0711288,step,161.9862723638184,-532.0775113468361,161.9862723638184,-482.0775113468361,-33.722767859213405,150.67398921651795,-33.722767859213405,150.67452924906578
1785485404.075015,step,161.98627103919537,-532.077512609082,161.98627103919537,-482.07751260908196,-33.72276785922531,150.6739892165043,-33.72276785922531,150.67452924905217
1785485404.0790958,step,161.9862697088538,-532.0775138606656,161.9862697088538,-482.0775138606656,-33.72276785923726,150.6739892164908,-33.72276785923726,150.67452924903864
1785485404.083588,step,161.9862683727949,-532.0775151016305,161.9862683727949,-482.0775151016305,-33.72276785924926,150.6739892164774,-33.72276785924926,150.67452924902526
1785485404.0874927,step,161.98626703102116,-532.0775163320197,161.98626703102116,-482.07751633201974,-33.72276785926131,150.67398921646412,-33.72276785926131,150.67452924901195
1785485404.0909555,step,161.98626568353325,-532.0775175518764,161.98626568353325,-482.07751755187644,-33.72276785927342,150.67398921645093,-33.72276785927342,150.67452924899877
1785485404.0949092,step,161.98626433033414,-532.0775187612458,161.98626433033414,-482.07751876124576,-33.722767859285575,150.6739892164379,-33.722767859285575,150.67452924898572
1785485404.0990498,step,161.98626297142508,-532.0775199601712,161.98626297142508,-482.07751996017123,-33.72276785929778,150.67398921642493,-33.72276785929778,150.67452924897276
1785485404.1029723,step,161.98626160680828,-532.0775211486979,161.98626160680828,-482.0775211486979,-33.72276785931004,150.67398921641208,-33.72276785931004,150.67452924895994
1785485404.1068377,step,161.98626023648578,-532.0775223268699,161.98626023648578,-482.07752232686994,-33.722767859322346,150.67398921639938,-33.722767859322346,150.6745292489472
1785485404.1114862,step,161.98625886045951,-532.0775234947332,161.98625886045951,-482.0775234947332,-33.72276785933471,150.67398921638676,-33.72276785933471,150.6745292489346
1785485404.115431,step,161.98625747873234,-532.0775246523336,161.98625747873234,-482.07752465233364,-33.72276785934712,150.67398921637425,-33.72276785934712,150.67452924892208
1785485404.1188958,step,161.98625609130588,-532.0775257997168,161.98625609130588,-482.0775257997168,-33.722767859359585,150.67398921636186,-33.722767859359585,150.6745292489097
1785485404.1230137,step,161.9862546981824,-532.0775269369288,161.9862546981824,-482.07752693692885,-33.7227678593721,150.67398921634958,-33.7227678593721,150.67452924889741
1785485404.1271799,step,161.9862532993643,-532.0775280640167,161.9862532993643,-482.07752806401675,-33.72276785938467,150.6739892163374,-33.72276785938467,150.67452924888525
1785485404.130959,step,161.98625189485384,-532.0775291810268,161.98625189485384,-482.07752918102676,-33.72276785939728,150.67398921632534,-33.72276785939728,150.67452924887317
1785485404.135099,step,161.98625048465408,-532.0775302880068,161.98625048465408,-482.07753028800676,-33.72276785940995,150.67398921631337,-33.72276785940995,150.67452924886123
1785485404.13922,step,161.98624906876742,-532.0775313850044,161.98624906876742,-482.07753138500436,-33.72276785942267,150.67398921630152,-33.72276785942267,150.67452924884938
1785485404.1429157,step,161.98624764719648,-532.077532472068,161.98624764719648,-482.077532472068,-33.722767859435436,150.67398921628978,-33.722767859435436,150.67452924883764
1785485404.1474807,step,161.98624621994395,-532.0775335492461,161.98624621994395,-482.07753354924614,-33.72276785944826,150.67398921627816,-33.72276785944826,150.674529248826
1785485404.1508722,step,161.98624478701254,-532.0775346165872,161.98624478701254,-482.0775346165872,-33.72276785946113,150.67398921626662,-33.72276785946113,150.67452924881448
1785485404.1548948,step,161.98624334840542,-532.077535674141,161.98624334840542,-482.077535674141,-33.722767859474054,150.6739892162552,-33.722767859474054,150.67452924880305
1785485404.1589947,step,161.9862419041257,-532.0775367219569,161.9862419041257,-482.0775367219569,-33.72276785948703,150.67398921624388,-33.72276785948703,150.67452924879174
1785485404.1630795,step,161.98624045417628,-532.077537760085,161.98624045417628,-482.07753776008497,-33.72276785950005,150.67398921623268,-33.72276785950005,150.67452924878052
1785485404.166921,step,161.98623899856025,-532.0775387885756,161.98623899856025,-482.07753878857557,-33.722767859513134,150.67398921622157,-33.722767859513134,150.6745292487694
1785485404.1712394,step,161.98623753728114,-532.0775398074794,161.98623753728114,-482.0775398074794,-33.72276785952626,150.67398921621057,-33.72276785952626,150.6745292487584
1785485404.1752145,step,161.98623607034153,-532.0775408168472,161.98623607034153,-482.0775408168472,-33.72276785953944,150.67398921619966,-33.72276785953944,150.6745292487475
1785485404.1793733,step,161.98623459774498,-532.0775418167309,161.98623459774498,-482.0775418167309,-33.72276785955266,150.67398921618886,-33.72276785955266,150.6745292487367
1785485404.1832325,step,161.98623311949396,-532.0775428071807,161.98623311949396,-482.07754280718075,-33.72276785956594,150.67398921617817,-33.72276785956594,150.674529248726
1785485404.1873384,step,161.98623163559245,-532.0775437882502,161.98623163559245,-482.0775437882502,-33.72276785957927,150.67398921616757,-33.72276785957927,150.6745292487154
1785485404.190884,step,161.98623014604283,-532.077544759991,161.98623014604283,-482.07754475999104,-33.72276785959265,150.67398921615708,-33.72276785959265,150.6745292487049
1785485404.1949782,step,161.98622865084988,-532.0775457224572,161.98622865084988,-482.0775457224572,-33.72276785960609,150.67398921614668,-33.72276785960609,150.6745292486945
1785485404.1990912,step,161.98622715001682,-532.0775466757016,161.98622715001682,-482.07754667570157,-33.722767859619566,150.6739892161364,-33.722767859619566,150.67452924868422
1785485404.2028475,step,161.98622564354628,-532.0775476197765,161.98622564354628,-482.0775476197765,-33.7227678596331,150.6739892161262,-33.7227678596331,150.67452924867402
1785485404.2075648,step,161.9862241314424,-532.0775485547365,161.9862241314424,-482.0775485547365,-33.72276785964668,150.6739892161161,-33.72276785964668,150.67452924866393
1785485404.2110398,step,161.98622261370883,-532.0775494806361,161.98622261370883,-482.0775494806361,-33.722767859660316,150.6739892161061,-33.722767859660316,150.67452924865393
1785485404.21539,step,161.98622109034898,-532.0775503975306,161.98622109034898,-482.07755039753056,-33.722767859674,150.67398921609617,-33.722767859674,150.67452924864403
1785485404.2190142,step,161.9862195613672,-532.077551305475,161.9862195613672,-482.077551305475,-33.722767859687735,150.67398921608637,-33.722767859687735,150.67452924863423
1785485404.223369,step,161.98621802676627,-532.0775522045246,161.98621802676627,-482.07755220452464,-33.72276785970152,150.67398921607668,-33.72276785970152,150.6745292486245
1785485404.2272425,step,161.98621648655015,-532.0775530947351,161.98621648655015,-482.0775530947351,-33.72276785971536,150.67398921606704,-33.72276785971536,150.6745292486149
1785485404.2313795,step,161.98621494072322,-532.0775539761635,161.98621494072322,-482.0775539761635,-33.722767859729245,150.67398921605752,-33.722767859729245,150.67452924860538
1785485404.2350197,step,161.98621338928882,-532.0775548488658,161.98621338928882,-482.0775548488658,-33.72276785974318,150.6739892160481,-33.72276785974318,150.67452924859595
1785485404.238746,step,161.98621183225103,-532.0775557128997,161.98621183225103,-482.07755571289965,-33.72276785975717,150.67398921603876,-33.72276785975717,150.67452924858662
1785485404.2431824,step,161.98621026961393,-532.0775565683228,161.98621026961393,-482.07755656832285,-33.7227678597712,150.67398921602953,-33.7227678597712,150.6745292485774
1785485404.2468069,step,161.98620870138134,-532.0775574151933,161.98620870138134,-482.07755741519327,-33.72276785978529,150.67398921602037,-33.72276785978529,150.67452924856823
1785485404.250833,step,161.9862071275576,-532.0775582535696,161.9862071275576,-482.0775582535696,-33.72276785979943,150.67398921601134,-33.72276785979943,150.67452924855917
1785485404.2550085,step,161.986205548147,-532.0775590835099,161.986205548147,-482.07755908350987,-33.72276785981362,150.67398921600238,-33.72276785981362,150.67452924855021
1785485404.2585726,step,161.98620396315278,-532.0775599050731,161.98620396315278,-482.07755990507314,-33.722767859827854,150.6739892159935,-33.722767859827854,150.67452924854135
1785485404.2624657,step,161.98620237257995,-532.0775607183197,161.98620237257995,-482.07756071831966,-33.72276785984214,150.6739892159847,-33.72276785984214,150.67452924853256
1785485404.267503,step,161.98620077643287,-532.0775615233097,161.98620077643287,-482.07756152330967,-33.72276785985648,150.673989215976,-33.72276785985648,150.67452924852387
1785485404.2714477,step,161.98619917471535,-532.0775623201038,161.98619917471535,-482.07756232010377,-33.72276785987087,150.67398921596742,-33.72276785987087,150.67452924851526
1785485404.2748082,step,161.98619756743193,-532.0775631087625,161.98619756743193,-482.07756310876255,-33.72276785988531,150.6739892159589,-33.72276785988531,150.67452924850673
1785485404.278868,step,161.9861959545864,-532.0775638893467,161.9861959545864,-482.0775638893467,-33.7227678598998,150.67398921595046,-33.7227678598998,150.67452924849832
1785485404.2834597,step,161.98619433618356,-532.077564661919,161.98619433618356,-482.07756466191904,-33.722767859914335,150.67398921594213,-33.722767859914335,150.67452924848996
1785485404.2868216,step,161.98619271222745,-532.0775654265407,161.98619271222745,-482.0775654265407,-33.72276785992893,150.67398921593386,-33.72276785992893,150.6745292484817
1785485404.2903345,step,161.98619108272229,-532.0775661832738,161.98619108272229,-482.0775661832738,-33.722767859943566,150.67398921592567,-33.722767859943566,150.67452924847353
1785485404.2949333,step,161.98618944767296,-532.0775669321815,161.98618944767296,-482.0775669321815,-33.72276785995825,150.6739892159176,-33.72276785995825,150.67452924846543
1785485404.2989347,step,161.98618780708344,-532.0775676733272,161.98618780708344,-482.07756767332717,-33.72276785997299,150.6739892159096,-33.72276785997299,150.67452924845745
1785485404.302726,step,161.9861861609594,-532.0775684067753,161.9861861609594,-482.0775684067753,-33.722767859987776,150.67398921590168,-33.722767859987776,150.67452924844952
1785485404.3062382,step,161.98618450930474,-532.0775691325899,161.98618450930474,-482.07756913258993,-33.72276786000261,150.67398921589384,-33.72276786000261,150.67452924844167
1785485404.3104289,step,161.98618285212478,-532.0775698508361,161.98618285212478,-482.0775698508361,-33.7227678600175,150.67398921588608,-33.7227678600175,150.6745292484339
1785485404.3154757,step,161.9861811894242,-532.0775705615787,161.9861811894242,-482.0775705615787,-33.722767860032434,150.6739892158784,-33.722767860032434,150.67452924842624
1785485404.3191385,step,161.98617952120802,-532.0775712648841,161.98617952120802,-482.0775712648841,-33.72276786004742,150.6739892158708,-33.72276786004742,150.67452924841865
1785485404.3230803,step,161.98617784748114,-532.0775719608176,161.98617784748114,-482.07757196081764,-33.722767860062454,150.6739892158633,-33.722767860062454,150.67452924841112
1785485404.327621,step,161.98617616824822,-532.0775726494464,161.98617616824822,-482.07757264944644,-33.72276786007754,150.67398921585584,-33.72276786007754,150.6745292484037
1785485404.3310478,step,161.98617448351402,-532.0775733308371,161.98617448351402,-482.07757333083714,-33.722767860092674,150.67398921584848,-33.722767860092674,150.67452924839634
1785485404.3350315,step,161.98617279328363,-532.0775740050578,161.98617279328363,-482.07757400505784,-33.72276786010786,150.6739892158412,-33.72276786010786,150.67452924838904
1785485404.3389852,step,161.9861710975625,-532.0775746721761,161.9861710975625,-482.07757467217607,-33.72276786012309,150.673989215834,-33.72276786012309,150.67452924838184
1785485404.343136,step,161.98616939635502,-532.0775753322599,161.98616939635502,-482.0775753322599,-33.722767860138376,150.67398921582688,-33.722767860138376,150.6745292483747
1785485404.3470182,step,161.98616768966696,-532.0775759853782,161.98616768966696,-482.0775759853782,-33.72276786015371,150.67398921581983,-33.72276786015371,150.67452924836766
1785485404.3509872,step,161.9861659775033,-532.0775766316001,161.9861659775033,-482.0775766316001,-33.722767860169085,150.67398921581284,-33.722767860169085,150.67452924836067
1785485404.354945,step,161.9861642598695,-532.0775772709949,161.9861642598695,-482.0775772709949,-33.72276786018452,150.67398921580593,-33.72276786018452,150.67452924835376
1785485404.3590267,step,161.98616253677054,-532.0775779036331,161.98616253677054,-482.07757790363314,-33.722767860199994,150.6739892157991,-33.722767860199994,150.67452924834694
1785485404.3630486,step,161.98616080821168,-532.0775785295846,161.98616080821168,-482.07757852958457,-33.72276786021553,150.67398921579235,-33.72276786021553,150.67452924834018
1785485404.3671126,step,161.9861590741982,-532.0775791489207,161.9861590741982,-482.0775791489207,-33.7227678602311,150.67398921578564,-33.7227678602311,150.6745292483335
1785485404.370962,step,161.98615733473508,-532.0775797617116,161.98615733473508,-482.0775797617116,-33.72276786024673,150.67398921577902,-33.72276786024673,150.67452924832688
1785485404.375995,step,161.9861555898285,-532.0775803680309,161.9861555898285,-482.0775803680309,-33.7227678602624,150.67398921577248,-33.7227678602624,150.6745292483203
1785485404.379696,step,161.98615383948376,-532.0775809679496,161.98615383948376,-482.07758096794964,-33.722767860278125,150.673989215766,-33.722767860278125,150.67452924831383
1785485404.3831813,step,161.98615208370683,-532.0775815615416,161.98615208370683,-482.0775815615416,-33.7227678602939,150.6739892157596,-33.7227678602939,150.67452924830744
1785485404.3873448,step,161.9861503225034,-532.07758214888,161.9861503225034,-482.07758214887997,-33.722767860309716,150.67398921575324,-33.722767860309716,150.6745292483011
1785485404.3914242,step,161.9861485558794,-532.0775827300394,161.9861485558794,-482.07758273003935,-33.72276786032559,150.67398921574696,-33.72276786032559,150.67452924829482
1785485404.395009,step,161.98614678384016,-532.0775833050926,161.98614678384016,-482.0775833050926,-33.722767860341506,150.67398921574076,-33.722767860341506,150.6745292482886
1785485404.399342,step,161.98614500639175,-532.0775838741149,161.98614500639175,-482.0775838741149,-33.72276786035747,150.67398921573462,-33.72276786035747,150.67452924828245
1785485404.4029896,step,161.98614322354027,-532.0775844371817,161.98614322354027,-482.0775844371817,-33.72276786037349,150.67398921572854,-33.72276786037349,150.67452924827637
1785485404.4074442,step,161.98614143529147,-532.0775849943684,161.98614143529147,-482.0775849943684,-33.72276786038955,150.67398921572251,-33.72276786038955,150.67452924827035
1785485404.4110117,step,161.98613964165162,-532.0775855457513,161.98613964165162,-482.0775855457513,-33.72276786040567,150.67398921571655,-33.72276786040567,150.6745292482644
1785485404.4155934,step,161.98613784262756,-532.0775860914083,161.98613784262756,-482.0775860914083,-33.722767860421826,150.67398921571066,-33.722767860421826,150.6745292482585
1785485404.418912,step,161.98613603822503,-532.0775866314151,161.98613603822503,-482.0775866314151,-33.72276786043803,150.67398921570484,-33.72276786043803,150.67452924825267
1785485404.423374,step,161.98613422845037,-532.0775871658498,161.98613422845037,-482.07758716584976,-33.72276786045429,150.67398921569907,-33.72276786045429,150.6745292482469
1785485404.4270496,step,161.9861324133097,-532.0775876947902,161.9861324133097,-482.07758769479017,-33.7227678604706,150.67398921569335,-33.7227678604706,150.67452924824119
1785485404.4314945,step,161.98613059280947,-532.0775882183145,161.98613059280947,-482.07758821831453,-33.722767860486954,150.6739892156877,-33.722767860486954,150.67452924823553
1785485404.4354951,step,161.98612876695665,-532.0775887365028,161.98612876695665,-482.0775887365028,-33.72276786050335,150.6739892156821,-33.72276786050335,150.67452924822993
1785485404.4390454,step,161.98612693575802,-532.077589249435,161.98612693575802,-482.07758924943505,-33.7227678605198,150.67398921567656,-33.7227678605198,150.6745292482244
1785485404.443337,step,161.98612509921972,-532.07758975719,161.98612509921972,-482.07758975719,-33.7227678605363,150.67398921567107,-33.7227678605363,150.6745292482189
1785485404.4469452,step,161.9861232573486,-532.0775902598483,161.9861232573486,-482.0775902598483,-33.72276786055285,150.67398921566564,-33.72276786055285,150.67452924821347
1785485404.4512377,step,161.98612141015226,-532.0775907574917,161.98612141015226,-482.07759075749175,-33.72276786056944,150.67398921566027,-33.72276786056944,150.6745292482081
1785485404.455349,step,161.9861195576374,-532.0775912502019,161.9861195576374,-482.07759125020186,-33.72276786058608,150.67398921565496,-33.72276786058608,150.6745292482028
1785485404.4592984,step,161.98611769981127,-532.0775917380611,161.98611769981127,-482.0775917380611,-33.72276786060277,150.67398921564967,-33.72276786060277,150.67452924819753
1785485404.4632404,step,161.9861158366805,-532.0775922211509,161.9861158366805,-482.0775922211509,-33.722767860619506,150.67398921564447,-33.722767860619506,150.6745292481923
1785485404.4673076,step,161.9861139682521,-532.0775926995547,161.9861139682521,-482.07759269955466,-33.72276786063629,150.6739892156393,-33.72276786063629,150.67452924818713
1785485404.4709013,step,161.98611209453347,-532.0775931733557,161.98611209453347,-482.0775931733557,-33.72276786065312,150.67398921563418,-33.72276786065312,150.674529248182
1785485404.475148,step,161.98611021553265,-532.0775936426389,161.98611021553265,-482.07759364263893,-33.722767860670004,150.67398921562912,-33.722767860670004,150.67452924817695
1785485404.4793477,step,161.98610833125667,-532.0775941074878,161.98610833125667,-482.0775941074878,-33.72276786068693,150.6739892156241,-33.72276786068693,150.67452924817192
1785485404.4834137,step,161.9861064417131,-532.0775945679875,161.9861064417131,-482.0775945679875,-33.722767860703904,150.67398921561912,-33.722767860703904,150.67452924816695
1785485404.4871297,step,161.98610454690947,-532.0775950242235,161.98610454690947,-482.07759502422346,-33.72276786072092,150.6739892156142,-33.72276786072092,150.67452924816203
1785485404.4915202,step,161.98610264685402,-532.0775954762819,161.98610264685402,-482.0775954762819,-33.722767860737996,150.6739892156093,-33.722767860737996,150.67452924815714
1785485404.496021,step,161.98610074155417,-532.0775959242485,161.98610074155417,-482.0775959242485,-33.722767860755106,150.67398921560448,-33.722767860755106,150.6745292481523
1785485404.499457,step,161.98609883101793,-532.0775963682099,161.98609883101793,-482.0775963682099,-33.72276786077227,150.67398921559968,-33.72276786077227,150.6745292481475
1785485404.5037136,step,161.98609691525317,-532.077596808254,161.98609691525317,-482.07759680825404,-33.72276786078948,150.67398921559493,-33.72276786078948,150.67452924814276
1785485404.5071292,step,161.98609499426823,-532.0775972444684,161.98609499426823,-482.0775972444684,-33.722767860806734,150.6739892155902,-33.722767860806734,150.67452924813804
1785485404.5109186,step,161.98609306807117,-532.0775976769421,161.98609306807117,-482.0775976769421,-33.72276786082404,150.67398921558552,-33.72276786082404,150.67452924813338
1785485404.5149808,step,161.98609113667024,-532.0775981057639,161.98609113667024,-482.07759810576385,-33.72276786084139,150.67398921558092,-33.72276786084139,150.67452924812875
1785485404.5195134,step,161.98608920007476,-532.0775985310238,161.98608920007476,-482.0775985310238,-33.72276786085879,150.6739892155763,-33.72276786085879,150.67452924812414
1785485404.5230157,step,161.9860872582927,-532.077598952812,161.9860872582927,-482.07759895281197,-33.72276786087623,150.67398921557177,-33.72276786087623,150.6745292481196
1785485404.527115,step,161.9860853113329,-532.0775993712181,161.9860853113329,-482.07759937121807,-33.72276786089372,150.67398921556725,-33.72276786089372,150.67452924811508
1785485404.530994,step,161.98608335920386,-532.0775997863337,161.98608335920386,-482.07759978633374,-33.722767860911254,150.67398921556276,-33.722767860911254,150.6745292481106
1785485404.535251,step,161.98608140191462,-532.0776001982495,161.98608140191462,-482.07760019824946,-33.72276786092884,150.6739892155583,-33.72276786092884,150.67452924810615
1785485404.5392072,step,161.98607943947397,-532.077600607058,161.98607943947397,-482.077600607058,-33.72276786094647,150.6739892155539,-33.72276786094647,150.67452924810172
1785485404.5430884,step,161.98607747189158,-532.0776010128517,161.98607747189158,-482.0776010128517,-33.72276786096414,150.6739892155495,-33.72276786096414,150.67452924809734
1785485404.547029,step,161.9860754991761,-532.0776014157228,161.9860754991761,-482.0776014157228,-33.72276786098186,150.67398921554516,-33.72276786098186,150.674529248093
1785485404.551033,step,161.98607352133737,-532.0776018157653,161.98607352133737,-482.0776018157653,-33.72276786099963,150.67398921554084,-33.72276786099963,150.67452924808867
1785485404.5554097,step,161.98607153838455,-532.0776022130722,161.98607153838455,-482.07760221307217,-33.722767861017445,150.67398921553655,-33.722767861017445,150.67452924808438
1785485404.5592656,step,161.98606955032676,-532.0776026077374,161.98606955032676,-482.0776026077374,-33.7227678610353,150.6739892155323,-33.7227678610353,150.67452924808012
1785485404.563221,step,161.9860675571738,-532.077602999856,161.9860675571738,-482.077602999856,-33.72276786105321,150.67398921552805,-33.72276786105321,150.67452924807588
1785485404.5676854,step,161.98606555893565,-532.0776033895239,161.98606555893565,-482.0776033895239,-33.722767861071155,150.67398921552385,-33.722767861071155,150.67452924807168
1785485404.5714624,step,161.98606355562183,-532.0776037768359,161.98606355562183,-482.0776037768359,-33.72276786108915,150.67398921551964,-33.72276786108915,150.6745292480675
1785485404.5753465,step,161.98606154724237,-532.0776041618885,161.98606154724237,-482.07760416188853,-33.722767861107194,150.6739892155155,-33.722767861107194,150.67452924806332
1785485404.5794935,step,161.98605953380775,-532.0776045447784,161.98605953380775,-482.0776045447784,-33.722767861125284,150.67398921551137,-33.722767861125284,150.6745292480592
1785485404.583366,step,161.98605751532799,-532.0776049256032,161.98605751532799,-482.07760492560317,-33.72276786114342,150.67398921550725,-33.72276786114342,150.67452924805508
1785485404.5872183,step,161.9860554918134,-532.0776053044601,161.9860554918134,-482.0776053044601,-33.72276786116159,150.67398921550316,-33.72276786116159,150.674529248051
1785485404.591308,step,161.9860534632746,-532.0776056814477,161.9860534632746,-482.0776056814477,-33.72276786117981,150.6739892154991,-33.72276786117981,150.67452924804692
1785485404.5955405,step,161.98605142972175,-532.0776060566632,161.98605142972175,-482.07760605666317,-33.72276786119808,150.67398921549503,-33.72276786119808,150.67452924804286
1785485404.599751,step,161.98604939116493,-532.0776064302054,161.98604939116493,-482.0776064302054,-33.7227678612164,150.673989215491,-33.7227678612164,150.67452924803882
1785485404.6035907,step,161.98604734761483,-532.0776068021738,161.98604734761483,-482.0776068021738,-33.72276786123475,150.67398921548698,-33.72276786123475,150.67452924803482
1785485404.6076565,step,161.98604529908314,-532.0776071726693,161.98604529908314,-482.07760717266933,-33.72276786125315,150.67398921548298,-33.72276786125315,150.6745292480308
1785485404.611393,step,161.9860432455811,-532.0776075417918,161.9860432455811,-482.07760754179185,-33.7227678612716,150.673989215479,-33.7227678612716,150.67452924802683
1785485404.6152139,step,161.98604118711998,-532.0776079096424,161.98604118711998,-482.07760790964244,-33.722767861290095,150.67398921547502,-33.722767861290095,150.67452924802285
1785485404.6194048,step,161.98603912371087,-532.0776082763222,161.98603912371087,-482.07760827632217,-33.722767861308625,150.67398921547107,-33.722767861308625,150.6745292480189
1785485404.6231096,step,161.98603705536462,-532.0776086419324,161.98603705536462,-482.07760864193244,-33.722767861327206,150.67398921546712,-33.722767861327206,150.67452924801495
1785485404.6264374,step,161.98603498209292,-532.0776090065756,161.98603498209292,-482.0776090065756,-33.72276786134584,150.67398921546317,-33.72276786134584,150.674529248011
1785485404.6308956,step,161.98603290390727,-532.0776093703539,161.98603290390727,-482.0776093703539,-33.7227678613645,150.67398921545924,-33.7227678613645,150.67452924800708
1785485404.6347911,step,161.9860308208196,-532.0776097333705,161.9860308208196,-482.07760973337054,-33.72276786138321,150.67398921545532,-33.72276786138321,150.67452924800315
1785485404.6381485,step,161.98602873284142,-532.0776100957291,161.98602873284142,-482.07761009572914,-33.72276786140197,150.6739892154514,-33.72276786140197,150.67452924799923
1785485404.6425474,step,161.98602663998463,-532.0776104575324,161.98602663998463,-482.0776104575324,-33.72276786142077,150.6739892154475,-33.72276786142077,150.67452924799534
1785485404.6467674,step,161.98602454226165,-532.0776108188858,161.98602454226165,-482.0776108188858,-33.722767861439614,150.67398921544358,-33.722767861439614,150.67452924799144
1785485404.650635,step,161.98602243968483,-532.0776111798936,161.98602243968483,-482.07761117989355,-33.7227678614585,150.6739892154397,-33.7227678614585,150.67452924798752
1785485404.6546946,step,161.98602033226672,-532.077611540661,161.98602033226672,-482.077611540661,-33.722767861477436,150.6739892154358,-33.722767861477436,150.67452924798363
1785485404.6581903,step,161.98601822001945,-532.0776119012935,161.98601822001945,-482.0776119012935,-33.72276786149641,150.6739892154319,-33.72276786149641,150.67452924797973
1785485404.6622598,step,161.98601610295555,-532.0776122618964,161.98601610295555,-482.07761226189643,-33.72276786151543,150.673989215428,-33.72276786151543,150.67452924797584
1785485404.6662624,step,161.98601398108727,-532.0776126225759,161.98601398108727,-482.0776126225759,-33.722767861534486,150.67398921542411,-33.722767861534486,150.67452924797195
1785485404.670662,step,161.98601185442783,-532.0776129834386,161.98601185442783,-482.0776129834386,-33.72276786155359,150.67398921542022,-33.72276786155359,150.67452924796805
1785485404.6741574,step,161.98600972299016,-532.0776133445925,161.98600972299016,-482.07761334459246,-33.72276786157274,150.67398921541633,-33.72276786157274,150.67452924796416
1785485404.6781437,step,161.98600758678714,-532.0776137061446,161.98600758678714,-482.0776137061446,-33.722767861591926,150.6739892154124,-33.722767861591926,150.67452924796024
1785485404.6827705,step,161.986005445832,-532.0776140682028,161.986005445832,-482.0776140682028,-33.72276786161116,150.6739892154085,-33.72276786161116,150.67452924795634
1785485404.6863275,step,161.98600330013798,-532.077614430875,161.98600330013798,-482.077614430875,-33.72276786163044,150.6739892154046,-33.72276786163044,150.67452924795242
1785485404.6901598,step,161.98600114971848,-532.0776147942695,161.98600114971848,-482.0776147942695,-33.72276786164975,150.67398921540067,-33.72276786164975,150.6745292479485
1785485404.6941707,step,161.98599899458793,-532.0776151584964,161.98599899458793,-482.0776151584964,-33.72276786166911,150.67398921539672,-33.72276786166911,150.67452924794458
1785485404.6982222,step,161.9859968347595,-532.0776155236649,161.9859968347595,-482.0776155236649,-33.72276786168852,150.67398921539277,-33.72276786168852,150.67452924794063
1785485404.7024033,step,161.98599467024692,-532.077615889884,161.98599467024692,-482.077615889884,-33.72276786170796,150.67398921538881,-33.72276786170796,150.67452924793668
1785485404.7068987,step,161.98599250106426,-532.0776162572636,161.98599250106426,-482.07761625726357,-33.72276786172745,150.67398921538486,-33.72276786172745,150.6745292479327
1785485404.7108045,step,161.98599032722555,-532.0776166259144,161.98599032722555,-482.0776166259144,-33.72276786174697,150.67398921538089,-33.72276786174697,150.67452924792872
1785485404.7148812,step,161.98598814874455,-532.0776169959465,161.98598814874455,-482.0776169959465,-33.72276786176654,150.67398921537688,-33.72276786176654,150.6745292479247
1785485404.718714,step,161.98598596563602,-532.0776173674718,161.98598596563602,-482.0776173674718,-33.72276786178615,150.67398921537287,-33.72276786178615,150.6745292479207
1785485404.7225587,step,161.9859837779144,-532.0776177406018,161.9859837779144,-482.0776177406018,-33.722767861805806,150.67398921536883,-33.722767861805806,150.67452924791667
1785485404.726257,step,161.98598158559412,-532.0776181154478,161.98598158559412,-482.07761811544776,-33.7227678618255,150.6739892153648,-33.7227678618255,150.67452924791263
1785485404.730291,step,161.98597938868937,-532.0776184921214,161.98597938868937,-482.07761849212136,-33.722767861845234,150.6739892153607,-33.722767861845234,150.67452924790857
1785485404.7341788,step,161.9859771872156,-532.0776188707358,161.9859771872156,-482.0776188707358,-33.72276786186501,150.67398921535664,-33.72276786186501,150.67452924790447
1785485404.73822,step,161.9859749811876,-532.0776192514035,161.9859749811876,-482.07761925140346,-33.722767861884826,150.67398921535252,-33.722767861884826,150.67452924790035
1785485404.7428422,step,161.98597277061995,-532.0776196342371,161.98597277061995,-482.07761963423707,-33.722767861904686,150.67398921534837,-33.722767861904686,150.67452924789623
1785485404.7471433,step,161.98597055552833,-532.0776200193502,161.98597055552833,-482.0776200193502,-33.72276786192458,150.67398921534422,-33.72276786192458,150.67452924789205
1785485404.7507484,step,161.98596833592774,-532.0776204068563,161.98596833592774,-482.07762040685634,-33.722767861944526,150.67398921534004,-33.722767861944526,150.67452924788788
1785485404.754839,step,161.98596611183393,-532.0776207968698,161.98596611183393,-482.07762079686984,-33.7227678619645,150.67398921533584,-33.7227678619645,150.67452924788367
1785485404.7590768,step,161.98596388326231,-532.0776211895047,161.98596388326231,-482.0776211895047,-33.72276786198452,150.67398921533157,-33.72276786198452,150.67452924787943
1785485404.7631183,step,161.9859616502286,-532.0776215848755,161.9859616502286,-482.0776215848755,-33.72276786200458,150.6739892153273,-33.72276786200458,150.67452924787514
1785485404.767084,step,161.98595941274917,-532.0776219830973,161.98595941274917,-482.0776219830973,-33.72276786202468,150.67398921532302,-33.72276786202468,150.67452924787085
1785485404.770948,step,161.98595717083953,-532.0776223842851,161.98595717083953,-482.07762238428506,-33.72276786204482,150.67398921531867,-33.72276786204482,150.67452924786653
1785485404.7753928,step,161.98595492451656,-532.0776227885549,161.98595492451656,-482.0776227885549,-33.722767862065,150.67398921531432,-33.722767862065,150.67452924786215
1785485404.77885,step,161.9859526737961,-532.0776231960217,161.9859526737961,-482.0776231960217,-33.72276786208522,150.67398921530992,-33.72276786208522,150.67452924785775
1785485404.7830248,step,161.98595041869476,-532.0776236068014,161.98595041869476,-482.07762360680135,-33.72276786210548,150.67398921530548,-33.72276786210548,150.67452924785331
1785485404.7869112,step,161.9859481592288,-532.07762402101,161.9859481592288,-482.07762402101,-33.72276786212577,150.673989215301,-33.72276786212577,150.67452924784885
1785485404.7912996,step,161.9859458954148,-532.0776244387646,161.9859458954148,-482.0776244387646,-33.72276786214611,150.6739892152965,-33.72276786214611,150.67452924784433
1785485404.794787,step,161.98594362726976,-532.077624860182,161.98594362726976,-482.077624860182,-33.722767862166485,150.67398921529193,-33.722767862166485,150.67452924783979
1785485404.7989793,step,161.9859413548104,-532.0776252853788,161.9859413548104,-482.07762528537876,-33.7227678621869,150.67398921528735,-33.7227678621869,150.67452924783518
1785485404.8032029,step,161.98593907805392,-532.0776257144719,161.98593907805392,-482.0776257144719,-33.72276786220735,150.67398921528272,-33.72276786220735,150.67452924783055
1785485404.8077548,step,161.98593679701796,-532.0776261475796,161.98593679701796,-482.0776261475796,-33.72276786222784,150.67398921527803,-33.72276786222784,150.6745292478259
1785485404.811448,step,161.98593451172002,-532.0776265848194,161.98593451172002,-482.0776265848194,-33.72276786224837,150.6739892152733,-33.72276786224837,150.67452924782114
1785485404.8156002,step,161.98593222217715,-532.0776270263086,161.98593222217715,-482.0776270263086,-33.72276786226894,150.67398921526853,-33.72276786226894,150.6745292478164
1785485404.8193414,step,161.98592992840767,-532.0776274721663,161.98592992840767,-482.07762747216634,-33.722767862289544,150.67398921526373,-33.722767862289544,150.67452924781156
1785485404.8229764,step,161.98592763042876,-532.0776279225099,161.98592763042876,-482.0776279225099,-33.722767862310185,150.67398921525887,-33.722767862310185,150.6745292478067
1785485404.8270855,step,161.98592532825847,-532.0776283774591,161.98592532825847,-482.07762837745906,-33.72276786233087,150.67398921525395,-33.72276786233087,150.6745292478018
1785485404.831265,step,161.98592302191526,-532.0776288371321,161.98592302191526,-482.0776288371321,-33.72276786235158,150.67398921524898,-33.72276786235158,150.6745292477968
1785485404.8355007,step,161.9859207114173,-532.0776293016485,161.9859207114173,-482.07762930164847,-33.722767862372336,150.67398921524398,-33.722767862372336,150.6745292477918
1785485404.8392599,step,161.98591839678335,-532.0776297711269,161.98591839678335,-482.0776297711269,-33.722767862393134,150.6739892152389,-33.722767862393134,150.67452924778675
1785485404.8432086,step,161.98591607803164,-532.0776302456866,161.98591607803164,-482.0776302456866,-33.72276786241396,150.67398921523377,-33.72276786241396,150.6745292477816
1785485404.846934,step,161.98591375518083,-532.077630725447,161.98591375518083,-482.07763072544697,-33.72276786243483,150.6739892152286,-33.72276786243483,150.67452924777643
1785485404.8510225,step,161.98591142825055,-532.077631210529,161.98591142825055,-482.07763121052903,-33.72276786245573,150.67398921522334,-33.72276786245573,150.6745292477712
1785485404.8547287,step,161.98590909725928,-532.077631701052,161.98590909725928,-482.07763170105204,-33.72276786247667,150.67398921521806,-33.72276786247667,150.6745292477659
1785485404.858997,step,161.98590676222585,-532.0776321971356,161.98590676222585,-482.0776321971356,-33.72276786249765,150.67398921521269,-33.72276786249765,150.67452924776055
1785485404.8628135,step,161.98590442316984,-532.0776326989004,161.98590442316984,-482.0776326989004,-33.72276786251866,150.67398921520729,-33.72276786251866,150.67452924775512
1785485404.8668249,step,161.98590208011066,-532.0776332064663,161.98590208011066,-482.0776332064663,-33.722767862539705,150.6739892152018,-33.722767862539705,150.67452924774963
1785485404.870753,step,161.98589973306844,-532.0776337199552,161.98589973306844,-482.0776337199552,-33.722767862560794,150.67398921519626,-33.722767862560794,150.6745292477441
1785485404.8751063,step,161.98589738206329,-532.0776342394872,161.98589738206329,-482.0776342394872,-33.72276786258191,150.67398921519063,-33.72276786258191,150.6745292477385
1785485404.8790877,step,161.98589502711502,-532.0776347651831,161.98589502711502,-482.0776347651831,-33.722767862603064,150.67398921518495,-33.722767862603064,150.6745292477328
1785485404.8829596,step,161.98589266824456,-532.077635297165,161.98589266824456,-482.077635297165,-33.72276786262425,150.6739892151792,-33.72276786262425,150.67452924772707
1785485404.886946,step,161.9858903054715,-532.0776358355537,161.9858903054715,-482.0776358355537,-33.722767862645476,150.6739892151734,-33.722767862645476,150.67452924772124
1785485404.8913558,step,161.98588793881672,-532.0776363804707,161.98588793881672,-482.0776363804707,-33.72276786266674,150.67398921516752,-33.72276786266674,150.67452924771536
1785485404.8952036,step,161.98588556830086,-532.077636932037,161.98588556830086,-482.07763693203697,-33.72276786268803,150.67398921516155,-33.72276786268803,150.6745292477094
1785485404.8996174,step,161.98588319394503,-532.0776374903747,161.98588319394503,-482.07763749037474,-33.72276786270936,150.67398921515553,-33.72276786270936,150.67452924770336
1785485404.9029238,step,161.9858808157701,-532.0776380556051,161.9858808157701,-482.0776380556051,-33.72276786273073,150.67398921514942,-33.72276786273073,150.67452924769725
1785485404.9069924,step,161.985878433797,-532.0776386278504,161.985878433797,-482.07763862785043,-33.72276786275212,150.67398921514325,-33.72276786275212,150.67452924769108
1785485404.911322,step,161.98587604804746,-532.0776392072328,161.98587604804746,-482.0776392072328,-33.72276786277356,150.67398921513697,-33.72276786277356,150.67452924768483
1785485404.9151793,step,161.98587365854357,-532.0776397938746,161.98587365854357,-482.0776397938746,-33.722767862795024,150.67398921513063,-33.722767862795024,150.6745292476785
1785485404.9189742,step,161.9858712653072,-532.0776403878979,161.9858712653072,-482.0776403878979,-33.72276786281652,150.67398921512424,-33.72276786281652,150.67452924767207
1785485404.922811,step,161.98586886836,-532.0776409894247,161.98586886836,-482.0776409894247,-33.722767862838054,150.67398921511773,-33.722767862838054,150.67452924766556
1785485404.927108,step,161.98586646772392,-532.0776415985773,161.98586646772392,-482.0776415985773,-33.72276786285962,150.67398921511116,-33.72276786285962,150.674529247659
1785485404.9310288,step,161.98586406342147,-532.0776422154779,161.98586406342147,-482.0776422154779,-33.72276786288121,150.67398921510448,-33.72276786288121,150.67452924765234
1785485404.935477,step,161.98586165547513,-532.0776428402492,161.98586165547513,-482.07764284024915,-33.72276786290285,150.67398921509775,-33.72276786290285,150.67452924764558
1785485404.939368,step,161.98585924390798,-532.0776434730137,161.98585924390798,-482.0776434730137,-33.722767862924506,150.6739892150909,-33.722767862924506,150.67452924763876
1785485404.9430678,step,161.9858568287426,-532.0776441138944,161.9858568287426,-482.0776441138944,-33.722767862946206,150.673989215084,-33.722767862946206,150.67452924763182
1785485404.9470387,step,161.98585441000205,-532.0776447630132,161.98585441000205,-482.07764476301315,-33.722767862967935,150.67398921507697,-33.722767862967935,150.6745292476248
1785485404.9509406,step,161.9858519877101,-532.0776454204936,161.9858519877101,-482.0776454204936,-33.72276786298969,150.67398921506987,-33.72276786298969,150.67452924761773
1785485404.9547727,step,161.98584956188984,-532.0776460864575,161.98584956188984,-482.07764608645755,-33.722767863011484,150.67398921506268,-33.722767863011484,150.6745292476105
1785485404.958893,step,161.98584713256503,-532.0776467610289,161.98584713256503,-482.07764676102886,-33.722767863033305,150.6739892150554,-33.722767863033305,150.67452924760323
1785485404.9634373,step,161.98584469975972,-532.0776474443305,161.98584469975972,-482.0776474443305,-33.72276786305516,150.673989215048,-33.72276786305516,150.67452924759584
1785485404.9674304,step,161.9858422634979,-532.0776481364841,161.9858422634979,-482.0776481364841,-33.722767863077046,150.67398921504054,-33.722767863077046,150.67452924758837
1785485404.970831,step,161.98583982380316,-532.0776488376125,161.98583982380316,-482.0776488376125,-33.72276786309896,150.67398921503298,-33.72276786309896,150.6745292475808
1785485404.9750764,step,161.98583738070062,-532.0776495478393,161.98583738070062,-482.0776495478393,-33.72276786312091,150.6739892150253,-33.72276786312091,150.67452924757313
1785485404.9789371,step,161.98583493421523,-532.0776502672877,161.98583493421523,-482.0776502672877,-33.722767863142884,150.6739892150175,-33.722767863142884,150.67452924756537
1785485404.9831283,step,161.98583248437208,-532.0776509960806,161.98583248437208,-482.0776509960806,-33.72276786316489,150.67398921500964,-33.72276786316489,150.6745292475575
1785485404.98681,step,161.98583003119532,-532.0776517343402,161.98583003119532,-482.0776517343402,-33.72276786318693,150.67398921500168,-33.72276786318693,150.67452924754951
1785485404.990834,step,161.98582757471084,-532.0776524821896,161.98582757471084,-482.0776524821896,-33.72276786320899,150.6739892149936,-33.72276786320899,150.67452924754144
1785485404.9952495,step,161.98582511494374,-532.0776532397521,161.98582511494374,-482.07765323975207,-33.72276786323109,150.67398921498543,-33.72276786323109,150.67452924753326
1785485404.9991815,step,161.98582265191973,-532.0776540071502,161.98582265191973,-482.07765400715016,-33.72276786325322,150.67398921497713,-33.72276786325322,150.674529247525
1785485405.0031247,step,161.98582018566515,-532.0776547845062,161.98582018566515,-482.0776547845062,-33.72276786327537,150.67398921496874,-33.72276786327537,150.67452924751657
1785485405.0069594,step,161.98581771620573,-532.0776555719427,161.98581771620573,-482.0776555719427,-33.722767863297555,150.67398921496024,-33.722767863297555,150.67452924750808
1785485405.0109918,step,161.98581524356794,-532.0776563695829,161.98581524356794,-482.0776563695829,-33.72276786331977,150.6739892149516,-33.72276786331977,150.67452924749946
1785485405.0148904,step,161.98581276777833,-532.0776571775493,161.98581276777833,-482.0776571775493,-33.72276786334201,150.67398921494288,-33.72276786334201,150.67452924749074
1785485405.0188544,step,161.98581028886326,-532.0776579959645,161.98581028886326,-482.0776579959645,-33.722767863364275,150.67398921493404,-33.722767863364275,150.6745292474819
1785485405.0230045,step,161.9858078068494,-532.0776588249496,161.9858078068494,-482.0776588249496,-33.72276786338657,150.6739892149251,-33.72276786338657,150.67452924747295
1785485405.0276446,step,161.98580532176453,-532.0776596646276,161.98580532176453,-482.0776596646276,-33.7227678634089,150.67398921491602,-33.7227678634089,150.67452924746388
1785485405.0311913,step,161.98580283363552,-532.077660515121,161.98580283363552,-482.077660515121,-33.72276786343125,150.67398921490684,-33.72276786343125,150.67452924745467
1785485405.0356393,step,161.9858003424903,-532.0776613765521,161.9858003424903,-482.0776613765521,-33.722767863453626,150.67398921489755,-33.722767863453626,150.67452924744538
1785485405.0392354,step,161.98579784835627,-532.0776622490428,161.98579784835627,-482.07766224904276,-33.72276786347603,150.6739892148881,-33.72276786347603,150.67452924743594
1785485405.0429688,step,161.98579535126137,-532.0776631327146,161.98579535126137,-482.07766313271463,-33.72276786349846,150.67398921487856,-33.72276786349846,150.67452924742642
1785485405.0474772,step,161.98579285123384,-532.0776640276898,161.98579285123384,-482.0776640276898,-33.72276786352092,150.6739892148689,-33.72276786352092,150.67452924741676
1785485405.0509715,step,161.98579034830206,-532.0776649340896,161.98579034830206,-482.0776649340896,-33.7227678635434,150.67398921485912,-33.7227678635434,150.67452924740695
1785485405.0549078,step,161.98578784249432,-532.0776658520363,161.98578784249432,-482.07766585203626,-33.72276786356591,150.6739892148492,-33.72276786356591,150.67452924739703
1785485405.0588524,step,161.98578533384006,-532.0776667816506,161.98578533384006,-482.0776667816506,-33.72276786358845,150.67398921483917,-33.72276786358845,150.674529247387
1785485405.0633593,step,161.98578282236798,-532.0776677230539,161.98578282236798,-482.0776677230539,-33.72276786361101,150.673989214829,-33.72276786361101,150.67452924737682
1785485405.0671577,step,161.9857803081077,-532.0776686763678,161.9857803081077,-482.0776686763678,-33.7227678636336,150.6739892148187,-33.7227678636336,150.67452924736654
1785485405.0712028,step,161.98577779108885,-532.0776696417131,161.98577779108885,-482.0776696417131,-33.72276786365621,150.67398921480827,-33.72276786365621,150.6745292473561
1785485405.0751398,step,161.9857752713409,-532.0776706192107,161.9857752713409,-482.0776706192107,-33.72276786367885,150.6739892147977,-33.72276786367885,150.67452924734556
1785485405.0792518,step,161.9857727488935,-532.077671608981,161.9857727488935,-482.07767160898095,-33.722767863701506,150.673989214787,-33.722767863701506,150.67452924733487
1785485405.0829964,step,161.98577022377702,-532.0776726111443,161.98577022377702,-482.0776726111443,-33.72276786372419,150.67398921477619,-33.72276786372419,150.67452924732405
1785485405.0876188,step,161.9857676960215,-532.0776736258206,161.9857676960215,-482.0776736258206,-33.722767863746896,150.67398921476524,-33.722767863746896,150.67452924731307
1785485405.0909612,step,161.98576516565757,-532.0776746531294,161.98576516565757,-482.0776746531294,-33.722767863769626,150.67398921475413,-33.722767863769626,150.674529247302
1785485405.094867,step,161.9857626327162,-532.0776756931909,161.9857626327162,-482.07767569319094,-33.72276786379238,150.6739892147429,-33.72276786379238,150.67452924729076
1785485405.0991135,step,161.9857600972285,-532.0776767461248,161.9857600972285,-482.0776767461248,-33.72276786381516,150.67398921473153,-33.72276786381516,150.67452924727937
1785485405.1029227,step,161.9857575592253,-532.0776778120497,161.9857575592253,-482.0776778120497,-33.72276786383795,150.67398921472002,-33.72276786383795,150.67452924726786
1785485405.1067376,step,161.98575501873844,-532.0776788910857,161.98575501873844,-482.0776788910857,-33.722767863860774,150.67398921470837,-33.722767863860774,150.6745292472562
1785485405.110938,step,161.9857524757996,-532.0776799833512,161.9857524757996,-482.07767998335123,-33.72276786388362,150.67398921469658,-33.72276786388362,150.6745292472444
1785485405.1147294,step,161.98574993044045,-532.0776810889649,161.98574993044045,-482.07768108896494,-33.72276786390648,150.67398921468464,-33.72276786390648,150.67452924723247
1785485405.1191845,step,161.9857473826938,-532.0776822080456,161.9857473826938,-482.07768220804564,-33.72276786392937,150.67398921467253,-33.72276786392937,150.6745292472204
1785485405.1231692,step,161.98574483259094,-532.0776833407099,161.98574483259094,-482.0776833407099,-33.72276786395228,150.6739892146603,-33.72276786395228,150.67452924720814
1785485405.1272445,step,161.98574228016557,-532.077684487077,161.98574228016557,-482.077684487077,-33.72276786397521,150.67398921464792,-33.72276786397521,150.67452924719578
1785485405.1312015,step,161.98573972545023,-532.0776856472634,161.98573972545023,-482.07768564726337,-33.72276786399816,150.67398921463538,-33.72276786399816,150.67452924718324
1785485405.1348488,step,161.98573716847787,-532.0776868213869,161.98573716847787,-482.0776868213869,-33.72276786402113,150.6739892146227,-33.72276786402113,150.67452924717057
1785485405.1392963,step,161.98573460928165,-532.0776880095646,161.98573460928165,-482.07768800956455,-33.722767864044116,150.6739892146099,-33.722767864044116,150.67452924715772
1785485405.143043,step,161.9857320478956,-532.0776892119131,161.9857320478956,-482.07768921191314,-33.72276786406712,150.6739892145969,-33.72276786406712,150.67452924714473
1785485405.1468725,step,161.98572948435253,-532.0776904285483,161.98572948435253,-482.0776904285483,-33.72276786409015,150.67398921458377,-33.72276786409015,150.6745292471316
1785485405.1508257,step,161.9857269186864,-532.0776916595859,161.9857269186864,-482.07769165958587,-33.7227678641132,150.67398921457047,-33.7227678641132,150.6745292471183
1785485405.154979,step,161.9857243509313,-532.0776929051412,161.9857243509313,-482.07769290514125,-33.722767864136266,150.673989214557,-33.722767864136266,150.67452924710486
1785485405.1589098,step,161.98572178112175,-532.07769416533,161.98572178112175,-482.07769416532994,-33.72276786415935,150.6739892145434,-33.72276786415935,150.67452924709124
1785485405.1634407,step,161.9857192092926,-532.0776954402675,161.9857192092926,-482.07769544026746,-33.72276786418246,150.67398921452963,-33.72276786418246,150.67452924707746
1785485405.1669333,step,161.98571663547878,-532.0776967300679,161.98571663547878,-482.07769673006794,-33.72276786420558,150.6739892145157,-33.72276786420558,150.67452924706353
1785485405.171107,step,161.98571405971487,-532.0776980348447,161.98571405971487,-482.07769803484473,-33.722767864228715,150.6739892145016,-33.722767864228715,150.67452924704943
1785485405.174958,step,161.98571148203678,-532.0776993547128,161.98571148203678,-482.07769935471276,-33.72276786425187,150.67398921448734,-33.72276786425187,150.6745292470352
1785485405.178737,step,161.98570890247998,-532.0777006897853,161.98570890247998,-482.0777006897853,-33.72276786427504,150.67398921447293,-33.72276786427504,150.67452924702076
1785485405.183459,step,161.98570632107962,-532.0777020401745,161.98570632107962,-482.0777020401745,-33.722767864298234,150.67398921445835,-33.722767864298234,150.67452924700618
1785485405.1869638,step,161.98570373787163,-532.0777034059931,161.98570373787163,-482.07770340599313,-33.72276786432144,150.6739892144436,-33.72276786432144,150.67452924699143
1785485405.1908035,step,161.98570115289232,-532.077704787354,161.98570115289232,-482.07770478735404,-33.72276786434466,150.67398921442867,-33.72276786434466,150.6745292469765
1785485405.1952963,step,161.98569856617817,-532.0777061843693,161.98569856617817,-482.0777061843693,-33.722767864367896,150.67398921441358,-33.722767864367896,150.6745292469614
1785485405.1993139,step,161.9856959777657,-532.0777075971494,161.9856959777657,-482.07770759714936,-33.722767864391145,150.67398921439832,-33.722767864391145,150.67452924694618
1785485405.202832,step,161.98569338769096,-532.0777090258046,161.98569338769096,-482.07770902580455,-33.722767864414415,150.67398921438289,-33.722767864414415,150.67452924693075
1785485405.2074347,step,161.98569079599216,-532.0777104704464,161.98569079599216,-482.0777104704464,-33.72276786443769,150.67398921436728,-33.72276786443769,150.67452924691514
1785485405.211573,step,161.98568820270637,-532.0777119311847,161.98568820270637,-482.0777119311847,-33.72276786446099,150.6739892143515,-33.72276786446099,150.67452924689937
1785485405.2148998,step,161.985685607871,-532.0777134081295,161.985685607871,-482.0777134081295,-33.722767864484304,150.67398921433556,-33.722767864484304,150.6745292468834
1785485405.2192366,step,161.985683011524,-532.0777149013898,161.985683011524,-482.07771490138975,-33.722767864507624,150.67398921431945,-33.722767864507624,150.67452924686728
1785485405.2231164,step,161.98568041370274,-532.0777164110737,161.98568041370274,-482.07771641107365,-33.72276786453096,150.67398921430313,-33.72276786453096,150.67452924685097
1785485405.2270281,step,161.98567781444567,-532.077717937289,161.98567781444567,-482.077717937289,-33.72276786455431,150.67398921428665,-33.72276786455431,150.67452924683448
1785485405.2309346,step,161.98567521379144,-532.0777194801437,161.98567521379144,-482.07771948014374,-33.72276786457767,150.67398921427,-33.72276786457767,150.67452924681783
1785485405.234825,step,161.98567261177848,-532.0777210397455,161.98567261177848,-482.0777210397455,-33.722767864601046,150.67398921425314,-33.722767864601046,150.67452924680097
1785485405.2389097,step,161.98567000844545,-532.0777226162004,161.98567000844545,-482.0777226162004,-33.72276786462443,150.67398921423612,-33.72276786462443,150.67452924678395
1785485405.242893,step,161.98566740383188,-532.0777242096148,161.98566740383188,-482.07772420961476,-33.72276786464783,150.6739892142189,-33.72276786464783,150.67452924676675
1785485405.2474313,step,161.98566479797717,-532.0777258200951,161.98566479797717,-482.0777258200951,-33.72276786467124,150.6739892142015,-33.72276786467124,150.67452924674936
1785485405.2507594,step,161.9856621909212,-532.0777274477466,161.9856621909212,-482.0777274477466,-33.72276786469466,150.67398921418393,-33.72276786469466,150.67452924673177
1785485405.2548153,step,161.98565958270336,-532.0777290926737,161.98565958270336,-482.07772909267374,-33.72276786471809,150.67398921416617,-33.72276786471809,150.674529246714
1785485405.2590477,step,161.98565697336335,-532.07773075498,161.98565697336335,-482.07773075498005,-33.72276786474153,150.6739892141482,-33.72276786474153,150.67452924669604
1785485405.2632277,step,161.9856543629417,-532.077732434769,161.9856543629417,-482.077732434769,-33.722767864764975,150.67398921413007,-33.722767864764975,150.6745292466779
1785485405.2669923,step,161.98565175147786,-532.0777341321427,161.98565175147786,-482.0777341321427,-33.72276786478844,150.67398921411174,-33.72276786478844,150.67452924665957
1785485405.270831,step,161.98564913901322,-532.0777358472043,161.98564913901322,-482.0777358472043,-33.72276786481191,150.6739892140932,-33.72276786481191,150.67452924664104
1785485405.275629,step,161.9856465255887,-532.0777375800552,161.9856465255887,-482.0777375800552,-33.72276786483538,150.67398921407448,-33.72276786483538,150.67452924662234
1785485405.2792678,step,161.98564391124555,-532.0777393307974,161.98564391124555,-482.0777393307974,-33.72276786485887,150.67398921405558,-33.72276786485887,150.6745292466034
1785485405.2827222,step,161.98564129602468,-532.0777410995311,161.98564129602468,-482.07774109953107,-33.72276786488236,150.67398921403648,-33.72276786488236,150.6745292465843
1785485405.2867472,step,161.9856386799679,-532.0777428863568,161.9856386799679,-482.07774288635676,-33.72276786490586,150.67398921401718,-33.72276786490586,150.67452924656502
1785485405.290889,step,161.98563606311703,-532.077744691373,161.98563606311703,-482.077744691373,-33.72276786492937,150.6739892139977,-33.72276786492937,150.67452924654552
1785485405.2947898,step,161.98563344551377,-532.077746514679,161.98563344551377,-482.077746514679,-33.72276786495288,150.673989213978,-33.72276786495288,150.67452924652582
1785485405.2995374,step,161.98563082720023,-532.0777483563725,161.98563082720023,-482.07774835637247,-33.722767864976404,150.6739892139581,-33.722767864976404,150.67452924650593
1785485405.3034873,step,161.98562820821903,-532.0777502165515,161.98562820821903,-482.0777502165515,-33.72276786499993,150.673989213938,-33.72276786499993,150.67452924648586
1785485405.3075705,step,161.9856255886132,-532.077752095313,161.9856255886132,-482.07775209531303,-33.722767865023464,150.6739892139177,-33.722767865023464,150.67452924646557
1785485405.3115704,step,161.98562296842542,-532.0777539927533,161.98562296842542,-482.0777539927533,-33.722767865047,150.67398921389722,-33.722767865047,150.67452924644508
1785485405.3154995,step,161.98562034769856,-532.077755908968,161.98562034769856,-482.077755908968,-33.72276786507054,150.67398921387652,-33.72276786507054,150.67452924642436
1785485405.3195796,step,161.98561772647685,-532.077757844053,161.98561772647685,-482.07775784405305,-33.722767865094085,150.67398921385563,-33.722767865094085,150.67452924640347
1785485405.323215,step,161.98561510480351,-532.0777597981028,161.98561510480351,-482.07775979810276,-33.72276786511764,150.67398921383452,-33.72276786511764,150.67452924638235
1785485405.32742,step,161.98561248272136,-532.0777617712097,161.98561248272136,-482.0777617712097,-33.72276786514119,150.6739892138132,-33.72276786514119,150.67452924636106
1785485405.3310325,step,161.98560986027454,-532.0777637634673,161.98560986027454,-482.07776376346726,-33.72276786516475,150.67398921379169,-33.72276786516475,150.67452924633955
1785485405.3351853,step,161.98560723750808,-532.0777657749686,161.98560723750808,-482.0777657749686,-33.72276786518831,150.67398921376997,-33.72276786518831,150.6745292463178
1785485405.3396575,step,161.98560461446573,-532.0777678058048,161.98560461446573,-482.0777678058048,-33.72276786521187,150.67398921374803,-33.72276786521187,150.67452924629586
1785485405.3435254,step,161.9856019911918,-532.0777698560668,161.9856019911918,-482.07776985606677,-33.72276786523544,150.6739892137259,-33.72276786523544,150.67452924627372
1785485405.3469105,step,161.98559936773154,-532.0777719258449,161.98559936773154,-482.0777719258449,-33.72276786525901,150.67398921370352,-33.72276786525901,150.67452924625138
1785485405.350947,step,161.98559674413002,-532.0777740152294,161.98559674413002,-482.07777401522935,-33.72276786528257,150.67398921368095,-33.72276786528257,150.67452924622881
1785485405.3549407,step,161.98559412043207,-532.0777761243082,161.98559412043207,-482.07777612430823,-33.722767865306146,150.6739892136582,-33.722767865306146,150.67452924620602
1785485405.3588204,step,161.9855914966837,-532.0777782531707,161.9855914966837,-482.07777825317066,-33.722767865329715,150.6739892136352,-33.722767865329715,150.67452924618303
1785485405.363106,step,161.98558887293004,-532.0777804019035,161.98558887293004,-482.0777804019035,-33.72276786535328,150.67398921361197,-33.72276786535328,150.67452924615984
1785485405.3669868,step,161.9855862492176,-532.0777825705941,161.9855862492176,-482.0777825705941,-33.72276786537685,150.67398921358856,-33.72276786537685,150.67452924613642
1785485405.3708844,step,161.9855836255924,-532.0777847593279,161.9855836255924,-482.07778475932787,-33.72276786540042,150.67398921356494,-33.72276786540042,150.67452924611277
1785485405.3756497,step,161.9855810021011,-532.0777869681908,161.9855810021011,-482.0777869681908,-33.72276786542399,150.67398921354106,-33.72276786542399,150.6745292460889
1785485405.3792508,step,161.9855783787898,-532.0777891972664,161.9855783787898,-482.0777891972664,-33.72276786544755,150.673989213517,-33.72276786544755,150.67452924606482
1785485405.383031,step,161.98557575570538,-532.0777914466389,161.98557575570538,-482.0777914466389,-33.72276786547111,150.6739892134927,-33.72276786547111,150.67452924604055
1785485405.3869886,step,161.98557313289473,-532.077793716391,161.98557313289473,-482.07779371639106,-33.722767865494674,150.6739892134682,-33.722767865494674,150.67452924601602
1785485405.3910246,step,161.98557051040484,-532.0777960066055,161.98557051040484,-482.07779600660547,-33.722767865518236,150.67398921344343,-33.722767865518236,150.6745292459913
1785485405.3953576,step,161.98556788828333,-532.0777983173641,161.98556788828333,-482.0777983173641,-33.72276786554179,150.67398921341848,-33.72276786554179,150.67452924596634
1785485405.3995361,step,161.98556526657828,-532.0778006487476,161.98556526657828,-482.0778006487476,-33.72276786556534,150.6739892133933,-33.72276786556534,150.67452924594116
1785485405.403341,step,161.98556264533727,-532.077803000836,161.98556264533727,-482.07780300083596,-33.722767865588885,150.6739892133679,-33.722767865588885,150.67452924591575
1785485405.4078546,step,161.98556002460785,-532.0778053737074,161.98556002460785,-482.0778053737074,-33.72276786561243,150.67398921334228,-33.72276786561243,150.6745292458901
1785485405.4109566,step,161.98555740443928,-532.0778077674413,161.98555740443928,-482.0778077674413,-33.722767865635966,150.67398921331642,-33.722767865635966,150.67452924586425
1785485405.4147997,step,161.98555478487933,-532.0778101821145,161.98555478487933,-482.0778101821145,-33.7227678656595,150.67398921329033,-33.7227678656595,150.6745292458382
1785485405.419021,step,161.98555216597674,-532.0778126178042,161.98555216597674,-482.07781261780417,-33.722767865683025,150.67398921326404,-33.722767865683025,150.67452924581187
1785485405.42299,step,161.98554954778027,-532.0778150745866,161.98554954778027,-482.0778150745866,-33.722767865706544,150.6739892132375,-33.722767865706544,150.67452924578535
1785485405.426917,step,161.98554693033932,-532.0778175525375,161.98554693033932,-482.07781755253745,-33.722767865730056,150.67398921321075,-33.722767865730056,150.67452924575858
1785485405.4309456,step,161.98554431370397,-532.077820051732,161.98554431370397,-482.07782005173203,-33.72276786575356,150.67398921318375,-33.72276786575356,150.67452924573158
1785485405.4349558,step,161.98554169792266,-532.0778225722429,161.98554169792266,-482.0778225722429,-33.72276786577706,150.67398921315652,-33.72276786577706,150.67452924570435
1785485405.439006,step,161.98553908304564,-532.0778251141428,161.98553908304564,-482.0778251141428,-33.72276786580055,150.67398921312906,-33.72276786580055,150.6745292456769
1785485405.4432786,step,161.9855364691224,-532.0778276775029,161.9855364691224,-482.0778276775029,-33.72276786582403,150.67398921310138,-33.72276786582403,150.6745292456492
1785485405.4473052,step,161.98553385620264,-532.0778302623937,161.98553385620264,-482.0778302623937,-33.7227678658475,150.67398921307347,-33.7227678658475,150.6745292456213
1785485405.4513698,step,161.9855312443373,-532.0778328688873,161.9855312443373,-482.0778328688873,-33.72276786587096,150.6739892130453,-33.72276786587096,150.67452924559316
1785485405.4549434,step,161.9855286335771,-532.077835497053,161.9855286335771,-482.077835497053,-33.72276786589442,150.6739892130169,-33.72276786589442,150.67452924556477
1785485405.458884,step,161.98552602397294,-532.0778381469588,161.98552602397294,-482.0778381469588,-33.72276786591786,150.6739892129883,-33.72276786591786,150.67452924553615
1785485405.4629362,step,161.9855234155754,-532.0778408186729,161.9855234155754,-482.07784081867294,-33.72276786594129,150.67398921295944,-33.72276786594129,150.6745292455073
1785485405.467641,step,161.98552080843604,-532.0778435122625,161.98552080843604,-482.07784351226246,-33.72276786596471,150.67398921293037,-33.72276786596471,150.6745292454782
1785485405.471686,step,161.98551820260545,-532.0778462277924,161.98551820260545,-482.0778462277924,-33.72276786598812,150.67398921290103,-33.72276786598812,150.67452924544887
1785485405.4752574,step,161.98551559813563,-532.0778489653284,161.98551559813563,-482.07784896532837,-33.722767866011516,150.67398921287145,-33.722767866011516,150.6745292454193
1785485405.4791195,step,161.9855129950778,-532.077851724934,161.9855129950778,-482.077851724934,-33.7227678660349,150.67398921284166,-33.7227678660349,150.6745292453895
1785485405.4833732,step,161.98551039348357,-532.0778545066734,161.98551039348357,-482.07785450667336,-33.72276786605827,150.67398921281162,-33.72276786605827,150.67452924535945
1785485405.4870248,step,161.9855077934057,-532.0778573106098,161.9855077934057,-482.07785731060983,-33.722767866081625,150.67398921278132,-33.722767866081625,150.67452924532915
1785485405.4909568,step,161.98550519489692,-532.0778601368039,161.98550519489692,-482.0778601368039,-33.722767866104974,150.6739892127508,-33.722767866104974,150.67452924529863
1785485405.4953296,step,161.9855025980097,-532.0778629853173,161.9855025980097,-482.0778629853173,-33.7227678661283,150.67398921272004,-33.7227678661283,150.67452924526788
1785485405.4997823,step,161.98550000279613,-532.077865856209,161.98550000279613,-482.077865856209,-33.722767866151614,150.67398921268904,-33.722767866151614,150.67452924523687
1785485405.5039427,step,161.9854974093087,-532.0778687495371,161.9854974093087,-482.07786874953706,-33.72276786617491,150.67398921265777,-33.72276786617491,150.6745292452056
1785485405.507312,step,161.98549481759989,-532.0778716653598,161.98549481759989,-482.0778716653598,-33.72276786619819,150.67398921262628,-33.72276786619819,150.6745292451741
1785485405.5113144,step,161.98549222772292,-532.0778746037336,161.98549222772292,-482.07787460373356,-33.72276786622145,150.67398921259453,-33.72276786622145,150.6745292451424
1785485405.5156386,step,161.9854896397316,-532.0778775647153,161.9854896397316,-482.0778775647153,-33.7227678662447,150.67398921256256,-33.7227678662447,150.6745292451104
1785485405.519371,step,161.98548705367904,-532.0778805483602,161.98548705367904,-482.0778805483602,-33.72276786626794,150.67398921253033,-33.72276786626794,150.6745292450782
1785485405.5237584,step,161.98548446961948,-532.077883554722,161.98548446961948,-482.077883554722,-33.72276786629115,150.67398921249787,-33.72276786629115,150.6745292450457
1785485405.5273986,step,161.98548188760654,-532.0778865838546,161.98548188760654,-482.0778865838546,-33.72276786631434,150.67398921246516,-33.72276786631434,150.674529245013
1785485405.5312252,step,161.98547930769462,-532.0778896358104,161.98547930769462,-482.0778896358104,-33.72276786633752,150.6739892124322,-33.72276786633752,150.67452924498002
1785485405.5355618,step,161.98547672993735,-532.0778927106402,161.98547672993735,-482.0778927106402,-33.72276786636068,150.67398921239896,-33.72276786636068,150.67452924494683
1785485405.5393622,step,161.9854741543894,-532.0778958083944,161.9854741543894,-482.0778958083944,-33.72276786638381,150.6739892123655,-33.72276786638381,150.67452924491337
1785485405.5433605,step,161.98547158110546,-532.0778989291234,161.98547158110546,-482.0778989291234,-33.722767866406926,150.6739892123318,-33.722767866406926,150.67452924487966
1785485405.5473223,step,161.98546901014026,-532.0779020728755,161.98546901014026,-482.07790207287553,-33.722767866430026,150.67398921229787,-33.722767866430026,150.6745292448457
1785485405.5511417,step,161.9854664415484,-532.0779052396985,161.9854664415484,-482.07790523969845,-33.7227678664531,150.67398921226365,-33.7227678664531,150.6745292448115
1785485405.5554085,step,161.9854638753855,-532.0779084296388,161.9854638753855,-482.0779084296388,-33.72276786647615,150.6739892122292,-33.72276786647615,150.67452924477703
1785485405.5588913,step,161.98546131170616,-532.0779116427426,161.98546131170616,-482.0779116427426,-33.722767866499176,150.6739892121945,-33.722767866499176,150.67452924474233
1785485405.5635087,step,161.98545875056652,-532.077914879055,161.98545875056652,-482.077914879055,-33.72276786652218,150.67398921215954,-33.72276786652218,150.6745292447074
1785485405.5675328,step,161.9854561920218,-532.0779181386193,161.9854561920218,-482.07791813861934,-33.72276786654517,150.67398921212433,-33.72276786654517,150.6745292446722
1785485405.5709214,step,161.9854536361274,-532.0779214214778,161.9854536361274,-482.07792142147775,-33.72276786656813,150.67398921208888,-33.72276786656813,150.67452924463672
1785485405.575489,step,161.9854510829394,-532.0779247276729,161.9854510829394,-482.0779247276729,-33.72276786659106,150.6739892120532,-33.72276786659106,150.67452924460102
1785485405.5792735,step,161.9854485325136,-532.0779280572448,161.9854485325136,-482.0779280572448,-33.72276786661398,150.6739892120172,-33.72276786661398,150.67452924456506
1785485405.5833895,step,161.98544598490585,-532.077931410233,161.98544598490585,-482.07793141023296,-33.72276786663686,150.673989211981,-33.72276786663686,150.67452924452883
1785485405.5870736,step,161.98544344017245,-532.077934786677,161.98544344017245,-482.077934786677,-33.72276786665972,150.67398921194453,-33.72276786665972,150.67452924449236
1785485405.5910795,step,161.98544089836906,-532.0779381866145,161.98544089836906,-482.07793818661446,-33.72276786668255,150.6739892119078,-33.72276786668255,150.67452924445564
1785485405.595321,step,161.9854383595529,-532.0779416100821,161.9854383595529,-482.0779416100821,-33.72276786670536,150.67398921187083,-33.72276786670536,150.67452924441866
1785485405.5998123,step,161.9854358237805,-532.0779450571151,161.9854358237805,-482.07794505711513,-33.72276786672814,150.6739892118336,-33.72276786672814,150.67452924438143
1785485405.6029744,step,161.98543329110856,-532.0779485277486,161.98543329110856,-482.0779485277486,-33.72276786675089,150.6739892117961,-33.72276786675089,150.67452924434397
1785485405.607663,step,161.98543076159436,-532.0779520220165,161.98543076159436,-482.07795202201646,-33.722767866773616,150.67398921175837,-33.722767866773616,150.67452924430623
1785485405.6111717,step,161.98542823529428,-532.0779555399513,161.98542823529428,-482.0779555399513,-33.72276786679631,150.67398921172037,-33.72276786679631,150.67452924426823
1785485405.6153467,step,161.98542571226557,-532.0779590815846,161.98542571226557,-482.0779590815846,-33.72276786681897,150.67398921168214,-33.72276786681897,150.67452924422997
1785485405.619629,step,161.98542319256555,-532.0779626469468,161.98542319256555,-482.07796264694684,-33.72276786684161,150.67398921164363,-33.72276786684161,150.67452924419146
1785485405.623083,step,161.98542067625132,-532.0779662360683,161.98542067625132,-482.0779662360683,-33.72276786686421,150.67398921160486,-33.72276786686421,150.6745292441527
1785485405.62716,step,161.98541816338127,-532.0779698489775,161.98541816338127,-482.07796984897755,-33.722767866886784,150.67398921156584,-33.722767866886784,150.67452924411367
1785485405.6310172,step,161.98541565401223,-532.0779734857022,161.98541565401223,-482.07797348570216,-33.72276786690933,150.67398921152656,-33.72276786690933,150.6745292440744
1785485405.6351664,step,161.98541314820204,-532.0779771462685,161.98541314820204,-482.0779771462685,-33.72276786693184,150.67398921148703,-33.72276786693184,150.67452924403486
1785485405.6388528,step,161.98541064600948,-532.0779808307029,161.98541064600948,-482.0779808307029,-33.722767866954314,150.67398921144724,-33.722767866954314,150.67452924399507
1785485405.6428432,step,161.9854081474919,-532.0779845390288,161.9854081474919,-482.07798453902876,-33.72276786697676,150.67398921140716,-33.72276786697676,150.67452924395502
1785485405.6470273,step,161.98540565270713,-532.07798827127,161.98540565270713,-482.07798827127,-33.72276786699917,150.67398921136686,-33.72276786699917,150.6745292439147
1785485405.6511827,step,161.9854031617141,-532.0779920274499,161.9854031617141,-482.0779920274499,-33.722767867021545,150.6739892113263,-33.722767867021545,150.67452924387413
1785485405.65515,step,161.98540067457083,-532.0779958075893,161.98540067457083,-482.07799580758933,-33.72276786704389,150.67398921128546,-33.72276786704389,150.67452924383332
1785485405.6591303,step,161.98539819133578,-532.0779996117084,161.98539819133578,-482.0779996117084,-33.722767867066196,150.6739892112444,-33.722767867066196,150.67452924379222
1785485405.6632113,step,161.98539571206666,-532.0780034398255,161.98539571206666,-482.07800343982547,-33.722767867088464,150.67398921120304,-33.722767867088464,150.67452924375087
1785485405.667003,step,161.98539323682263,-532.0780072919595,161.98539323682263,-482.07800729195947,-33.722767867110704,150.67398921116143,-33.722767867110704,150.67452924370926
1785485405.6709692,step,161.98539076566274,-532.0780111681278,161.98539076566274,-482.0780111681278,-33.7227678671329,150.67398921111956,-33.7227678671329,150.6745292436674
1785485405.674895,step,161.98538829864515,-532.0780150683456,161.98538829864515,-482.0780150683456,-33.72276786715506,150.67398921107744,-33.72276786715506,150.67452924362527
1785485405.6789677,step,161.98538583582868,-532.0780189926279,161.98538583582868,-482.0780189926279,-33.72276786717719,150.67398921103506,-33.72276786717719,150.6745292435829
1785485405.6828556,step,161.98538337727237,-532.0780229409879,161.98538337727237,-482.0780229409879,-33.72276786719927,150.6739892109924,-33.72276786719927,150.67452924354023
1785485405.686811,step,161.9853809230348,-532.0780269134381,161.9853809230348,-482.07802691343807,-33.72276786722132,150.67398921094951,-33.72276786722132,150.67452924349735
1785485405.6908433,step,161.98537847317536,-532.0780309099903,161.98537847317536,-482.0780309099903,-33.72276786724333,150.67398921090634,-33.72276786724333,150.67452924345417
1785485405.6948156,step,161.98537602775403,-532.0780349306561,161.98537602775403,-482.07803493065614,-33.7227678672653,150.6739892108629,-33.7227678672653,150.67452924341075
1785485405.6990395,step,161.9853735868294,-532.0780389754445,161.9853735868294,-482.07803897544454,-33.72276786728722,150.67398921081923,-33.72276786728722,150.67452924336706
1785485405.7031069,step,161.98537115046102,-532.0780430443639,161.98537115046102,-482.0780430443639,-33.72276786730911,150.6739892107753,-33.72276786730911,150.67452924332312
1785485405.7073848,step,161.98536871870914,-532.0780471374215,161.98536871870914,-482.07804713742155,-33.72276786733095,150.67398921073107,-33.72276786733095,150.6745292432789
1785485405.7114727,step,161.9853662916332,-532.0780512546235,161.9853662916332,-482.07805125462346,-33.72276786735275,150.6739892106866,-33.72276786735275,150.67452924323445
1785485405.7151341,step,161.98536386929197,-532.0780553959742,161.98536386929197,-482.07805539597416,-33.722767867374515,150.67398921064188,-33.722767867374515,150.6745292431897
1785485405.719475,step,161.9853614517452,-532.0780595614781,161.9853614517452,-482.0780595614781,-33.72276786739623,150.6739892105969,-33.72276786739623,150.67452924314472
1785485405.7231016,step,161.98535903905307,-532.0780637511384,161.98535903905307,-482.0780637511384,-33.72276786741791,150.67398921055164,-33.72276786741791,150.67452924309947
1785485405.7271543,step,161.98535663127538,-532.078067964957,161.98535663127538,-482.078067964957,-33.722767867439536,150.6739892105061,-33.722767867439536,150.67452924305397
1785485405.731111,step,161.98535422847215,-532.0780722029336,161.98535422847215,-482.07807220293364,-33.722767867461116,150.67398921046035,-33.722767867461116,150.67452924300818
1785485405.7350383,step,161.98535183070285,-532.0780764650675,161.98535183070285,-482.0780764650675,-33.72276786748266,150.6739892104143,-33.72276786748266,150.67452924296217
1785485405.7389684,step,161.98534943802818,-532.0780807513585,161.98534943802818,-482.07808075135847,-33.72276786750415,150.673989210368,-33.72276786750415,150.67452924291587
1785485405.7430272,step,161.98534705050736,-532.0780850618021,161.98534705050736,-482.0780850618021,-33.7227678675256,150.67398921032145,-33.7227678675256,150.6745292428693
1785485405.7470794,step,161.9853446682012,-532.0780893963955,161.9853446682012,-482.0780893963955,-33.722767867547,150.67398921027464,-33.722767867547,150.67452924282247
1785485405.7510922,step,161.98534229117,-532.0780937551341,161.98534229117,-482.0780937551341,-33.72276786756835,150.67398921022757,-33.72276786756835,150.6745292427754
1785485405.7548592,step,161.98533991947377,-532.0780981380118,161.98533991947377,-482.0780981380118,-33.72276786758966,150.67398921018022,-33.72276786758966,150.67452924272808
1785485405.7588334,step,161.9853375531724,-532.0781025450209,161.9853375531724,-482.0781025450209,-33.72276786761091,150.67398921013262,-33.72276786761091,150.67452924268048
1785485405.7633028,step,161.98533519232672,-532.0781069761545,161.98533519232672,-482.07810697615446,-33.72276786763212,150.67398921008478,-33.72276786763212,150.67452924263262
1785485405.7670114,step,161.98533283699726,-532.0781114314029,161.98533283699726,-482.07811143140293,-33.72276786765328,150.67398921003667,-33.72276786765328,150.6745292425845
1785485405.77098,step,161.98533048724437,-532.0781159107557,161.98533048724437,-482.07811591075574,-33.72276786767439,150.67398920998826,-33.72276786767439,150.67452924253612
1785485405.7753167,step,161.98532814312796,-532.0781204142016,161.98532814312796,-482.07812041420163,-33.722767867695445,150.67398920993963,-33.722767867695445,150.67452924248747
1785485405.7788663,step,161.98532580470942,-532.0781249417289,161.98532580470942,-482.0781249417289,-33.722767867716456,150.67398920989072,-33.722767867716456,150.67452924243858
1785485405.7829585,step,161.98532347204906,-532.0781294933237,161.98532347204906,-482.0781294933237,-33.72276786773741,150.67398920984158,-33.72276786773741,150.6745292423894
1785485405.786885,step,161.98532114520708,-532.078134068971,161.98532114520708,-482.07813406897105,-33.72276786775831,150.67398920979215,-33.72276786775831,150.67452924234
1785485405.7906756,step,161.98531882424336,-532.0781386686548,161.98531882424336,-482.0781386686548,-33.72276786777916,150.67398920974247,-33.72276786777916,150.6745292422903
1785485405.7952297,step,161.9853165092192,-532.0781432923586,161.9853165092192,-482.0781432923586,-33.72276786779995,150.67398920969254,-33.72276786779995,150.67452924224037
1785485405.7991214,step,161.9853142001946,-532.0781479400639,161.9853142001946,-482.0781479400639,-33.7227678678207,150.67398920964234,-33.7227678678207,150.67452924219018
1785485405.803082,step,161.98531189723028,-532.0781526117514,161.98531189723028,-482.0781526117514,-33.722767867841384,150.67398920959187,-33.722767867841384,150.67452924213973
1785485405.8071485,step,161.98530960038633,-532.0781573074007,161.98530960038633,-482.0781573074007,-33.72276786786202,150.67398920954116,-33.72276786786202,150.674529242089
1785485405.8113647,step,161.9853073097234,-532.0781620269904,161.9853073097234,-482.0781620269904,-33.722767867882595,150.67398920949017,-33.722767867882595,150.67452924203803
1785485405.8152661,step,161.9853050253021,-532.0781667704979,161.9853050253021,-482.0781667704979,-33.722767867903116,150.67398920943896,-33.722767867903116,150.6745292419868
1785485405.8195198,step,161.98530274718323,-532.0781715379001,161.98530274718323,-482.07817153790006,-33.72276786792358,150.67398920938746,-33.72276786792358,150.67452924193532
1785485405.8234847,step,161.9853004754268,-532.0781763291717,161.9853004754268,-482.0781763291717,-33.722767867943986,150.6739892093357,-33.722767867943986,150.67452924188356
1785485405.826918,step,161.9852982100943,-532.0781811442884,161.9852982100943,-482.07818114428835,-33.722767867964336,150.67398920928372,-33.722767867964336,150.67452924183155
1785485405.8311095,step,161.98529595124563,-532.0781859832224,161.98529595124563,-482.0781859832224,-33.72276786798463,150.67398920923145,-33.72276786798463,150.67452924177928
1785485405.8352108,step,161.98529369894158,-532.0781908459462,161.98529369894158,-482.0781908459462,-33.722767868004865,150.67398920917893,-33.722767868004865,150.67452924172676
1785485405.838933,step,161.98529145324213,-532.0781957324302,161.98529145324213,-482.07819573243023,-33.72276786802504,150.67398920912615,-33.72276786802504,150.67452924167398
1785485405.842877,step,161.98528921420794,-532.078200642645,161.98528921420794,-482.078200642645,-33.722767868045146,150.6739892090731,-33.722767868045146,150.67452924162095
1785485405.8474166,step,161.98528698189907,-532.0782055765585,161.98528698189907,-482.0782055765585,-33.722767868065205,150.67398920901982,-33.722767868065205,150.67452924156765
1785485405.851199,step,161.98528475637627,-532.0782105341393,161.98528475637627,-482.0782105341393,-33.72276786808519,150.67398920896628,-33.72276786808519,150.6745292415141
1785485405.8550484,step,161.98528253769996,-532.0782155153541,161.98528253769996,-482.07821551535415,-33.72276786810512,150.67398920891247,-33.72276786810512,150.6745292414603
1785485405.8591611,step,161.98528032593023,-532.0782205201685,161.98528032593023,-482.07822052016854,-33.722767868125,150.67398920885842,-33.722767868125,150.67452924140628
1785485405.8633199,step,161.98527812112687,-532.0782255485462,161.98527812112687,-482.07822554854624,-33.7227678681448,150.6739892088041,-33.7227678681448,150.67452924135196
1785485405.8668494,step,161.98527592335097,-532.0782306004512,161.98527592335097,-482.0782306004512,-33.722767868164546,150.67398920874956,-33.722767868164546,150.6745292412974
1785485405.8708398,step,161.98527373266182,-532.0782356758456,161.98527373266182,-482.0782356758456,-33.72276786818422,150.67398920869473,-33.72276786818422,150.67452924124257
1785485405.8751183,step,161.98527154912045,-532.0782407746909,161.98527154912045,-482.0782407746909,-33.72276786820384,150.67398920863965,-33.72276786820384,150.6745292411875
1785485405.87899,step,161.98526937278658,-532.0782458969472,161.98526937278658,-482.07824589694724,-33.722767868223386,150.67398920858435,-33.722767868223386,150.67452924113218
1785485405.8829973,step,161.98526720372024,-532.0782510425742,161.98526720372024,-482.07825104257415,-33.72276786824287,150.67398920852875,-33.72276786824287,150.6745292410766
1785485405.8868785,step,161.98526504198085,-532.0782562115285,161.98526504198085,-482.07825621152847,-33.72276786826229,150.67398920847293,-33.72276786826229,150.67452924102076
1785485405.8907218,step,161.98526288762892,-532.0782614037686,161.98526288762892,-482.0782614037686,-33.72276786828164,150.67398920841686,-33.72276786828164,150.6745292409647
1785485405.8952875,step,161.98526074072345,-532.0782666192499,161.98526074072345,-482.0782666192499,-33.72276786830093,150.67398920836052,-33.72276786830093,150.67452924090836
1785485405.8988798,step,161.98525860132446,-532.0782718579269,161.98525860132446,-482.0782718579269,-33.72276786832015,150.67398920830394,-33.72276786832015,150.67452924085177
1785485405.903332,step,161.98525646949145,-532.078277119753,161.98525646949145,-482.078277119753,-33.7227678683393,150.67398920824712,-33.7227678683393,150.67452924079495
1785485405.907326,step,161.98525434528415,-532.0782824046819,161.98525434528415,-482.0782824046819,-33.72276786835838,150.67398920819002,-33.72276786835838,150.67452924073788
1785485405.9112341,step,161.98525222876194,-532.078287712666,161.98525222876194,-482.078287712666,-33.722767868377396,150.6739892081327,-33.722767868377396,150.67452924068053
1785485405.9148796,step,161.9852501199842,-532.0782930436553,161.9852501199842,-482.0782930436553,-33.72276786839634,150.6739892080751,-33.72276786839634,150.67452924062297
1785485405.9189935,step,161.98524801901004,-532.0782983975993,161.98524801901004,-482.07829839759927,-33.72276786841521,150.6739892080173,-33.72276786841521,150.67452924056514
1785485405.9230244,step,161.9852459258988,-532.0783037744465,161.9852459258988,-482.07830377444645,-33.72276786843401,150.6739892079592,-33.72276786843401,150.67452924050707
1785485405.9269779,step,161.9852438407103,-532.0783091741446,161.9852438407103,-482.0783091741446,-33.72276786845274,150.6739892079009,-33.72276786845274,150.67452924044875
1785485405.9308436,step,161.9852417635028,-532.0783145966398,161.9852417635028,-482.07831459663976,-33.72276786847141,150.67398920784234,-33.72276786847141,150.67452924039017
1785485405.9354103,step,161.98523969433506,-532.0783200418776,161.98523969433506,-482.07832004187765,-33.72276786848999,150.67398920778353,-33.72276786848999,150.67452924033137
1785485405.9388282,step,161.98523763326668,-532.0783255098036,161.98523763326668,-482.07832550980356,-33.722767868508505,150.67398920772447,-33.722767868508505,150.6745292402723
1785485405.9430513,step,161.98523558035586,-532.0783310003602,161.98523558035586,-482.0783310003602,-33.72276786852695,150.67398920766516,-33.72276786852695,150.67452924021302
1785485405.9469934,step,161.98523353566193,-532.0783365134896,161.98523353566193,-482.0783365134896,-33.72276786854532,150.67398920760562,-33.72276786854532,150.67452924015345
1785485405.9511383,step,161.98523149924384,-532.0783420491349,161.98523149924384,-482.0783420491349,-33.72276786856361,150.67398920754584,-33.72276786856361,150.67452924009368
1785485405.9548163,step,161.9852294711592,-532.0783476072355,161.9852294711592,-482.0783476072355,-33.722767868581826,150.6739892074858,-33.722767868581826,150.67452924003365
1785485405.9591842,step,161.98522745146656,-532.0783531877312,161.98522745146656,-482.0783531877312,-33.72276786859997,150.67398920742554,-33.72276786859997,150.67452923997337
1785485405.9631898,step,161.98522544022376,-532.0783587905589,161.98522544022376,-482.0783587905589,-33.722767868618035,150.67398920736503,-33.722767868618035,150.67452923991286
1785485405.9672775,step,161.98522343748934,-532.078364415657,161.98522343748934,-482.078364415657,-33.722767868636026,150.67398920730426,-33.722767868636026,150.6745292398521
1785485405.9710224,step,161.9852214433211,-532.0783700629622,161.9852214433211,-482.0783700629622,-33.722767868653946,150.67398920724327,-33.722767868653946,150.6745292397911
1785485405.9748805,step,161.9852194577764,-532.0783757324092,161.9852194577764,-482.0783757324092,-33.72276786867178,150.67398920718202,-33.72276786867178,150.67452923972988
1785485405.9791849,step,161.98521748091318,-532.0783814239326,161.98521748091318,-482.07838142393257,-33.72276786868954,150.67398920712057,-33.72276786868954,150.6745292396684
1785485405.983217,step,161.98521551278915,-532.0783871374651,161.98521551278915,-482.07838713746514,-33.722767868707216,150.67398920705884,-33.722767868707216,150.6745292396067
1785485405.9867985,step,161.98521355346142,-532.0783928729406,161.98521355346142,-482.07839287294064,-33.722767868724816,150.6739892069969,-33.722767868724816,150.67452923954474
1785485405.9909143,step,161.98521160298776,-532.0783986302894,161.98521160298776,-482.07839863028937,-33.72276786874234,150.67398920693472,-33.72276786874234,150.67452923948255
1785485405.9953594,step,161.9852096614246,-532.0784044094423,161.9852096614246,-482.0784044094423,-33.72276786875978,150.6739892068723,-33.72276786875978,150.67452923942014
1785485405.9993877,step,161.9852077288291,-532.0784102103291,161.9852077288291,-482.07841021032914,-33.72276786877714,150.67398920680964,-33.72276786877714,150.6745292393575
1785485406.002774,step,161.98520580525786,-532.0784160328774,161.98520580525786,-482.0784160328774,-33.72276786879442,150.67398920674677,-33.72276786879442,150.6745292392946
1785485406.0073936,step,161.98520389076748,-532.078421877015,161.98520389076748,-482.078421877015,-33.72276786881162,150.67398920668364,-33.72276786881162,150.67452923923148
1785485406.0113325,step,161.9852019854142,-532.0784277426679,161.9852019854142,-482.07842774266794,-33.72276786882873,150.6739892066203,-33.72276786882873,150.67452923916812
1785485406.0149322,step,161.98520008925504,-532.0784336297623,161.98520008925504,-482.07843362976234,-33.72276786884577,150.6739892065567,-33.72276786884577,150.67452923910454
1785485406.0191476,step,161.98519820234577,-532.0784395382225,161.98519820234577,-482.0784395382225,-33.72276786886272,150.67398920649288,-33.72276786886272,150.67452923904074
1785485406.0233924,step,161.98519632474256,-532.0784454679724,161.98519632474256,-482.0784454679724,-33.722767868879586,150.67398920642884,-33.722767868879586,150.67452923897667
1785485406.0270202,step,161.9851944565015,-532.078451418935,161.9851944565015,-482.07845141893495,-33.72276786889637,150.67398920636455,-33.72276786889637,150.6745292389124
1785485406.0309513,step,161.9851925976776,-532.0784573910321,161.9851925976776,-482.0784573910321,-33.72276786891307,150.67398920630006,-33.72276786891307,150.6745292388479
1785485406.0348136,step,161.9851907483273,-532.0784633841846,161.9851907483273,-482.0784633841846,-33.72276786892968,150.67398920623532,-33.72276786892968,150.67452923878318
1785485406.0393014,step,161.98518890850514,-532.0784693983119,161.98518890850514,-482.0784693983119,-33.72276786894621,150.67398920617038,-33.72276786894621,150.6745292387182
1785485406.0429351,step,161.98518707826582,-532.078475433332,161.98518707826582,-482.07847543333196,-33.72276786896265,150.6739892061052,-33.72276786896265,150.67452923865304
1785485406.0478854,step,161.9851852576649,-532.0784814891639,161.9851852576649,-482.0784814891639,-33.722767868979005,150.67398920603978,-33.722767868979005,150.67452923858764
1785485406.0510116,step,161.9851834467577,-532.0784875657255,161.9851834467577,-482.0784875657255,-33.72276786899527,150.67398920597415,-33.72276786899527,150.67452923852198
1785485406.0550704,step,161.9851816455973,-532.0784936629318,161.9851816455973,-482.0784936629318,-33.72276786901145,150.6739892059083,-33.72276786901145,150.67452923845613
1785485406.0589852,step,161.98517985423848,-532.0784997806982,161.98517985423848,-482.07849978069817,-33.72276786902754,150.67398920584222,-33.72276786902754,150.67452923839008
1785485406.062914,step,161.98517807273552,-532.0785059189392,161.98517807273552,-482.0785059189392,-33.722767869043544,150.67398920577594,-33.722767869043544,150.67452923832377
1785485406.0668483,step,161.9851763011427,-532.0785120775691,161.9851763011427,-482.07851207756914,-33.72276786905946,150.6739892057094,-33.72276786905946,150.67452923825726
1785485406.0709577,step,161.9851745395139,-532.0785182565005,161.9851745395139,-482.0785182565005,-33.722767869075284,150.67398920564267,-33.722767869075284,150.67452923819053
1785485406.074948,step,161.98517278790302,-532.078524455645,161.98517278790302,-482.07852445564504,-33.72276786909102,150.6739892055757,-33.72276786909102,150.67452923812357
1785485406.0790057,step,161.9851710463629,-532.078530674913,161.9851710463629,-482.07853067491305,-33.72276786910666,150.67398920550855,-33.72276786910666,150.67452923805638
1785485406.0830479,step,161.98516931494672,-532.0785369142145,161.98516931494672,-482.0785369142145,-33.722767869122215,150.67398920544116,-33.722767869122215,150.674529237989
1785485406.087294,step,161.98516759370705,-532.0785431734587,161.98516759370705,-482.0785431734587,-33.72276786913768,150.67398920537354,-33.72276786913768,150.6745292379214
1785485406.0908759,step,161.9851658826969,-532.0785494525535,161.9851658826969,-482.0785494525535,-33.72276786915305,150.67398920530573,-33.72276786915305,150.6745292378536
1785485406.0945175,step,161.9851641819687,-532.0785557514063,161.9851641819687,-482.07855575140627,-33.72276786916833,150.67398920523772,-33.72276786916833,150.67452923778555
1785485406.0987763,step,161.9851624915747,-532.0785620699227,161.9851624915747,-482.07856206992267,-33.722767869183514,150.67398920516948,-33.722767869183514,150.6745292377173
1785485406.1031418,step,161.98516081156598,-532.0785684080079,161.98516081156598,-482.07856840800787,-33.722767869198606,150.673989205101,-33.722767869198606,150.67452923764884
1785485406.1074803,step,161.98515914199527,-532.0785747655675,161.98515914199527,-482.0785747655675,-33.722767869213605,150.67398920503234,-33.722767869213605,150.67452923758017
1785485406.1118352,step,161.98515748291416,-532.0785811425054,161.98515748291416,-482.0785811425054,-33.722767869228505,150.67398920496348,-33.722767869228505,150.6745292375113
1785485406.1151876,step,161.98515583437361,-532.0785875387246,161.98515583437361,-482.0785875387246,-33.72276786924331,150.67398920489438,-33.72276786924331,150.67452923744221
1785485406.118937,step,161.985154196425,-532.0785939541277,161.985154196425,-482.07859395412765,-33.72276786925803,150.6739892048251,-33.72276786925803,150.67452923737292
1785485406.1234236,step,161.98515256911824,-532.0786003886146,161.98515256911824,-482.07860038861463,-33.722767869272644,150.6739892047556,-33.722767869272644,150.67452923730343
1785485406.1271102,step,161.98515095250536,-532.0786068420873,161.98515095250536,-482.0786068420873,-33.72276786928717,150.67398920468588,-33.72276786928717,150.67452923723374
1785485406.1311965,step,161.98514934663538,-532.0786133144443,161.98514934663538,-482.0786133144443,-33.7227678693016,150.673989204616,-33.7227678693016,150.67452923716382
1785485406.1349177,step,161.9851477515582,-532.0786198055835,161.9851477515582,-482.07861980558346,-33.72276786931592,150.67398920454588,-33.72276786931592,150.6745292370937
1785485406.1392066,step,161.98514616732407,-532.0786263154031,161.98514616732407,-482.0786263154031,-33.722767869330156,150.67398920447556,-33.722767869330156,150.67452923702342
1785485406.1433952,step,161.9851445939812,-532.0786328438,161.9851445939812,-482.07863284380005,-33.72276786934429,150.67398920440505,-33.72276786934429,150.6745292369529
1785485406.146989,step,161.98514303158046,-532.0786393906718,161.98514303158046,-482.0786393906718,-33.72276786935832,150.67398920433436,-33.72276786935832,150.6745292368822
1785485406.1509871,step,161.98514148016994,-532.0786459559126,161.98514148016994,-482.07864595591263,-33.72276786937226,150.67398920426345,-33.72276786937226,150.67452923681128
1785485406.1552124,step,161.9851399397987,-532.0786525394176,161.9851399397987,-482.0786525394176,-33.7227678693861,150.67398920419234,-33.7227678693861,150.67452923674017
1785485406.1593676,step,161.9851384105137,-532.078659141079,161.9851384105137,-482.078659141079,-33.72276786939984,150.67398920412103,-33.72276786939984,150.67452923666886
1785485406.1629941,step,161.9851368923637,-532.0786657607899,161.9851368923637,-482.07866576078993,-33.722767869413474,150.67398920404955,-33.722767869413474,150.67452923659738
1785485406.1674256,step,161.98513538539606,-532.0786723984422,161.98513538539606,-482.0786723984422,-33.72276786942701,150.67398920397784,-33.72276786942701,150.67452923652567
1785485406.1713696,step,161.98513388965858,-532.078679053928,161.98513388965858,-482.078679053928,-33.722767869440446,150.67398920390596,-33.722767869440446,150.6745292364538
1785485406.1749527,step,161.98513240519924,-532.0786857271381,161.98513240519924,-482.0786857271381,-33.72276786945378,150.67398920383388,-33.72276786945378,150.67452923638172
1785485406.1790943,step,161.98513093206418,-532.0786924179622,161.98513093206418,-482.0786924179622,-33.72276786946701,150.6739892037616,-33.72276786946701,150.67452923630947
1785485406.1832473,step,161.98512947029997,-532.0786991262886,161.98512947029997,-482.0786991262886,-33.722767869480144,150.67398920368916,-33.722767869480144,150.674529236237
1785485406.187045,step,161.9851280199528,-532.0787058520059,161.9851280199528,-482.0787058520059,-33.722767869493175,150.67398920361651,-33.722767869493175,150.67452923616437
1785485406.1914682,step,161.98512658106873,-532.0787125950012,161.98512658106873,-482.0787125950012,-33.7227678695061,150.6739892035437,-33.7227678695061,150.67452923609153
1785485406.1954467,step,161.98512515369293,-532.0787193551602,161.98512515369293,-482.07871935516016,-33.722767869518925,150.67398920347068,-33.722767869518925,150.67452923601851
1785485406.1997,step,161.985123737871,-532.0787261323696,161.985123737871,-482.07872613236964,-33.722767869531644,150.67398920339747,-33.722767869531644,150.67452923594533
1785485406.2035391,step,161.98512233364812,-532.0787329265147,161.98512233364812,-482.0787329265147,-33.722767869544256,150.6739892033241,-33.722767869544256,150.67452923587194
1785485406.2070339,step,161.9851209410692,-532.0787397374806,161.9851209410692,-482.07873973748065,-33.72276786955677,150.67398920325053,-33.72276786955677,150.6745292357984
1785485406.2113729,step,161.98511956017907,-532.0787465651517,161.98511956017907,-482.07874656515173,-33.72276786956917,150.6739892031768,-33.72276786956917,150.67452923572463
1785485406.2153776,step,161.9851181910217,-532.0787534094106,161.9851181910217,-482.07875340941064,-33.72276786958147,150.67398920310288,-33.72276786958147,150.6745292356507
1785485406.2192347,step,161.9851168336417,-532.07876027014,161.9851168336417,-482.07876027014004,-33.72276786959366,150.67398920302878,-33.72276786959366,150.6745292355766
1785485406.2235057,step,161.9851154880818,-532.078767147221,161.9851154880818,-482.078767147221,-33.722767869605754,150.6739892029545,-33.722767869605754,150.67452923550235
1785485406.2271347,step,161.98511415438603,-532.0787740405348,161.98511415438603,-482.07877404053477,-33.72276786961773,150.67398920288005,-33.72276786961773,150.67452923542788
1785485406.2312062,step,161.98511283259734,-532.0787809499628,161.98511283259734,-482.07878094996283,-33.72276786962961,150.67398920280542,-33.72276786962961,150.67452923535325
1785485406.2352414,step,161.98511152275853,-532.0787878753847,161.98511152275853,-482.0787878753847,-33.72276786964137,150.6739892027306,-33.72276786964137,150.67452923527847
1785485406.2392602,step,161.98511022491124,-532.0787948166789,161.98511022491124,-482.07879481667885,-33.72276786965303,150.67398920265563,-33.72276786965303,150.6745292352035
1785485406.242969,step,161.98510893909818,-532.078801773724,161.98510893909818,-482.07880177372397,-33.72276786966458,150.67398920258051,-33.72276786966458,150.67452923512835
1785485406.2474473,step,161.9851076653602,-532.0788087463964,161.9851076653602,-482.07880874639636,-33.72276786967602,150.6739892025052,-33.72276786967602,150.67452923505303
1785485406.251035,step,161.98510640373914,-532.0788157345742,161.98510640373914,-482.07881573457416,-33.72276786968736,150.6739892024297,-33.72276786968736,150.67452923497757
1785485406.255517,step,161.98510515427583,-532.0788227381333,161.98510515427583,-482.07882273813334,-33.72276786969858,150.67398920235408,-33.72276786969858,150.6745292349019
1785485406.259276,step,161.98510391701151,-532.0788297569504,161.98510391701151,-482.0788297569504,-33.72276786970969,150.67398920227828,-33.72276786970969,150.6745292348261
1785485406.2632434,step,161.98510269198616,-532.078836790901,161.98510269198616,-482.07883679090105,-33.7227678697207,150.6739892022023,-33.7227678697207,150.67452923475014
1785485406.2670121,step,161.98510147924017,-532.0788438398596,161.98510147924017,-482.0788438398596,-33.72276786973159,150.67398920212617,-33.72276786973159,150.674529234674
1785485406.2712326,step,161.98510027881338,-532.0788509036994,161.98510027881338,-482.0788509036994,-33.72276786974238,150.67398920204988,-33.72276786974238,150.6745292345977
1785485406.2749639,step,161.98509909074514,-532.0788579822947,161.98509909074514,-482.0788579822947,-33.72276786975305,150.67398920197343,-33.72276786975305,150.67452923452126
1785485406.2789347,step,161.98509791507502,-532.0788650755185,161.98509791507502,-482.0788650755185,-33.72276786976361,150.6739892018968,-33.72276786976361,150.67452923444463
1785485406.2837415,step,161.98509675184178,-532.078872183243,161.98509675184178,-482.078872183243,-33.72276786977406,150.67398920182004,-33.72276786977406,150.67452923436787
1785485406.287357,step,161.98509560108255,-532.0788793053388,161.98509560108255,-482.0788793053388,-33.7227678697844,150.67398920174313,-33.7227678697844,150.67452923429096
1785485406.2908475,step,161.98509446283748,-532.0788864416791,161.98509446283748,-482.07888644167906,-33.72276786979462,150.67398920166605,-33.72276786979462,150.67452923421388
1785485406.2948792,step,161.9850933371444,-532.0788935921348,161.9850933371444,-482.0788935921348,-33.722767869804734,150.6739892015888,-33.722767869804734,150.67452923413666
1785485406.299185,step,161.98509222404005,-532.0789007565758,161.98509222404005,-482.07890075657576,-33.72276786981473,150.67398920151143,-33.72276786981473,150.67452923405926
1785485406.3029943,step,161.985091123561,-532.0789079348701,161.985091123561,-482.07890793487013,-33.72276786982462,150.6739892014339,-33.72276786982462,150.67452923398173
1785485406.3077922,step,161.98509003574452,-532.0789151268868,161.98509003574452,-482.07891512688684,-33.72276786983439,150.67398920135622,-33.72276786983439,150.67452923390405
1785485406.3115695,step,161.9850889606271,-532.0789223324955,161.9850889606271,-482.0789223324955,-33.72276786984405,150.6739892012784,-33.72276786984405,150.67452923382623
1785485406.315784,step,161.98508789824547,-532.0789295515643,161.98508789824547,-482.07892955156433,-33.72276786985359,150.6739892012004,-33.72276786985359,150.67452923374827
1785485406.31949,step,161.98508684863586,-532.0789367839621,161.98508684863586,-482.07893678396215,-33.72276786986302,150.6739892011223,-33.72276786986302,150.67452923367014
1785485406.3235319,step,161.98508581183276,-532.0789440295549,161.98508581183276,-482.0789440295549,-33.722767869872335,150.67398920104404,-33.722767869872335,150.6745292335919
1785485406.3271646,step,161.98508478787107,-532.078951288209,161.98508478787107,-482.07895128820905,-33.72276786988154,150.67398920096565,-33.72276786988154,150.67452923351348
1785485406.33115,step,161.9850837767858,-532.0789585597909,161.9850837767858,-482.07895855979086,-33.72276786989062,150.67398920088712,-33.72276786989062,150.67452923343495
1785485406.3350718,step,161.98508277861083,-532.0789658441661,161.98508277861083,-482.0789658441661,-33.722767869899585,150.67398920080845,-33.722767869899585,150.67452923335628
1785485406.3394372,step,161.9850817933806,-532.0789731412001,161.9850817933806,-482.0789731412001,-33.72276786990843,150.67398920072964,-33.72276786990843,150.67452923327747
1785485406.343138,step,161.9850808211293,-532.078980450758,161.9850808211293,-482.07898045075797,-33.72276786991717,150.67398920065068,-33.72276786991717,150.6745292331985
1785485406.3474092,step,161.98507986188966,-532.0789877727034,161.98507986188966,-482.0789877727034,-33.72276786992578,150.67398920057158,-33.72276786992578,150.67452923311944
1785485406.3510377,step,161.9850789156955,-532.0789951069012,161.9850789156955,-482.0789951069012,-33.72276786993429,150.67398920049237,-33.72276786993429,150.67452923304023
1785485406.3551388,step,161.98507798257893,-532.0790024532146,161.98507798257893,-482.07900245321457,-33.722767869942665,150.67398920041305,-33.722767869942665,150.67452923296088
1785485406.359303,step,161.98507706257146,-532.0790098115058,161.98507706257146,-482.0790098115058,-33.72276786995093,150.67398920033355,-33.72276786995093,150.6745292328814
1785485406.3632061,step,161.98507615570546,-532.0790171816377,161.98507615570546,-482.0790171816377,-33.72276786995908,150.67398920025397,-33.72276786995908,150.6745292328018
1785485406.3669474,step,161.98507526201226,-532.0790245634728,161.98507526201226,-482.0790245634728,-33.72276786996711,150.67398920017422,-33.72276786996711,150.67452923272208
1785485406.3710275,step,161.98507438152268,-532.079031956873,161.98507438152268,-482.079031956873,-33.722767869975016,150.67398920009438,-33.722767869975016,150.67452923264221
1785485406.3749907,step,161.9850735142683,-532.0790393616999,161.9850735142683,-482.07903936169987,-33.7227678699828,150.6739892000144,-33.7227678699828,150.67452923256224
1785485406.378861,step,161.98507266027903,-532.0790467778144,161.98507266027903,-482.07904677781437,-33.72276786999048,150.6739891999343,-33.72276786999048,150.67452923248214
1785485406.3837059,step,161.9850718195849,-532.0790542050772,161.9850718195849,-482.0790542050772,-33.72276786999803,150.67398919985408,-33.72276786999803,150.67452923240194
1785485406.3872974,step,161.98507099221533,-532.079061643348,161.98507099221533,-482.07906164334804,-33.72276787000546,150.67398919977376,-33.72276787000546,150.6745292323216
1785485406.3910306,step,161.98507017820006,-532.079069092488,161.98507017820006,-482.079069092488,-33.722767870012774,150.6739891996933,-33.722767870012774,150.67452923224113
1785485406.3947885,step,161.9850693775673,-532.0790765523557,161.9850693775673,-482.0790765523557,-33.722767870019965,150.67398919961272,-33.722767870019965,150.67452923216055
1785485406.3989458,step,161.9850685903462,-532.0790840228107,161.9850685903462,-482.07908402281066,-33.722767870027035,150.67398919953203,-33.722767870027035,150.67452923207986
1785485406.402908,step,161.98506781656468,-532.0790915037119,161.98506781656468,-482.0790915037119,-33.72276787003399,150.67398919945123,-33.72276787003399,150.6745292319991
1785485406.406973,step,161.98506705625005,-532.0790989949179,161.98506705625005,-482.0790989949179,-33.72276787004082,150.6739891993703,-33.72276787004082,150.67452923191817
1785485406.4111097,step,161.98506630942956,-532.0791064962874,161.98506630942956,-482.0791064962874,-33.72276787004753,150.6739891992893,-33.72276787004753,150.67452923183714
1785485406.415179,step,161.98506557613044,-532.0791140076788,161.98506557613044,-482.07911400767875,-33.72276787005411,150.67398919920817,-33.72276787005411,150.67452923175603
1785485406.4190052,step,161.98506485637958,-532.0791215289498,161.98506485637958,-482.0791215289498,-33.72276787006058,150.67398919912694,-33.72276787006058,150.6745292316748
1785485406.4230072,step,161.98506415020285,-532.0791290599582,161.98506415020285,-482.0791290599582,-33.722767870066924,150.6739891990456,-33.722767870066924,150.67452923159345
1785485406.4271364,step,161.9850634576254,-532.0791366005597,161.9850634576254,-482.07913660055965,-33.72276787007315,150.67398919896416,-33.72276787007315,150.674529231512
1785485406.4308455,step,161.9850627786732,-532.0791441506118,161.9850627786732,-482.0791441506118,-33.722767870079245,150.67398919888262,-33.722767870079245,150.67452923143045
1785485406.4350843,step,161.98506211337107,-532.0791517099717,161.98506211337107,-482.0791517099717,-33.72276787008522,150.67398919880097,-33.72276787008522,150.6745292313488
1785485406.4392872,step,161.98506146174287,-532.0791592784938,161.98506146174287,-482.07915927849376,-33.722767870091076,150.67398919871923,-33.722767870091076,150.67452923126706
1785485406.4429052,step,161.98506082381394,-532.0791668560361,161.98506082381394,-482.07916685603607,-33.7227678700968,150.67398919863737,-33.7227678700968,150.67452923118523
1785485406.4471338,step,161.9850601996072,-532.0791744424537,161.9850601996072,-482.0791744424537,-33.722767870102416,150.67398919855543,-33.722767870102416,150.6745292311033
1785485406.4509919,step,161.98505958914603,-532.0791820376019,161.98505958914603,-482.07918203760187,-33.722767870107894,150.6739891984734,-33.722767870107894,150.67452923102124
1785485406.4548259,step,161.9850589924532,-532.0791896413352,161.9850589924532,-482.07918964133523,-33.72276787011326,150.6739891983913,-33.72276787011326,150.67452923093913
1785485406.4591885,step,161.98505840955153,-532.0791972535106,161.98505840955153,-482.07919725351064,-33.722767870118496,150.67398919830907,-33.722767870118496,150.6745292308569
1785485406.4632652,step,161.98505784046205,-532.0792048739822,161.98505784046205,-482.07920487398223,-33.722767870123604,150.67398919822676,-33.722767870123604,150.6745292307746
1785485406.4670923,step,161.98505728520723,-532.0792125026059,161.98505728520723,-482.07921250260586,-33.72276787012859,150.67398919814437,-33.72276787012859,150.6745292306922
1785485406.4713905,step,161.98505674380792,-532.0792201392337,161.98505674380792,-482.0792201392337,-33.72276787013346,150.6739891980619,-33.72276787013346,150.67452923060972
1785485406.47521,step,161.9850562162848,-532.0792277837209,161.9850562162848,-482.07922778372085,-33.7227678701382,150.67398919797932,-33.7227678701382,150.67452923052716
1785485406.4792457,step,161.98505570265718,-532.0792354359204,161.98505570265718,-482.0792354359204,-33.72276787014281,150.67398919789667,-33.72276787014281,150.6745292304445
1785485406.4829998,step,161.98505520294594,-532.0792430956876,161.98505520294594,-482.0792430956876,-33.7227678701473,150.67398919781394,-33.7227678701473,150.67452923036177
1785485406.4870417,step,161.98505471717095,-532.0792507628757,161.98505471717095,-482.07925076287574,-33.722767870151664,150.67398919773112,-33.722767870151664,150.67452923027898
1785485406.4912312,step,161.98505424535097,-532.0792584373373,161.98505424535097,-482.07925843733733,-33.7227678701559,150.67398919764824,-33.7227678701559,150.67452923019607
1785485406.4951282,step,161.98505378750318,-532.0792661189253,161.98505378750318,-482.07926611892526,-33.72276787016001,150.67398919756528,-33.72276787016001,150.6745292301131
1785485406.4995198,step,161.98505334364737,-532.0792738074944,161.98505334364737,-482.07927380749436,-33.722767870164,150.67398919748223,-33.722767870164,150.6745292300301
1785485406.5037277,step,161.98505291380087,-532.079281502896,161.98505291380087,-482.07928150289604,-33.722767870167864,150.67398919739912,-33.722767870167864,150.67452922994696
1785485406.508071,step,161.9850524979808,-532.0792892049847,161.9850524979808,-482.07928920498466,-33.722767870171594,150.67398919731593,-33.722767870171594,150.67452922986377
1785485406.5118117,step,161.98505209620262,-532.0792969136103,161.98505209620262,-482.0792969136103,-33.722767870175204,150.6739891972327,-33.722767870175204,150.67452922978052
1785485406.5149546,step,161.98505170848333,-532.0793046286263,161.98505170848333,-482.07930462862635,-33.72276787017869,150.67398919714935,-33.72276787017869,150.67452922969719
1785485406.5191555,step,161.98505133483903,-532.079312349885,161.98505133483903,-482.07931234988496,-33.72276787018205,150.67398919706596,-33.72276787018205,150.6745292296138
1785485406.5234776,step,161.98505097528445,-532.0793200772378,161.98505097528445,-482.07932007723775,-33.72276787018528,150.6739891969825,-33.72276787018528,150.67452922953032
1785485406.5269914,step,161.9850506298357,-532.0793278105396,161.9850506298357,-482.07932781053955,-33.72276787018838,150.67398919689896,-33.72276787018838,150.67452922944682
1785485406.5309625,step,161.98505029850747,-532.0793355496405,161.98505029850747,-482.0793355496405,-33.722767870191355,150.67398919681537,-33.722767870191355,150.67452922936323
1785485406.5349343,step,161.98504998131332,-532.0793432943935,161.98504998131332,-482.07934329439354,-33.722767870194204,150.67398919673172,-33.722767870194204,150.67452922927959
1785485406.53879,step,161.98504967826733,-532.0793510446508,161.98504967826733,-482.0793510446508,-33.722767870196925,150.67398919664802,-33.722767870196925,150.67452922919585
1785485406.543574,step,161.98504938938117,-532.0793588002629,161.98504938938117,-482.07935880026287,-33.722767870199526,150.67398919656426,-33.722767870199526,150.6745292291121
1785485406.5474524,step,161.98504911466878,-532.0793665610822,161.98504911466878,-482.0793665610822,-33.72276787020199,150.67398919648045,-33.72276787020199,150.67452922902828
1785485406.550958,step,161.9850488541424,-532.0793743269624,161.9850488541424,-482.07937432696235,-33.72276787020433,150.67398919639655,-33.72276787020433,150.6745292289444
1785485406.5548272,step,161.98504860781364,-532.0793820977544,161.98504860781364,-482.07938209775443,-33.722767870206546,150.67398919631262,-33.722767870206546,150.67452922886048
1785485406.5589929,step,161.9850483756938,-532.079389873309,161.9850483756938,-482.07938987330897,-33.72276787020863,150.67398919622866,-33.72276787020863,150.6745292287765
1785485406.5633707,step,161.98504815779302,-532.0793976534761,161.98504815779302,-482.0793976534761,-33.72276787021059,150.67398919614462,-33.72276787021059,150.67452922869245
1785485406.5672047,step,161.98504795412242,-532.079405438109,161.98504795412242,-482.079405438109,-33.722767870212415,150.67398919606055,-33.722767870212415,150.67452922860838
1785485406.571158,step,161.98504776469073,-532.0794132270576,161.98504776469073,-482.07941322705756,-33.72276787021412,150.67398919597642,-33.72276787021412,150.67452922852425
1785485406.575441,step,161.98504758950733,-532.0794210201741,161.98504758950733,-482.0794210201741,-33.72276787021569,150.67398919589223,-33.72276787021569,150.6745292284401
1785485406.5792198,step,161.98504742858157,-532.0794288173108,161.98504742858157,-482.0794288173108,-33.72276787021713,150.67398919580802,-33.72276787021713,150.67452922835588
1785485406.5827794,step,161.98504728192145,-532.0794366183197,161.98504728192145,-482.07943661831973,-33.722767870218455,150.67398919572378,-33.722767870218455,150.6745292282716
1785485406.5869257,step,161.9850471495354,-532.0794444230515,161.9850471495354,-482.07944442305154,-33.72276787021964,150.67398919563948,-33.72276787021964,150.6745292281873
1785485406.5910747,step,161.9850470314313,-532.0794522313582,161.9850470314313,-482.07945223135823,-33.72276787022071,150.67398919555515,-33.72276787022071,150.67452922810298
1785485406.5949953,step,161.98504692761543,-532.0794600430888,161.98504692761543,-482.07946004308883,-33.72276787022164,150.67398919547077,-33.72276787022164,150.6745292280186
1785485406.599073,step,161.98504683809455,-532.0794678580968,161.98504683809455,-482.0794678580968,-33.72276787022244,150.67398919538635,-33.72276787022244,150.67452922793422
1785485406.603036,step,161.9850467628749,-532.0794756762326,161.9850467628749,-482.0794756762326,-33.722767870223116,150.6739891953019,-33.722767870223116,150.67452922784977
1785485406.6070096,step,161.9850467019612,-532.0794834973478,161.9850467019612,-482.07948349734784,-33.72276787022366,150.67398919521744,-33.72276787022366,150.67452922776528
1785485406.611371,step,161.98504665535953,-532.0794913212947,161.98504665535953,-482.07949132129465,-33.72276787022408,150.67398919513295,-33.72276787022408,150.67452922768078
1785485406.615357,step,161.9850466230735,-532.0794991479243,161.9850466230735,-482.07949914792425,-33.722767870224374,150.67398919504842,-33.722767870224374,150.67452922759625
1785485406.6191916,step,161.9850466051079,-532.0795069770885,161.9850466051079,-482.0795069770885,-33.72276787022454,150.67398919496384,-33.72276787022454,150.6745292275117
1785485406.6228611,step,161.9850466014658,-532.0795148086395,161.9850466014658,-482.0795148086395,-33.722767870224565,150.67398919487925,-33.722767870224565,150.67452922742712
1785485406.6269023,step,161.98504661215082,-532.0795226424298,161.98504661215082,-482.07952264242977,-33.72276787022447,150.67398919479464,-33.72276787022447,150.6745292273425
1785485406.6310403,step,161.98504663716508,-532.0795304783098,161.98504663716508,-482.07953047830983,-33.722767870224246,150.67398919471003,-33.722767870224246,150.67452922725786
1785485406.6350744,step,161.9850466765105,-532.0795383161318,161.9850466765105,-482.0795383161318,-33.72276787022389,150.67398919462536,-33.72276787022389,150.6745292271732
1785485406.6392791,step,161.98504673018994,-532.0795461557492,161.98504673018994,-482.0795461557492,-33.72276787022341,150.6739891945407,-33.72276787022341,150.67452922708853
1785485406.642826,step,161.98504679820397,-532.079553997013,161.98504679820397,-482.079553997013,-33.722767870222796,150.673989194456,-33.722767870222796,150.67452922700386
1785485406.6472812,step,161.98504688055348,-532.0795618397767,161.98504688055348,-482.0795618397767,-33.72276787022206,150.6739891943713,-33.72276787022206,150.67452922691913
1785485406.650833,step,161.985046977238,-532.079569683893,161.985046977238,-482.07956968389306,-33.72276787022119,150.67398919428658,-33.72276787022119,150.6745292268344
1785485406.6553178,step,161.98504708825672,-532.0795775292128,161.98504708825672,-482.07957752921277,-33.722767870220196,150.67398919420185,-33.722767870220196,150.67452922674968
1785485406.6589825,step,161.98504721360973,-532.0795853755899,161.98504721360973,-482.0795853755899,-33.722767870219066,150.6739891941171,-33.722767870219066,150.67452922666493
1785485406.6633337,step,161.98504735329544,-532.0795932228771,161.98504735329544,-482.07959322287707,-33.722767870217815,150.67398919403234,-33.722767870217815,150.67452922658018
1785485406.6667867,step,161.9850475073117,-532.0796010709262,161.9850475073117,-482.0796010709262,-33.72276787021643,150.67398919394756,-33.72276787021643,150.67452922649542
1785485406.6708713,step,161.9850476756565,-532.0796089195917,161.9850476756565,-482.0796089195917,-33.722767870214916,150.6739891938628,-33.722767870214916,150.67452922641064
1785485406.674887,step,161.98504785832745,-532.0796167687276,161.98504785832745,-482.07961676872765,-33.722767870213275,150.67398919377803,-33.722767870213275,150.67452922632586
1785485406.6791742,step,161.98504805532124,-532.0796246181878,161.98504805532124,-482.07962461818784,-33.722767870211506,150.67398919369325,-33.722767870211506,150.67452922624108
1785485406.6832285,step,161.9850482666334,-532.0796324678241,161.9850482666334,-482.0796324678241,-33.72276787020961,150.67398919360846,-33.72276787020961,150.67452922615632
1785485406.6872256,step,161.9850484922598,-532.0796403174917,161.9850484922598,-482.0796403174917,-33.72276787020758,150.67398919352368,-33.72276787020758,150.67452922607154
1785485406.69111,step,161.98504873219636,-532.0796481670445,161.98504873219636,-482.0796481670445,-33.72276787020542,150.6739891934389,-33.72276787020542,150.67452922598676
1785485406.6946692,step,161.985048986437,-532.0796560163374,161.985048986437,-482.07965601633737,-33.72276787020314,150.67398919335412,-33.72276787020314,150.67452922590198
1785485406.6989238,step,161.98504925497627,-532.0796638652242,161.98504925497627,-482.07966386522423,-33.72276787020073,150.67398919326936,-33.72276787020073,150.6745292258172
1785485406.702921,step,161.9850495378091,-532.0796717135618,161.9850495378091,-482.07967171356177,-33.72276787019819,150.67398919318458,-33.72276787019819,150.67452922573244
1785485406.7069807,step,161.98504983492765,-532.0796795612038,161.98504983492765,-482.07967956120376,-33.72276787019552,150.67398919309983,-33.72276787019552,150.67452922564766
1785485406.7108393,step,161.9850501463247,-532.0796874080052,161.9850501463247,-482.07968740800516,-33.722767870192726,150.67398919301507,-33.722767870192726,150.6745292255629
1785485406.7154164,step,161.98505047199356,-532.0796952538226,161.98505047199356,-482.0796952538226,-33.7227678701898,150.67398919293035,-33.7227678701898,150.67452922547818
1785485406.7190285,step,161.98505081192664,-532.0797030985133,161.98505081192664,-482.0797030985133,-33.72276787018674,150.67398919284562,-33.72276787018674,150.67452922539346
1785485406.7236898,step,161.98505116611472,-532.0797109419325,161.98505116611472,-482.0797109419325,-33.72276787018356,150.6739891927609,-33.72276787018356,150.67452922530873
1785485406.7275734,step,161.98505153454857,-532.0797187839371,161.98505153454857,-482.0797187839371,-33.72276787018025,150.6739891926762,-33.72276787018025,150.67452922522403
1785485406.731261,step,161.98505191721986,-532.079726624385,161.98505191721986,-482.079726624385,-33.72276787017682,150.6739891925915,-33.72276787017682,150.67452922513937
1785485406.734978,step,161.98505231411752,-532.0797344631327,161.98505231411752,-482.0797344631327,-33.72276787017325,150.67398919250687,-33.72276787017325,150.6745292250547
1785485406.7389376,step,161.985052725231,-532.0797423000375,161.985052725231,-482.07974230003754,-33.722767870169555,150.6739891924222,-33.722767870169555,150.67452922497006
1785485406.743313,step,161.9850531505497,-532.0797501349582,161.9850531505497,-482.0797501349582,-33.72276787016573,150.6739891923376,-33.72276787016573,150.67452922488542
1785485406.7476313,step,161.98505359006163,-532.0797579677505,161.98505359006163,-482.07975796775054,-33.72276787016179,150.67398919225298,-33.72276787016179,150.67452922480084
1785485406.7512016,step,161.98505404375535,-532.0797657982747,161.98505404375535,-482.0797657982747,-33.72276787015771,150.67398919216842,-33.72276787015771,150.67452922471625
1785485406.7552066,step,161.98505451161876,-532.079773626391,161.98505451161876,-482.079773626391,-33.72276787015351,150.67398919208387,-33.72276787015351,150.6745292246317
1785485406.7593207,step,161.98505499363952,-532.0797814519578,161.98505499363952,-482.07978145195784,-33.72276787014918,150.67398919199934,-33.72276787014918,150.67452922454717
1785485406.763382,step,161.98505548980327,-532.079789274834,161.98505548980327,-482.07978927483396,-33.72276787014472,150.67398919191484,-33.72276787014472,150.6745292244627
1785485406.7670307,step,161.98505600009588,-532.0797970948793,161.98505600009588,-482.07979709487927,-33.72276787014014,150.6739891918304,-33.72276787014014,150.67452922437823
1785485406.7713852,step,161.98505652450368,-532.079804911953,161.98505652450368,-482.07980491195303,-33.72276787013543,150.67398919174596,-33.72276787013543,150.6745292242938
1785485406.7750049,step,161.98505706301128,-532.0798127259163,161.98505706301128,-482.0798127259163,-33.72276787013059,150.67398919166158,-33.72276787013059,150.6745292242094
1785485406.7792034,step,161.98505761560457,-532.0798205366311,161.98505761560457,-482.07982053663113,-33.72276787012562,150.6739891915772,-33.72276787012562,150.67452922412505
1785485406.7829933,step,161.9850581822678,-532.0798283439599,161.9850581822678,-482.0798283439599,-33.722767870120535,150.67398919149286,-33.722767870120535,150.67452922404073
1785485406.7873902,step,161.98505876298302,-532.079836147761,161.98505876298302,-482.07983614776094,-33.72276787011532,150.6739891914086,-33.72276787011532,150.67452922395643
1785485899.6574252,step,163.09657330262849,-542.1664258788281,163.09657330262849,-492.16642587882814,-33.722757885255994,150.67388024967357,-33.722757885255994,150.6744202822214
1785485899.6611907,step,163.09657314187913,-542.1664300308591,163.09657314187913,-492.16643003085915,-33.722757885257444,150.67388024962872,-33.722757885257444,150.67442028217656
1785485899.6651669,step,163.09657295924367,-542.1664342272749,163.09657295924367,-492.16643422727486,-33.722757885259085,150.6738802495834,-33.722757885259085,150.67442028213122
1785485899.6695254,step,163.09657275471508,-542.1664384682265,163.09657275471508,-492.1664384682265,-33.72275788526092,150.67388024953758,-33.72275788526092,150.67442028208544
1785485899.6730342,step,163.09657252828674,-542.1664427538641,163.09657252828674,-492.1664427538641,-33.72275788526295,150.6738802494913,-33.72275788526295,150.67442028203914
1785485899.6769469,step,163.09657227995265,-542.1664470843364,163.09657227995265,-492.16644708433637,-33.72275788526518,150.67388024944452,-33.72275788526518,150.67442028199238
1785485899.6811686,step,163.09657200970773,-542.1664514597894,163.09657200970773,-492.1664514597894,-33.72275788526761,150.67388024939729,-33.72275788526761,150.67442028194512
1785485899.685193,step,163.0965717175477,-542.1664558803695,163.0965717175477,-492.16645588036954,-33.722757885270234,150.67388024934954,-33.722757885270234,150.67442028189737
1785485899.689325,step,163.09657140346897,-542.1664603462191,163.09657140346897,-492.1664603462191,-33.722757885273055,150.6738802493013,-33.722757885273055,150.67442028184914
1785485899.6933653,step,163.096571067469,-542.1664648574792,163.096571067469,-492.16646485747924,-33.722757885276074,150.67388024925256,-33.722757885276074,150.67442028180042
1785485899.6971762,step,163.09657070954583,-542.1664694142898,163.09657070954583,-492.16646941428985,-33.72275788527929,150.67388024920336,-33.72275788527929,150.6744202817512
1785485899.701407,step,163.0965703296985,-542.1664740167886,163.0965703296985,-492.1664740167886,-33.722757885282704,150.67388024915365,-33.722757885282704,150.6744202817015
1785485899.7051215,step,163.09656992792696,-542.1664786651104,163.09656992792696,-492.1664786651104,-33.72275788528631,150.67388024910343,-33.72275788528631,150.67442028165127
1785485899.7091117,step,163.09656950423164,-542.16648335939,163.09656950423164,-492.16648335939,-33.72275788529012,150.67388024905273,-33.72275788529012,150.6744202816006
1785485899.7128816,step,163.09656905861368,-542.1664880997595,163.09656905861368,-492.1664880997595,-33.72275788529412,150.67388024900154,-33.72275788529412,150.67442028154937
1785485899.7171323,step,163.09656859107514,-542.1664928863486,163.09656859107514,-492.1664928863486,-33.72275788529832,150.67388024894984,-33.72275788529832,150.67442028149767
1785485899.721618,step,163.09656810161857,-542.1664977192853,163.09656810161857,-492.1664977192853,-33.72275788530272,150.67388024889763,-33.72275788530272,150.6744202814455
1785485899.7254148,step,163.09656759024767,-542.1665025986964,163.09656759024767,-492.1665025986964,-33.72275788530731,150.67388024884494,-33.72275788530731,150.67442028139277
1785485899.7291243,step,163.09656705696713,-542.1665075247076,163.09656705696713,-492.16650752470764,-33.722757885312106,150.67388024879173,-33.722757885312106,150.67442028133956
1785485899.7333653,step,163.09656650178218,-542.1665124974406,163.09656650178218,-492.16651249744064,-33.72275788531709,150.67388024873802,-33.72275788531709,150.67442028128588
1785485899.7371492,step,163.0965659246986,-542.1665175170162,163.0965659246986,-492.16651751701625,-33.722757885322274,150.67388024868382,-33.722757885322274,150.67442028123165
1785485899.7411199,step,163.09656532572322,-542.1665225835532,163.09656532572322,-492.16652258355316,-33.72275788532765,150.67388024862908,-33.72275788532765,150.67442028117694
1785485899.7450929,step,163.09656470486317,-542.166527697168,163.09656470486317,-492.166527697168,-33.72275788533323,150.67388024857385,-33.72275788533323,150.6744202811217
1785485899.7492702,step,163.09656406212702,-542.1665328579758,163.09656406212702,-492.16653285797577,-33.72275788533901,150.67388024851812,-33.72275788533901,150.67442028106595
1785485899.7530768,step,163.09656339752397,-542.1665380660884,163.09656339752397,-492.1665380660884,-33.722757885344976,150.67388024846187,-33.722757885344976,150.6744202810097
1785485899.757142,step,163.09656271106348,-542.1665433216172,163.09656271106348,-492.16654332161716,-33.72275788535114,150.6738802484051,-33.72275788535114,150.67442028095294
1785485899.7611353,step,163.09656200275674,-542.1665486246696,163.09656200275674,-492.16654862466964,-33.7227578853575,150.6738802483478,-33.7227578853575,150.67442028089567
1785485899.765075,step,163.09656127261457,-542.1665539753536,163.09656127261457,-492.1665539753536,-33.72275788536406,150.67388024829003,-33.72275788536406,150.67442028083786
1785485899.769306,step,163.09656052064958,-542.1665593737737,163.09656052064958,-492.1665593737737,-33.72275788537082,150.67388024823174,-33.72275788537082,150.67442028077957
1785485899.7731736,step,163.09655974687485,-542.1665648200324,163.09655974687485,-492.16656482003236,-33.72275788537777,150.6738802481729,-33.72275788537777,150.67442028072074
1785485899.777266,step,163.09655895130354,-542.1665703142296,163.09655895130354,-492.1665703142296,-33.722757885384915,150.67388024811356,-33.722757885384915,150.6744202806614
1785485899.7812285,step,163.09655813395042,-542.1665758564643,163.09655813395042,-492.1665758564643,-33.72275788539226,150.6738802480537,-33.72275788539226,150.67442028060154
1785485899.785037,step,163.09655729483134,-542.1665814468329,163.09655729483134,-492.1665814468329,-33.722757885399794,150.67388024799334,-33.722757885399794,150.67442028054117
1785485899.7891684,step,163.0965564339623,-542.1665870854299,163.0965564339623,-492.1665870854299,-33.72275788540753,150.67388024793243,-33.72275788540753,150.67442028048026
1785485899.7929318,step,163.0965555513599,-542.1665927723475,163.0965555513599,-492.1665927723475,-33.72275788541546,150.673880247871,-33.72275788541546,150.67442028041884
1785485899.7973228,step,163.09655464704193,-542.1665985076761,163.09655464704193,-492.1665985076761,-33.72275788542358,150.67388024780905,-33.72275788542358,150.6744202803569
1785485899.801014,step,163.09655372102682,-542.1666042915034,163.09655372102682,-492.1666042915034,-33.7227578854319,150.67388024774658,-33.7227578854319,150.67442028029444
1785485899.805964,step,163.09655277333368,-542.1666101239152,163.09655277333368,-492.16661012391523,-33.722757885440416,150.6738802476836,-33.722757885440416,150.67442028023143
1785485899.8092659,step,163.09655180398263,-542.1666160049955,163.09655180398263,-492.1666160049955,-33.72275788544912,150.67388024762008,-33.72275788544912,150.6744202801679
1785485899.8136568,step,163.09655081299414,-542.1666219348268,163.09655081299414,-492.1666219348268,-33.72275788545802,150.67388024755604,-33.72275788545802,150.67442028010387
1785485899.817585,step,163.09654980038945,-542.166627913488,163.09654980038945,-492.166627913488,-33.72275788546712,150.67388024749147,-33.72275788546712,150.6744202800393
1785485899.821451,step,163.0965487661915,-542.1666339410572,163.0965487661915,-492.16663394105717,-33.72275788547641,150.67388024742635,-33.72275788547641,150.67442027997419
1785485899.8252552,step,163.09654771042278,-542.1666400176099,163.09654771042278,-492.1666400176099,-33.7227578854859,150.67388024736073,-33.7227578854859,150.67442027990856
1785485899.8290725,step,163.09654663310698,-542.1666461432185,163.09654663310698,-492.1666461432185,-33.722757885495575,150.67388024729456,-33.722757885495575,150.6744202798424
1785485899.8330843,step,163.09654553426924,-542.1666523179541,163.09654553426924,-492.1666523179541,-33.722757885505445,150.67388024722788,-33.722757885505445,150.67442027977572
1785485899.8370426,step,163.09654441393445,-542.1666585418858,163.09654441393445,-492.1666585418858,-33.722757885515506,150.67388024716064,-33.722757885515506,150.6744202797085
1785485899.8417351,step,163.09654327212868,-542.1666648150809,163.09654327212868,-492.16666481508094,-33.722757885525766,150.67388024709288,-33.722757885525766,150.67442027964074
1785485899.8451402,step,163.09654210887857,-542.1666711376041,163.09654210887857,-492.1666711376041,-33.72275788553621,150.6738802470246,-33.72275788553621,150.67442027957244
1785485899.8495932,step,163.09654092421135,-542.1666775095167,163.09654092421135,-492.1666775095167,-33.722757885546855,150.67388024695578,-33.722757885546855,150.67442027950364
1785485899.853765,step,163.09653971815587,-542.1666839308791,163.09653971815587,-492.1666839308791,-33.72275788555769,150.67388024688643,-33.72275788555769,150.6744202794343
1785485899.8571703,step,163.09653849074115,-542.1666904017495,163.09653849074115,-492.1666904017495,-33.72275788556872,150.67388024681654,-33.72275788556872,150.6744202793644
1785485899.8614156,step,163.09653724199654,-542.1666969221837,163.09653724199654,-492.16669692218375,-33.72275788557993,150.6738802467461,-33.72275788557993,150.67442027929397
1785485899.865219,step,163.09653597195313,-542.1667034922349,163.09653597195313,-492.1667034922349,-33.72275788559134,150.67388024667517,-33.72275788559134,150.674420279223
1785485899.8692563,step,163.09653468064192,-542.166710111955,163.09653468064192,-492.166710111955,-33.722757885602945,150.67388024660366,-33.722757885602945,150.6744202791515
1785485899.873027,step,163.0965333680948,-542.1667167813928,163.0965333680948,-492.1667167813928,-33.72275788561473,150.67388024653164,-33.72275788561473,150.67442027907947
1785485899.8773193,step,163.09653203434453,-542.1667235005953,163.09653203434453,-492.16672350059525,-33.72275788562671,150.67388024645905,-33.72275788562671,150.67442027900688
1785485899.881325,step,163.0965306794252,-542.1667302696063,163.0965306794252,-492.1667302696063,-33.722757885638885,150.67388024638595,-33.722757885638885,150.67442027893378
1785485899.8851502,step,163.09652930337066,-542.1667370884695,163.09652930337066,-492.1667370884695,-33.72275788565125,150.6738802463123,-33.72275788565125,150.67442027886014
1785485899.8896332,step,163.09652790621624,-542.1667439572246,163.09652790621624,-492.16674395722464,-33.722757885663796,150.6738802462381,-33.722757885663796,150.67442027878596
1785485899.8930764,step,163.0965264879976,-542.1667508759103,163.0965264879976,-492.16675087591034,-33.722757885676536,150.67388024616338,-33.722757885676536,150.6744202787112
1785485899.8970194,step,163.09652504875106,-542.1667578445622,163.09652504875106,-492.1667578445622,-33.72275788568947,150.67388024608812,-33.72275788568947,150.67442027863595
1785485899.9010608,step,163.09652358851403,-542.1667648632131,163.09652358851403,-492.1667648632131,-33.722757885702585,150.67388024601232,-33.722757885702585,150.67442027856015
1785485899.9051917,step,163.09652210732457,-542.1667719318942,163.09652210732457,-492.16677193189423,-33.72275788571589,150.67388024593598,-33.72275788571589,150.6744202784838
1785485899.909633,step,163.09652060522166,-542.1667790506348,163.09652060522166,-492.1667790506348,-33.722757885729386,150.67388024585907,-33.722757885729386,150.67442027840693
1785485899.9133377,step,163.09651908224453,-542.1667862194615,163.09651908224453,-492.1667862194615,-33.722757885743064,150.67388024578165,-33.722757885743064,150.67442027832948
1785485899.917633,step,163.0965175384324,-542.1667934383995,163.0965175384324,-492.1667934383995,-33.722757885756934,150.67388024570369,-33.722757885756934,150.67442027825152
1785485899.9211087,step,163.09651597382685,-542.1668007074703,163.09651597382685,-492.1668007074703,-33.72275788577099,150.67388024562516,-33.72275788577099,150.67442027817302
1785485899.925267,step,163.096514388469,-542.1668080266938,163.096514388469,-492.16680802669384,-33.72275788578523,150.67388024554612,-33.72275788578523,150.67442027809395
1785485899.9295378,step,163.09651278240173,-542.1668153960884,163.09651278240173,-492.1668153960884,-33.72275788579966,150.67388024546653,-33.72275788579966,150.67442027801437
1785485899.933572,step,163.0965111556674,-542.1668228156699,163.0965111556674,-492.1668228156699,-33.72275788581427,150.67388024538639,-33.72275788581427,150.67442027793422
1785485899.9372606,step,163.0965095083099,-542.1668302854503,163.0965095083099,-492.16683028545026,-33.72275788582907,150.6738802453057,-33.72275788582907,150.67442027785356
1785485899.9413989,step,163.096507840374,-542.1668378054408,163.096507840374,-492.16683780544076,-33.722757885844054,150.6738802452245,-33.722757885844054,150.67442027777233
1785485899.945635,step,163.0965061519047,-542.1668453756502,163.0965061519047,-492.16684537565015,-33.72275788585922,150.67388024514273,-33.72275788585922,150.67442027769056
1785485899.9493973,step,163.09650444294826,-542.1668529960842,163.09650444294826,-492.16685299608423,-33.72275788587457,150.67388024506042,-33.72275788587457,150.67442027760825
1785485899.953005,step,163.0965027135511,-542.166860666748,163.0965027135511,-492.166860666748,-33.722757885890104,150.67388024497757,-33.722757885890104,150.6744202775254
1785485899.9570196,step,163.09650096376063,-542.166868387643,163.09650096376063,-492.16686838764304,-33.72275788590583,150.67388024489418,-33.72275788590583,150.674420277442
1785485899.9615982,step,163.0964991936244,-542.1668761587695,163.0964991936244,-492.16687615876947,-33.72275788592172,150.67388024481025,-33.72275788592172,150.67442027735808
1785485899.9655578,step,163.09649740319125,-542.1668839801246,163.09649740319125,-492.16688398012457,-33.72275788593781,150.67388024472578,-33.72275788593781,150.6744202772736
1785485899.969446,step,163.09649559251,-542.1668918517031,163.09649559251,-492.1668918517031,-33.722757885954074,150.67388024464074,-33.722757885954074,150.6744202771886
1785485899.9731925,step,163.09649376163046,-542.1668997734972,163.09649376163046,-492.1668997734972,-33.72275788597052,150.6738802445552,-33.72275788597052,150.67442027710302
1785485899.9772189,step,163.09649191060421,-542.1669077454976,163.09649191060421,-492.1669077454976,-33.72275788598715,150.67388024446907,-33.72275788598715,150.67442027701694
1785485899.9810183,step,163.09649003948223,-542.1669157676936,163.09649003948223,-492.1669157676936,-33.72275788600396,150.67388024438245,-33.72275788600396,150.67442027693028
1785485899.985506,step,163.09648814831704,-542.1669238400708,163.09648814831704,-492.1669238400708,-33.72275788602095,150.67388024429525,-33.72275788602095,150.6744202768431
1785485899.9892716,step,163.09648623716097,-542.1669319626126,163.09648623716097,-492.1669319626126,-33.72275788603812,150.67388024420754,-33.72275788603812,150.67442027675537
1785485899.9933786,step,163.09648430606734,-542.1669401353013,163.09648430606734,-492.1669401353013,-33.72275788605546,150.67388024411926,-33.72275788605546,150.6744202766671
1785485899.9972863,step,163.09648235509007,-542.166948358115,163.09648235509007,-492.16694835811495,-33.72275788607299,150.67388024403044,-33.72275788607299,150.67442027657827
1785485900.0011644,step,163.09648038428432,-542.1669566310314,163.09648038428432,-492.16695663103144,-33.72275788609069,150.67388024394108,-33.72275788609069,150.67442027648895
1785485900.0053728,step,163.0964783937059,-542.1669649540243,163.0964783937059,-492.16696495402425,-33.722757886108575,150.6738802438512,-33.722757886108575,150.67442027639905
1785485900.0095656,step,163.09647638341096,-542.1669733270667,163.09647638341096,-492.16697332706667,-33.72275788612664,150.67388024376078,-33.72275788612664,150.6744202763086
1785485900.0130358,step,163.0964743534561,-542.1669817501296,163.0964743534561,-492.1669817501296,-33.72275788614487,150.6738802436698,-33.72275788614487,150.67442027621763
1785485900.0171874,step,163.09647230389896,-542.1669902231797,163.09647230389896,-492.1669902231797,-33.72275788616328,150.67388024357828,-33.72275788616328,150.6744202761261
1785485900.0211215,step,163.09647023479803,-542.1669987461819,163.09647023479803,-492.1669987461819,-33.72275788618187,150.67388024348622,-33.72275788618187,150.67442027603406
1785485900.0251534,step,163.09646814621158,-542.1670073190998,163.09646814621158,-492.16700731909975,-33.72275788620063,150.67388024339363,-33.72275788620063,150.67442027594146
1785485900.0292401,step,163.0964660381996,-542.1670159418959,163.0964660381996,-492.1670159418959,-33.72275788621957,150.6738802433005,-33.72275788621957,150.67442027584835
1785485900.0331342,step,163.09646391082197,-542.1670246145272,163.09646391082197,-492.16702461452724,-33.722757886238675,150.67388024320684,-33.722757886238675,150.67442027575467
1785485900.0374758,step,163.0964617641387,-542.1670333369522,163.0964617641387,-492.16703333695216,-33.72275788625796,150.67388024311262,-33.72275788625796,150.67442027566045
1785485900.0412028,step,163.09645959821162,-542.1670421091238,163.09645959821162,-492.1670421091238,-33.722757886277414,150.67388024301786,-33.722757886277414,150.67442027556572
1785485900.0454051,step,163.09645741310288,-542.1670509309951,163.09645741310288,-492.16705093099506,-33.722757886297046,150.6738802429226,-33.722757886297046,150.67442027547042
1785485900.0491915,step,163.09645520887497,-542.1670598025166,163.09645520887497,-492.16705980251663,-33.72275788631685,150.67388024282678,-33.72275788631685,150.67442027537462
1785485900.0530183,step,163.0964529855908,-542.1670687236345,163.0964529855908,-492.16706872363454,-33.722757886336815,150.67388024273043,-33.722757886336815,150.67442027527827
1785485900.0571585,step,163.0964507433145,-542.1670776942946,163.0964507433145,-492.16707769429456,-33.72275788635696,150.67388024263354,-33.72275788635696,150.67442027518138
1785485900.0611522,step,163.09644848211127,-542.1670867144408,163.09644848211127,-492.16708671444076,-33.72275788637727,150.67388024253611,-33.72275788637727,150.67442027508395
1785485900.0652163,step,163.09644620204568,-542.1670957840136,163.09644620204568,-492.16709578401355,-33.72275788639776,150.67388024243814,-33.72275788639776,150.674420274986
1785485900.0692477,step,163.0964439031836,-542.1671049029512,163.0964439031836,-492.1671049029512,-33.72275788641841,150.67388024233966,-33.72275788641841,150.6744202748875
1785485900.0733624,step,163.09644158559163,-542.1671140711917,163.09644158559163,-492.1671140711917,-33.722757886439226,150.67388024224064,-33.722757886439226,150.67442027478847
1785485900.0771499,step,163.09643924933715,-542.1671232886682,163.09643924933715,-492.1671232886682,-33.722757886460215,150.67388024214108,-33.722757886460215,150.6744202746889
1785485900.0811443,step,163.09643689448714,-542.1671325553134,163.09643689448714,-492.1671325553134,-33.72275788648137,150.673880242041,-33.72275788648137,150.67442027458884
1785485900.0851908,step,163.0964345211101,-542.1671418710572,163.0964345211101,-492.1671418710572,-33.722757886502684,150.67388024194037,-33.722757886502684,150.67442027448823
1785485900.0891662,step,163.0964321292752,-542.1671512358266,163.0964321292752,-492.1671512358266,-33.72275788652417,150.67388024183924,-33.72275788652417,150.67442027438707
1785485900.0931637,step,163.09642971905197,-542.1671606495481,163.09642971905197,-492.1671606495481,-33.72275788654582,150.67388024173755,-33.72275788654582,150.6744202742854
1785485900.0971255,step,163.09642729051038,-542.1671701121447,163.09642729051038,-492.16717011214473,-33.72275788656764,150.67388024163535,-33.72275788656764,150.6744202741832
1785485900.1011105,step,163.09642484372162,-542.167179623537,163.09642484372162,-492.167179623537,-33.72275788658962,150.67388024153263,-33.72275788658962,150.67442027408046
1785485900.1051164,step,163.09642237875684,-542.1671891836452,163.09642237875684,-492.1671891836452,-33.72275788661176,150.67388024142937,-33.72275788661176,150.6744202739772
1785485900.1090713,step,163.0964198956874,-542.167198792385,163.0964198956874,-492.16719879238497,-33.72275788663407,150.6738802413256,-33.72275788663407,150.67442027387344
1785485900.113235,step,163.09641739458567,-542.1672084496719,163.09641739458567,-492.1672084496719,-33.72275788665654,150.6738802412213,-33.72275788665654,150.67442027376913
1785485900.1171613,step,163.09641487552494,-542.1672181554181,163.09641487552494,-492.16721815541814,-33.72275788667917,150.67388024111645,-33.72275788667917,150.6744202736643
1785485900.1211004,step,163.0964123385785,-542.1672279095338,163.0964123385785,-492.16722790953384,-33.722757886701956,150.67388024101112,-33.722757886701956,150.67442027355895
1785485900.12514,step,163.09640978382077,-542.1672377119268,163.09640978382077,-492.16723771192676,-33.72275788672491,150.67388024090525,-33.72275788672491,150.67442027345308
1785485900.1290455,step,163.09640721132644,-542.167247562503,163.09640721132644,-492.167247562503,-33.72275788674801,150.67388024079884,-33.72275788674801,150.6744202733467
1785485900.1332479,step,163.09640462117096,-542.1672574611667,163.09640462117096,-492.16725746116674,-33.722757886771284,150.67388024069194,-33.722757886771284,150.67442027323978
1785485900.137116,step,163.09640201343058,-542.1672674078192,163.09640201343058,-492.16726740781917,-33.72275788679471,150.6738802405845,-33.72275788679471,150.67442027313234
1785485900.1410959,step,163.09639938818134,-542.1672774023575,163.09639938818134,-492.1672774023575,-33.72275788681829,150.67388024047656,-33.72275788681829,150.6744202730244
1785485900.145566,step,163.09639674550073,-542.1672874446796,163.09639674550073,-492.1672874446796,-33.72275788684203,150.67388024036808,-33.72275788684203,150.67442027291594
1785485900.149303,step,163.09639408546565,-542.1672975346792,163.09639408546565,-492.16729753467916,-33.72275788686593,150.6738802402591,-33.72275788686593,150.67442027280694
1785485900.1530302,step,163.09639140815477,-542.1673076722499,163.09639140815477,-492.1673076722499,-33.72275788688997,150.67388024014963,-33.72275788688997,150.67442027269746
1785485900.1576383,step,163.0963887136464,-542.1673178572801,163.0963887136464,-492.16731785728007,-33.72275788691418,150.6738802400396,-33.72275788691418,150.67442027258747
1785485900.16105,step,163.09638600201993,-542.1673280896584,163.09638600201993,-492.16732808965844,-33.72275788693854,150.6738802399291,-33.72275788693854,150.67442027247694
1785485900.1650405,step,163.09638327335486,-542.1673383692696,163.09638327335486,-492.1673383692696,-33.72275788696305,150.67388023981806,-33.72275788696305,150.67442027236592
1785485900.1695247,step,163.09638052773184,-542.1673486959967,163.09638052773184,-492.1673486959967,-33.722757886987715,150.67388023970653,-33.722757886987715,150.67442027225437
1785485900.173232,step,163.09637776523155,-542.1673590697216,163.09637776523155,-492.16735906972156,-33.722757887012534,150.6738802395945,-33.722757887012534,150.67442027214233
1785485900.1772246,step,163.0963749859357,-542.1673694903225,163.0963749859357,-492.16736949032247,-33.722757887037496,150.67388023948195,-33.722757887037496,150.67442027202978
1785485900.1810079,step,163.0963721899254,-542.1673799576768,163.0963721899254,-492.16737995767676,-33.72275788706261,150.67388023936888,-33.72275788706261,150.67442027191674
1785485900.1852148,step,163.096369377283,-542.1673904716588,163.096369377283,-492.1673904716588,-33.72275788708788,150.67388023925534,-33.72275788708788,150.67442027180317
1785485900.189403,step,163.09636654809168,-542.1674010321414,163.09636654809168,-492.16740103214136,-33.722757887113296,150.67388023914128,-33.722757887113296,150.67442027168912
1785485900.1931024,step,163.09636370243493,-542.1674116389944,163.09636370243493,-492.1674116389944,-33.72275788713886,150.67388023902672,-33.72275788713886,150.67442027157455
1785485900.197139,step,163.09636084039641,-542.1674222920872,163.09636084039641,-492.16742229208717,-33.72275788716457,150.67388023891166,-33.72275788716457,150.6744202714595
1785485900.2013574,step,163.09635796206078,-542.1674329912858,163.09635796206078,-492.16743299128575,-33.722757887190426,150.6738802387961,-33.722757887190426,150.67442027134393
1785485900.2055004,step,163.0963550675131,-542.1674437364542,163.0963550675131,-492.1674437364542,-33.722757887216424,150.67388023868003,-33.722757887216424,150.6744202712279
1785485900.2091866,step,163.09635215683852,-542.1674545274536,163.09635215683852,-492.16745452745363,-33.72275788724257,150.6738802385635,-33.72275788724257,150.67442027111133
1785485900.2133338,step,163.09634923012237,-542.1674653641443,163.09634923012237,-492.1674653641443,-33.72275788726886,150.67388023844646,-33.72275788726886,150.6744202709943
1785485900.2176025,step,163.0963462874517,-542.1674762463833,163.0963462874517,-492.16747624638333,-33.7227578872953,150.6738802383289,-33.7227578872953,150.67442027087674
1785485900.2210164,step,163.0963433289129,-542.167487174027,163.0963433289129,-492.167487174027,-33.722757887321876,150.67388023821087,-33.722757887321876,150.67442027075873
1785485900.22511,step,163.09634035459314,-542.1674981469287,163.09634035459314,-492.16749814692866,-33.72275788734859,150.67388023809238,-33.72275788734859,150.6744202706402
1785485900.2294798,step,163.09633736458093,-542.1675091649402,163.09633736458093,-492.16750916494016,-33.72275788737546,150.67388023797338,-33.72275788737546,150.6744202705212
1785485900.2332885,step,163.0963343589641,-542.167520227912,163.0963343589641,-492.16752022791195,-33.72275788740245,150.6738802378539,-33.72275788740245,150.67442027040173
1785485900.2373936,step,163.09633133783194,-542.1675313356909,163.09633133783194,-492.1675313356909,-33.722757887429594,150.6738802377339,-33.722757887429594,150.67442027028176
1785485900.2414665,step,163.09632830127353,-542.167542488122,163.09632830127353,-492.16754248812197,-33.72275788745687,150.67388023761345,-33.72275788745687,150.6744202701613
1785485900.245149,step,163.09632524937825,-542.1675536850493,163.09632524937825,-492.16755368504926,-33.722757887484285,150.6738802374925,-33.722757887484285,150.67442027004037
1785485900.2491727,step,163.0963221822369,-542.1675649263154,163.0963221822369,-492.16756492631544,-33.72275788751184,150.67388023737112,-33.72275788751184,150.67442026991895
1785485900.2530465,step,163.0963190999397,-542.1675762117588,163.0963190999397,-492.16757621175884,-33.72275788753953,150.67388023724922,-33.72275788753953,150.67442026979705
1785485900.2570283,step,163.0963160025782,-542.1675875412186,163.0963160025782,-492.1675875412186,-33.722757887567354,150.67388023712687,-33.722757887567354,150.6744202696747
1785485900.2611976,step,163.09631289024318,-542.1675989145301,163.09631289024318,-492.1675989145301,-33.722757887595314,150.67388023700403,-33.722757887595314,150.67442026955186
1785485900.2651744,step,163.09630976302643,-542.1676103315273,163.09630976302643,-492.16761033152727,-33.7227578876234,150.6738802368807,-33.7227578876234,150.67442026942854
1785485900.2693348,step,163.09630662102023,-542.1676217920434,163.09630662102023,-492.1676217920434,-33.722757887651625,150.67388023675693,-33.722757887651625,150.67442026930476
1785485900.273359,step,163.09630346431788,-542.1676332959076,163.09630346431788,-492.16763329590765,-33.72275788767998,150.67388023663267,-33.72275788767998,150.6744202691805
1785485900.2776856,step,163.09630029301226,-542.167644842951,163.09630029301226,-492.16764484295095,-33.722757887708475,150.67388023650796,-33.722757887708475,150.6744202690558
1785485900.2819982,step,163.09629710719653,-542.167656433,163.09629710719653,-492.16765643300005,-33.72275788773709,150.6738802363828,-33.72275788773709,150.67442026893062
1785485900.2861202,step,163.09629390696554,-542.1676680658793,163.09629390696554,-492.1676680658793,-33.72275788776584,150.67388023625713,-33.72275788776584,150.67442026880497
1785485900.2900891,step,163.09629069241325,-542.1676797414123,163.09629069241325,-492.16767974141226,-33.722757887794714,150.67388023613103,-33.722757887794714,150.67442026867886
1785485900.2932544,step,163.0962874636348,-542.1676914594199,163.0962874636348,-492.16769145941987,-33.72275788782372,150.67388023600446,-33.72275788782372,150.6744202685523
1785485900.2978218,step,163.09628422072538,-542.1677032197214,163.09628422072538,-492.1677032197214,-33.72275788785285,150.67388023587745,-33.72275788785285,150.67442026842528
1785485900.3020508,step,163.09628096378088,-542.1677150221353,163.09628096378088,-492.1677150221353,-33.72275788788211,150.67388023574998,-33.72275788788211,150.6744202682978
1785485900.3053687,step,163.09627769289708,-542.1677268664785,163.09627769289708,-492.16772686647846,-33.72275788791149,150.67388023562205,-33.72275788791149,150.67442026816988
1785485900.3096929,step,163.09627440817022,-542.1677387525641,163.09627440817022,-492.1677387525641,-33.722757887941,150.67388023549367,-33.722757887941,150.6744202680415
1785485900.3135452,step,163.0962711096974,-542.1677506802051,163.0962711096974,-492.16775068020513,-33.72275788797063,150.67388023536483,-33.72275788797063,150.6744202679127
1785485900.3178635,step,163.09626779757588,-542.167762649211,163.09626779757588,-492.167762649211,-33.72275788800038,150.67388023523557,-33.72275788800038,150.6744202677834
1785485900.3210745,step,163.09626447190328,-542.1677746593921,163.09626447190328,-492.1677746593921,-33.72275788803026,150.67388023510586,-33.72275788803026,150.6744202676537
1785485900.3253515,step,163.09626113277758,-542.1677867105566,163.09626113277758,-492.1677867105566,-33.72275788806025,150.67388023497568,-33.72275788806025,150.67442026752354
1785485900.3291926,step,163.09625778029718,-542.1677988025114,163.09625778029718,-492.16779880251136,-33.72275788809037,150.6738802348451,-33.72275788809037,150.67442026739295
1785485900.3336647,step,163.09625441456038,-542.1678109350598,163.09625441456038,-492.16781093505983,-33.722757888120604,150.67388023471406,-33.722757888120604,150.6744202672619
1785485900.3376439,step,163.0962510356663,-542.1678231080041,163.0962510356663,-492.1678231080041,-33.72275788815096,150.67388023458258,-33.72275788815096,150.67442026713042
1785485900.341612,step,163.0962476437142,-542.167835321146,163.0962476437142,-492.16783532114596,-33.72275788818143,150.67388023445068,-33.72275788818143,150.6744202669985
1785485900.345217,step,163.0962442388044,-542.1678475742846,163.0962442388044,-492.16784757428456,-33.722757888212016,150.67388023431832,-33.722757888212016,150.67442026686618
1785485900.3491464,step,163.09624082103707,-542.1678598672181,163.09624082103707,-492.1678598672181,-33.72275788824272,150.67388023418556,-33.72275788824272,150.6744202667334
1785485900.3534787,step,163.0962373905127,-542.1678721997428,163.0962373905127,-492.16787219974276,-33.722757888273534,150.67388023405235,-33.722757888273534,150.6744202666002
1785485900.357357,step,163.09623394733208,-542.1678845716531,163.09623394733208,-492.1678845716531,-33.722757888304464,150.67388023391874,-33.722757888304464,150.67442026646657
1785485900.3616705,step,163.09623049159603,-542.1678969827424,163.09623049159603,-492.1678969827424,-33.72275788833551,150.67388023378467,-33.72275788833551,150.67442026633253
1785485900.3657613,step,163.09622702340678,-542.1679094328023,163.09622702340678,-492.1679094328023,-33.722757888366665,150.6738802336502,-33.722757888366665,150.67442026619807
1785485900.3696392,step,163.09622354286577,-542.1679219216244,163.09622354286577,-492.1679219216244,-33.72275788839793,150.67388023351532,-33.72275788839793,150.67442026606318
1785485900.3738742,step,163.0962200500746,-542.1679344489955,163.0962200500746,-492.16793444899554,-33.72275788842931,150.67388023338003,-33.72275788842931,150.67442026592786
1785485900.3773086,step,163.09621654513595,-542.1679470147038,163.09621654513595,-492.1679470147038,-33.72275788846079,150.67388023324432,-33.72275788846079,150.67442026579215
1785485900.3814964,step,163.0962130281521,-542.167959618535,163.0962130281521,-492.16795961853495,-33.72275788849238,150.67388023310818,-33.72275788849238,150.674420265656
1785485900.3852584,step,163.09620949922672,-542.167972260272,163.09620949922672,-492.167972260272,-33.722757888524086,150.67388023297164,-33.722757888524086,150.67442026551947
1785485900.389272,step,163.09620595846306,-542.167984939699,163.09620595846306,-492.16798493969895,-33.72275788855589,150.67388023283468,-33.72275788855589,150.67442026538254
1785485900.3933353,step,163.09620240596465,-542.1679976565972,163.09620240596465,-492.1679976565972,-33.7227578885878,150.67388023269734,-33.7227578885878,150.67442026524517
1785485900.3971965,step,163.09619884183564,-542.1680104107462,163.09619884183564,-492.1680104107462,-33.72275788861982,150.67388023255958,-33.72275788861982,150.67442026510741
1785485900.401148,step,163.09619526618,-542.1680232019249,163.09619526618,-492.16802320192494,-33.72275788865194,150.67388023242142,-33.72275788865194,150.67442026496929
1785485900.4053016,step,163.0961916791021,-542.1680360299097,163.0961916791021,-492.1680360299097,-33.722757888684164,150.67388023228287,-33.722757888684164,150.67442026483073
1785485900.4092448,step,163.09618808070647,-542.1680488944758,163.09618808070647,-492.16804889447576,-33.72275788871649,150.67388023214394,-33.72275788871649,150.67442026469178
1785485900.41321,step,163.0961844710988,-542.1680617953966,163.0961844710988,-492.1680617953966,-33.722757888748916,150.6738802320046,-33.722757888748916,150.67442026455245
1785485900.4172304,step,163.0961808503838,-542.1680747324472,163.0961808503838,-492.16807473244717,-33.72275788878144,150.67388023186487,-33.72275788878144,150.6744202644127
1785485900.4213197,step,163.09617721866744,-542.1680877053982,163.09617721866744,-492.1680877053982,-33.722757888814066,150.67388023172475,-33.722757888814066,150.67442026427258
1785485900.4261494,step,163.0961735760553,-542.1681007140198,163.0961735760553,-492.16810071401983,-33.722757888846786,150.67388023158426,-33.722757888846786,150.6744202641321
1785485900.429738,step,163.0961699226537,-542.1681137580799,163.0961699226537,-492.1681137580799,-33.722757888879606,150.67388023144338,-33.722757888879606,150.6744202639912
1785485900.4332411,step,163.0961662585692,-542.1681268373466,163.0961662585692,-492.16812683734656,-33.72275788891252,150.6738802313021,-33.72275788891252,150.67442026384995
1785485900.4375436,step,163.0961625839085,-542.1681399515863,163.0961625839085,-492.16813995158634,-33.72275788894553,150.67388023116047,-33.72275788894553,150.6744202637083
1785485900.441219,step,163.09615889877787,-542.1681531005632,163.09615889877787,-492.16815310056325,-33.722757888978634,150.67388023101844,-33.722757888978634,150.67442026356628
1785485900.445484,step,163.0961552032844,-542.168166284039,163.0961552032844,-492.168166284039,-33.72275788901183,150.67388023087605,-33.72275788901183,150.67442026342388
1785485900.449138,step,163.0961514975361,-542.1681795017782,163.0961514975361,-492.16817950177824,-33.72275788904512,150.6738802307333,-33.72275788904512,150.67442026328112
1785485900.453097,step,163.09614778164016,-542.1681927535424,163.09614778164016,-492.16819275354237,-33.7227578890785,150.67388023059016,-33.7227578890785,150.67442026313802
1785485900.4579356,step,163.09614405570477,-542.1682060390893,163.09614405570477,-492.16820603908934,-33.72275788911197,150.67388023044668,-33.72275788911197,150.67442026299452
1785485900.4612958,step,163.09614031983773,-542.1682193581768,163.09614031983773,-492.16821935817677,-33.72275788914553,150.6738802303028,-33.72275788914553,150.67442026285065
1785485900.4652064,step,163.09613657414715,-542.168232710563,163.09613657414715,-492.16823271056296,-33.72275788917918,150.6738802301586,-33.72275788917918,150.67442026270643
1785485900.4696467,step,163.0961328187416,-542.1682460960033,163.0961328187416,-492.16824609600326,-33.722757889212915,150.67388023001402,-33.722757889212915,150.67442026256188
1785485900.47394,step,163.0961290537291,-542.1682595142519,163.0961290537291,-492.1682595142519,-33.722757889246736,150.6738802298691,-33.722757889246736,150.67442026241696
1785485900.4774847,step,163.09612527921922,-542.1682729650632,163.09612527921922,-492.16827296506324,-33.72275788928064,150.67388022972384,-33.72275788928064,150.67442026227167
1785485900.4813786,step,163.096121495321,-542.1682864481879,163.096121495321,-492.1682864481879,-33.722757889314636,150.6738802295782,-33.722757889314636,150.67442026212603
1785485900.4850738,step,163.09611770214337,-542.1682999633779,163.09611770214337,-492.1682999633779,-33.722757889348706,150.67388022943223,-33.722757889348706,150.67442026198006
1785485900.4891956,step,163.09611389979528,-542.1683135103824,163.09611389979528,-492.1683135103824,-33.72275788938286,150.6738802292859,-33.72275788938286,150.67442026183375
1785485900.493038,step,163.0961100883865,-542.1683270889512,163.0961100883865,-492.1683270889512,-33.7227578894171,150.67388022913926,-33.7227578894171,150.6744202616871
1785485900.4971368,step,163.09610626802663,-542.1683406988295,163.09610626802663,-492.1683406988295,-33.72275788945142,150.67388022899226,-33.72275788945142,150.6744202615401
1785485900.5013027,step,163.09610243882594,-542.1683543397646,163.09610243882594,-492.1683543397646,-33.72275788948582,150.67388022884492,-33.72275788948582,150.67442026139278
1785485900.5054672,step,163.09609860089472,-542.1683680115015,163.09609860089472,-492.16836801150146,-33.722757889520295,150.67388022869727,-33.722757889520295,150.6744202612451
1785485900.509235,step,163.09609475434254,-542.168381713783,163.09609475434254,-492.168381713783,-33.72275788955485,150.67388022854928,-33.72275788955485,150.6744202610971
1785485900.5131845,step,163.09609089928077,-542.1683954463524,163.09609089928077,-492.1683954463524,-33.72275788958948,150.67388022840095,-33.72275788958948,150.67442026094878
1785485900.5171611,step,163.09608703581964,-542.1684092089531,163.09608703581964,-492.1684092089531,-33.722757889624184,150.6738802282523,-33.722757889624184,150.67442026080016
1785485900.5214148,step,163.09608316406994,-542.1684230013232,163.09608316406994,-492.16842300132316,-33.722757889658965,150.67388022810334,-33.722757889658965,150.67442026065117
1785485900.5254946,step,163.09607928414243,-542.1684368232019,163.09607928414243,-492.1684368232019,-33.72275788969382,150.67388022795404,-33.72275788969382,150.6744202605019
1785485900.5301514,step,163.09607539614836,-542.1684506743301,163.09607539614836,-492.1684506743301,-33.72275788972875,150.67388022780446,-33.72275788972875,150.6744202603523
1785485900.53345,step,163.0960715001983,-542.1684645544439,163.0960715001983,-492.16846455444386,-33.72275788976374,150.67388022765454,-33.72275788976374,150.67442026020237
1785485900.5374722,step,163.09606759640417,-542.1684784632788,163.09606759640417,-492.1684784632788,-33.722757889798814,150.67388022750433,-33.722757889798814,150.67442026005216
1785485900.5411534,step,163.0960636848771,-542.168492400569,163.0960636848771,-492.168492400569,-33.72275788983395,150.67388022735378,-33.72275788983395,150.67442025990164
1785485900.5453444,step,163.096059765729,-542.1685063660484,163.096059765729,-492.1685063660484,-33.72275788986916,150.67388022720294,-33.72275788986916,150.67442025975078
1785485900.5494113,step,163.0960558390707,-542.1685203594519,163.0960558390707,-492.1685203594519,-33.72275788990443,150.6738802270518,-33.72275788990443,150.67442025959966
1785485900.5533557,step,163.09605190501466,-542.1685343805116,163.09605190501466,-492.1685343805116,-33.72275788993977,150.67388022690037,-33.72275788993977,150.67442025944823
1785485900.5575626,step,163.09604796367285,-542.1685484289576,163.09604796367285,-492.1685484289576,-33.72275788997518,150.67388022674865,-33.72275788997518,150.67442025929648
1785485900.5614731,step,163.09604401515742,-542.1685625045221,163.09604401515742,-492.16856250452213,-33.72275789001065,150.67388022659662,-33.72275789001065,150.67442025914445
1785485900.5653572,step,163.0960400595804,-542.1685766069328,163.0960400595804,-492.1685766069328,-33.72275789004618,150.6738802264443,-33.72275789004618,150.67442025899214
1785485900.56944,step,163.09603609705414,-542.1685907359193,163.09603609705414,-492.16859073591934,-33.72275789008177,150.6738802262917,-33.72275789008177,150.67442025883955
1785485900.5732462,step,163.0960321276902,-542.1686048912084,163.0960321276902,-492.16860489120836,-33.722757890117435,150.6738802261388,-33.722757890117435,150.67442025868664
1785485900.577488,step,163.0960281516013,-542.1686190725252,163.0960281516013,-492.1686190725252,-33.72275789015315,150.67388022598564,-33.72275789015315,150.67442025853347
1785485900.5812805,step,163.09602416890036,-542.1686332795956,163.09602416890036,-492.1686332795956,-33.72275789018893,150.6738802258322,-33.72275789018893,150.67442025838005
1785485900.5850868,step,163.09602017969962,-542.1686475121443,163.09602017969962,-492.1686475121443,-33.72275789022476,150.6738802256785,-33.72275789022476,150.67442025822632
1785485900.5889502,step,163.0960161841115,-542.1686617698955,163.0960161841115,-492.1686617698955,-33.72275789026065,150.67388022552447,-33.72275789026065,150.67442025807233
1785485900.592955,step,163.09601218224944,-542.1686760525733,163.09601218224944,-492.16867605257335,-33.722757890296606,150.67388022537023,-33.722757890296606,150.67442025791806
1785485900.5973043,step,163.09600817422563,-542.168690359898,163.09600817422563,-492.16869035989805,-33.72275789033261,150.6738802252157,-33.72275789033261,150.67442025776353
1785485900.6016445,step,163.0960041601526,-542.1687046915921,163.0960041601526,-492.1687046915921,-33.72275789036867,150.6738802250609,-33.72275789036867,150.67442025760874
1785485900.6053433,step,163.09600014014322,-542.1687190473763,163.09600014014322,-492.16871904737627,-33.72275789040478,150.67388022490584,-33.72275789040478,150.6744202574537
1785485900.6091654,step,163.095996114311,-542.1687334269708,163.095996114311,-492.1687334269708,-33.722757890440946,150.67388022475055,-33.722757890440946,150.67442025729838
1785485900.6137002,step,163.095992082769,-542.1687478300944,163.095992082769,-492.1687478300944,-33.72275789047716,150.67388022459497,-33.72275789047716,150.67442025714283
1785485900.6174471,step,163.09598804562938,-542.1687622564659,163.09598804562938,-492.1687622564659,-33.72275789051343,150.67388022443916,-33.72275789051343,150.674420256987
1785485900.6217017,step,163.09598400300618,-542.1687767058021,163.09598400300618,-492.1687767058021,-33.722757890549744,150.6738802242831,-33.722757890549744,150.67442025683096
1785485900.625402,step,163.09597995501179,-542.1687911778191,163.09597995501179,-492.1687911778191,-33.7227578905861,150.6738802241268,-33.7227578905861,150.67442025667464
1785485900.6296732,step,163.09597590175983,-542.1688056722337,163.09597590175983,-492.1688056722337,-33.72275789062252,150.67388022397026,-33.72275789062252,150.6744202565181
1785485900.6333027,step,163.09597184336315,-542.168820188761,163.09597184336315,-492.16882018876095,-33.722757890658976,150.67388022381346,-33.722757890658976,150.6744202563613
1785485900.6373792,step,163.0959677799352,-542.168834727117,163.0959677799352,-492.168834727117,-33.722757890695476,150.67388022365643,-33.722757890695476,150.6744202562043
1785485900.6415784,step,163.09596371158912,-542.168849287016,163.09596371158912,-492.168849287016,-33.72275789073202,150.67388022349917,-33.72275789073202,150.67442025604703
1785485900.64531,step,163.09595963843822,-542.1688638681712,163.09595963843822,-492.16886386817123,-33.72275789076861,150.67388022334168,-33.72275789076861,150.67442025588954
1785485900.6492913,step,163.09595556059585,-542.1688784702955,163.09595556059585,-492.16887847029545,-33.72275789080524,150.67388022318397,-33.72275789080524,150.67442025573183
1785485900.6535037,step,163.09595147817447,-542.1688930931011,163.09595147817447,-492.16889309310113,-33.72275789084192,150.67388022302603,-33.72275789084192,150.6744202555739
1785485900.6578536,step,163.09594739128855,-542.1689077363,163.09594739128855,-492.16890773629996,-33.722757890878626,150.6738802228679,-33.722757890878626,150.67442025541573
1785485900.6612222,step,163.0959433000508,-542.1689223996021,163.0959433000508,-492.16892239960214,-33.72275789091538,150.6738802227095,-33.72275789091538,150.67442025525736
1785485900.665387,step,163.09593920457417,-542.1689370827197,163.09593920457417,-492.1689370827197,-33.722757890952174,150.67388022255093,-33.722757890952174,150.67442025509877
1785485900.6691692,step,163.09593510497186,-542.1689517853633,163.09593510497186,-492.16895178536333,-33.722757890989,150.6738802223921,-33.722757890989,150.67442025493997
1785485900.6731436,step,163.09593100135777,-542.1689665072435,163.09593100135777,-492.16896650724345,-33.722757891025864,150.67388022223312,-33.722757891025864,150.67442025478096
1785485900.6769714,step,163.09592689384496,-542.1689812480686,163.09592689384496,-492.1689812480686,-33.72275789106276,150.6738802220739,-33.72275789106276,150.67442025462177
1785485900.6812115,step,163.0959227825455,-542.1689960075473,163.0959227825455,-492.1689960075473,-33.72275789109969,150.6738802219145,-33.72275789109969,150.67442025446235
1785485900.6852403,step,163.0959186675736,-542.1690107853872,163.0959186675736,-492.1690107853872,-33.72275789113666,150.6738802217549,-33.72275789113666,150.67442025430273
1785485900.6895518,step,163.09591454904233,-542.1690255812979,163.09591454904233,-492.1690255812979,-33.72275789117366,150.67388022159508,-33.72275789117366,150.67442025414292
1785485900.6935332,step,163.09591042706475,-542.1690403949877,163.09591042706475,-492.16904039498775,-33.722757891210684,150.6738802214351,-33.722757891210684,150.67442025398293
1785485900.6972468,step,163.09590630175433,-542.1690552261624,163.09590630175433,-492.1690552261624,-33.72275789124774,150.6738802212749,-33.72275789124774,150.67442025382275
1785485900.7011607,step,163.09590217322352,-542.1690700745313,163.09590217322352,-492.1690700745313,-33.72275789128483,150.67388022111453,-33.72275789128483,150.67442025366236
1785485900.7050004,step,163.09589804158531,-542.1690849397986,163.09589804158531,-492.1690849397986,-33.72275789132194,150.67388022095398,-33.72275789132194,150.6744202535018
1785485900.7092595,step,163.09589390695328,-542.169099821674,163.09589390695328,-492.16909982167397,-33.72275789135909,150.67388022079325,-33.72275789135909,150.67442025334108
1785485900.7131612,step,163.09588976944002,-542.1691147198617,163.09588976944002,-492.1691147198617,-33.72275789139625,150.67388022063233,-33.72275789139625,150.67442025318016
1785485900.717214,step,163.09588562915883,-542.1691296340667,163.09588562915883,-492.16912963406673,-33.722757891433446,150.67388022047123,-33.722757891433446,150.6744202530191
1785485900.7212446,step,163.0958814862219,-542.1691445639949,163.0958814862219,-492.1691445639949,-33.722757891470664,150.67388022031,-33.722757891470664,150.67442025285783
1785485900.7251546,step,163.09587734074202,-542.1691595093534,163.09587734074202,-492.16915950935345,-33.722757891507904,150.67388022014856,-33.722757891507904,150.67442025269642
1785485900.7290487,step,163.0958731928318,-542.1691744698466,163.0958731928318,-492.16917446984655,-33.722757891545164,150.67388021998698,-33.722757891545164,150.67442025253484
1785485900.7330244,step,163.0958690426037,-542.1691894451767,163.0958690426037,-492.1691894451767,-33.72275789158245,150.67388021982524,-33.72275789158245,150.6744202523731
1785485900.7376118,step,163.0958648901705,-542.1692044350506,163.0958648901705,-492.1692044350506,-33.72275789161974,150.67388021966335,-33.72275789161974,150.67442025221118
1785485900.7414746,step,163.09586073564518,-542.1692194391732,163.09586073564518,-492.16921943917316,-33.72275789165707,150.67388021950129,-33.72275789165707,150.67442025204915
1785485900.7454531,step,163.09585657913888,-542.1692344572505,163.09585657913888,-492.16923445725047,-33.72275789169441,150.67388021933908,-33.72275789169441,150.67442025188694
1785485900.7496006,step,163.09585242076466,-542.169249488986,163.09585242076466,-492.169249488986,-33.72275789173176,150.67388021917674,-33.72275789173176,150.67442025172457
1785485900.7533503,step,163.09584826063454,-542.1692645340829,163.09584826063454,-492.1692645340829,-33.72275789176913,150.67388021901425,-33.72275789176913,150.67442025156208
1785485900.7573895,step,163.0958440988603,-542.1692795922471,163.0958440988603,-492.1692795922471,-33.722757891806516,150.6738802188516,-33.722757891806516,150.67442025139945
1785485900.7612002,step,163.0958399355543,-542.1692946631815,163.0958399355543,-492.1692946631815,-33.72275789184391,150.67388021868882,-33.72275789184391,150.67442025123665
1785485900.765102,step,163.0958357708279,-542.1693097465914,163.0958357708279,-492.16930974659135,-33.72275789188133,150.6738802185259,-33.72275789188133,150.67442025107374
1785485900.7692251,step,163.0958316047928,-542.1693248421806,163.0958316047928,-492.1693248421806,-33.722757891918754,150.67388021836288,-33.722757891918754,150.6744202509107
1785485900.7733989,step,163.09582743756152,-542.1693399496536,163.09582743756152,-492.1693399496536,-33.722757891956185,150.6738802181997,-33.722757891956185,150.67442025074754
1785485900.777339,step,163.09582326924544,-542.1693550687158,163.09582326924544,-492.16935506871584,-33.72275789199363,150.6738802180364,-33.72275789199363,150.67442025058423
1785485900.7813776,step,163.09581909995558,-542.1693701990716,163.09581909995558,-492.16937019907164,-33.72275789203108,150.67388021787298,-33.72275789203108,150.67442025042084
1785485900.785135,step,163.09581492980362,-542.1693853404275,163.09581492980362,-492.16938534042754,-33.72275789206854,150.67388021770944,-33.72275789206854,150.6744202502573
1785485900.7891457,step,163.09581075890074,-542.1694004924866,163.09581075890074,-492.1694004924866,-33.72275789210601,150.6738802175458,-33.72275789210601,150.67442025009365
1785485900.7934058,step,163.0958065873576,-542.1694156549536,163.0958065873576,-492.1694156549536,-33.722757892143484,150.67388021738202,-33.722757892143484,150.67442024992988
1785485900.7972038,step,163.09580241528522,-542.1694308275329,163.09580241528522,-492.1694308275329,-33.722757892180965,150.67388021721817,-33.722757892180965,150.674420249766
1785485900.8014026,step,163.09579824279388,-542.1694460099294,163.09579824279388,-492.1694460099294,-33.722757892218446,150.67388021705418,-33.722757892218446,150.67442024960204
1785485900.8053246,step,163.09579406999444,-542.1694612018489,163.09579406999444,-492.1694612018489,-33.72275789225593,150.6738802168901,-33.72275789225593,150.67442024943793
1785485900.809297,step,163.0957898969982,-542.1694764029984,163.0957898969982,-492.1694764029984,-33.722757892293416,150.6738802167259,-33.722757892293416,150.67442024927377
1785485900.8131025,step,163.09578572391555,-542.1694916130839,163.09578572391555,-492.1694916130839,-33.722757892330904,150.67388021656163,-33.722757892330904,150.6744202491095
1785485900.8171594,step,163.09578155085617,-542.1695068318106,163.09578155085617,-492.1695068318106,-33.72275789236839,150.67388021639727,-33.72275789236839,150.6744202489451
1785485900.8216763,step,163.09577737793063,-542.1695220588862,163.09577737793063,-492.1695220588862,-33.72275789240588,150.6738802162328,-33.72275789240588,150.67442024878065
1785485900.825452,step,163.09577320524878,-542.169537294016,163.09577320524878,-492.169537294016,-33.72275789244336,150.67388021606826,-33.72275789244336,150.6744202486161
1785485900.8296995,step,163.09576903292077,-542.1695525369053,163.09576903292077,-492.16955253690526,-33.72275789248084,150.6738802159036,-33.72275789248084,150.67442024845147
1785485900.8334327,step,163.0957648610556,-542.1695677872632,163.0957648610556,-492.1695677872632,-33.72275789251832,150.6738802157389,-33.72275789251832,150.67442024828674
1785485900.837213,step,163.095760689763,-542.169583044798,163.095760689763,-492.16958304479795,-33.72275789255579,150.67388021557412,-33.72275789255579,150.67442024812195
1785485900.8419785,step,163.09575651915154,-542.1695983092166,163.09575651915154,-492.16959830921655,-33.72275789259326,150.67388021540924,-33.72275789259326,150.6744202479571
1785485900.8452857,step,163.09575234933092,-542.169613580226,163.09575234933092,-492.16961358022604,-33.72275789263071,150.6738802152443,-33.72275789263071,150.67442024779214
1785485900.8492439,step,163.09574818040994,-542.1696288575356,163.09574818040994,-492.1696288575356,-33.72275789266816,150.6738802150793,-33.72275789266816,150.67442024762715
1785485900.8534462,step,163.09574401249762,-542.1696441408527,163.09574401249762,-492.1696441408527,-33.7227578927056,150.67388021491425,-33.7227578927056,150.67442024746208
1785485900.8574047,step,163.0957398457021,-542.1696594298888,163.0957398457021,-492.16965942988884,-33.72275789274303,150.67388021474912,-33.72275789274303,150.67442024729695
1785485900.861731,step,163.09573568013184,-542.1696747243523,163.09573568013184,-492.16967472435226,-33.72275789278045,150.6738802145839,-33.72275789278045,150.67442024713176
1785485900.865345,step,163.0957315158955,-542.169690023952,163.0957315158955,-492.16969002395194,-33.72275789281786,150.67388021441866,-33.72275789281786,150.67442024696652
1785485900.8693097,step,163.0957273531005,-542.1697053283995,163.0957273531005,-492.16970532839946,-33.722757892855256,150.67388021425336,-33.722757892855256,150.67442024680122
1785485900.8732357,step,163.09572319185412,-542.1697206374054,163.09572319185412,-492.16972063740536,-33.72275789289264,150.67388021408803,-33.72275789289264,150.67442024663586
1785485900.8773103,step,163.09571903226447,-542.1697359506832,163.09571903226447,-492.16973595068316,-33.722757892930005,150.67388021392264,-33.722757892930005,150.67442024647048
1785485900.8815546,step,163.0957148744396,-542.1697512679432,163.0957148744396,-492.1697512679432,-33.72275789296735,150.6738802137572,-33.72275789296735,150.67442024630503
1785485900.885414,step,163.09571071848666,-542.169766588899,163.09571071848666,-492.16976658889905,-33.72275789300469,150.67388021359173,-33.72275789300469,150.67442024613956
1785485900.8893445,step,163.09570656451285,-542.1697819132631,163.09570656451285,-492.16978191326314,-33.722757893042,150.6738802134262,-33.722757893042,150.67442024597403
1785485900.8937206,step,163.09570241262443,-542.1697972407488,163.09570241262443,-492.16979724074884,-33.7227578930793,150.67388021326065,-33.7227578930793,150.6744202458085
1785485900.8971536,step,163.0956982629288,-542.1698125710697,163.0956982629288,-492.16981257106966,-33.72275789311658,150.6738802130951,-33.72275789311658,150.67442024564292
1785485900.9014468,step,163.09569411553244,-542.1698279039384,163.09569411553244,-492.1698279039384,-33.72275789315383,150.67388021292948,-33.72275789315383,150.6744202454773
1785485900.9055088,step,163.0956899705412,-542.1698432390713,163.0956899705412,-492.16984323907127,-33.722757893191066,150.67388021276383,-33.722757893191066,150.6744202453117
1785485900.9091728,step,163.09568582806153,-542.169858576184,163.09568582806153,-492.16985857618397,-33.722757893228284,150.6738802125982,-33.722757893228284,150.67442024514602
1785485900.913235,step,163.09568168819874,-542.1698739149908,163.09568168819874,-492.16987391499083,-33.72275789326547,150.67388021243252,-33.72275789326547,150.67442024498038
1785485900.9171975,step,163.09567755105806,-542.169889255211,163.09567755105806,-492.16988925521105,-33.722757893302635,150.67388021226685,-33.722757893302635,150.67442024481468
1785485900.9211266,step,163.0956734167455,-542.1699045965611,163.0956734167455,-492.1699045965611,-33.722757893339775,150.67388021210115,-33.722757893339775,150.67442024464899
1785485900.925141,step,163.09566928536617,-542.1699199387577,163.09566928536617,-492.16991993875774,-33.72275789337689,150.67388021193545,-33.72275789337689,150.6744202444833
1785485900.929155,step,163.09566515702468,-542.1699352815224,163.09566515702468,-492.1699352815224,-33.72275789341397,150.67388021176973,-33.72275789341397,150.67442024431756
1785485900.9331367,step,163.09566103182547,-542.16995062457,163.09566103182547,-492.16995062457,-33.722757893451025,150.673880211604,-33.722757893451025,150.67442024415186
1785485900.937622,step,163.095656909873,-542.169965967623,163.095656909873,-492.16996596762306,-33.72275789348806,150.6738802114383,-33.72275789348806,150.67442024398613
1785485900.9410882,step,163.09565279127176,-542.1699813104012,163.09565279127176,-492.1699813104012,-33.722757893525056,150.67388021127258,-33.722757893525056,150.67442024382044
1785485900.945104,step,163.095648676125,-542.1699966526255,163.095648676125,-492.1699966526255,-33.72275789356202,150.67388021110688,-33.72275789356202,150.67442024365474
1785485900.9492006,step,163.09564456453634,-542.1700119940167,163.09564456453634,-492.1700119940167,-33.72275789359895,150.67388021094118,-33.72275789359895,150.67442024348904
1785485900.9530897,step,163.09564045660977,-542.1700273342959,163.09564045660977,-492.1700273342959,-33.72275789363586,150.6738802107755,-33.72275789363586,150.67442024332334
1785485900.9571934,step,163.0956363524489,-542.1700426731877,163.0956363524489,-492.1700426731877,-33.72275789367273,150.67388021060984,-33.72275789367273,150.67442024315767
1785485900.9610484,step,163.09563225215612,-542.1700580104158,163.09563225215612,-492.1700580104158,-33.722757893709556,150.67388021044417,-33.722757893709556,150.67442024299203
1785485900.9653358,step,163.09562815583433,-542.1700733457048,163.09562815583433,-492.17007334570485,-33.722757893746355,150.67388021027855,-33.722757893746355,150.6744202428264
1785485900.969331,step,163.09562406358546,-542.1700886787817,163.09562406358546,-492.17008867878167,-33.72275789378312,150.67388021011294,-33.72275789378312,150.67442024266077
1785485900.9731922,step,163.09561997551234,-542.1701040093737,163.09561997551234,-492.17010400937374,-33.72275789381984,150.67388020994736,-33.72275789381984,150.6744202424952
1785485900.9770093,step,163.0956158917168,-542.1701193372047,163.0956158917168,-492.1701193372047,-33.722757893856524,150.6738802097818,-33.722757893856524,150.67442024232966
1785485900.9814932,step,163.09561181230114,-542.1701346620041,163.09561181230114,-492.1701346620041,-33.722757893893174,150.6738802096163,-33.722757893893174,150.67442024216413
1785485900.9853666,step,163.09560773736612,-542.1701499834991,163.09560773736612,-492.1701499834991,-33.722757893929774,150.6738802094508,-33.722757893929774,150.67442024199866
1785485900.9893434,step,163.09560366701302,-542.1701653014186,163.09560366701302,-492.1701653014186,-33.72275789396634,150.67388020928536,-33.72275789396634,150.67442024183322
1785485900.9930072,step,163.09559960134192,-542.1701806154927,163.09559960134192,-492.17018061549265,-33.72275789400287,150.67388020911997,-33.72275789400287,150.6744202416678
1785485900.9973383,step,163.0955955404538,-542.1701959254501,163.0955955404538,-492.1701959254501,-33.72275789403935,150.6738802089546,-33.72275789403935,150.67442024150245
1785485901.0010216,step,163.09559148444887,-542.170211231024,163.09559148444887,-492.17021123102404,-33.72275789407578,150.67388020878929,-33.72275789407578,150.67442024133715
1785485901.0049715,step,163.09558743342748,-542.1702265319441,163.09558743342748,-492.1702265319441,-33.72275789411217,150.67388020862404,-33.72275789411217,150.67442024117187
1785485901.009409,step,163.09558338748917,-542.1702418279455,163.09558338748917,-492.17024182794546,-33.722757894148515,150.67388020845883,-33.722757894148515,150.67442024100666
1785485901.0129952,step,163.09557934673344,-542.1702571187614,163.09557934673344,-492.17025711876136,-33.72275789418482,150.67388020829367,-33.72275789418482,150.67442024084153
1785485901.0168996,step,163.0955753112594,-542.1702724041256,163.0955753112594,-492.1702724041256,-33.72275789422107,150.6738802081286,-33.72275789422107,150.67442024067643
1785485901.021996,step,163.09557128116606,-542.1702876837754,163.09557128116606,-492.1702876837754,-33.72275789425727,150.67388020796355,-33.72275789425727,150.6744202405114
1785485901.0252118,step,163.0955672565516,-542.1703029574467,163.0955672565516,-492.17030295744667,-33.72275789429342,150.6738802077986,-33.72275789429342,150.67442024034642
1785485901.029316,step,163.09556323751394,-542.1703182248751,163.09556323751394,-492.17031822487513,-33.722757894329526,150.6738802076337,-33.722757894329526,150.67442024018155
1785485901.0332816,step,163.0955592241515,-542.1703334857984,163.0955592241515,-492.17033348579844,-33.72275789436558,150.67388020746887,-33.72275789436558,150.6744202400167
1785485901.037167,step,163.09555521656154,-542.1703487399567,163.09555521656154,-492.1703487399567,-33.722757894401575,150.6738802073041,-33.722757894401575,150.67442023985194
1785485901.041259,step,163.09555121484155,-542.1703639870905,163.09555121484155,-492.17036398709047,-33.72275789443753,150.67388020713943,-33.72275789443753,150.67442023968727
1785485901.045379,step,163.09554721908916,-542.1703792269428,163.09554721908916,-492.1703792269428,-33.72275789447342,150.67388020697484,-33.72275789447342,150.67442023952268
1785485901.0491729,step,163.0955432294003,-542.1703944592532,163.0955432294003,-492.1703944592532,-33.72275789450926,150.6738802068103,-33.72275789450926,150.67442023935814
1785485901.0531576,step,163.09553924587195,-542.1704096837645,163.09553924587195,-492.17040968376455,-33.72275789454505,150.6738802066459,-33.72275789454505,150.67442023919372
1785485901.0573983,step,163.09553526860057,-542.1704249002199,163.09553526860057,-492.1704249002199,-33.72275789458077,150.67388020648153,-33.72275789458077,150.67442023902936
1785485901.061108,step,163.09553129768165,-542.1704401083649,163.09553129768165,-492.1704401083649,-33.72275789461644,150.67388020631728,-33.72275789461644,150.6744202388651
1785485901.065121,step,163.09552733321027,-542.1704553079453,163.09552733321027,-492.1704553079453,-33.722757894652055,150.67388020615311,-33.722757894652055,150.67442023870095
1785485901.0691576,step,163.09552337528234,-542.1704704987076,163.09552337528234,-492.1704704987076,-33.72275789468761,150.67388020598904,-33.72275789468761,150.67442023853687
1785485901.0731149,step,163.0955194239932,-542.1704856803979,163.0955194239932,-492.17048568039786,-33.72275789472311,150.67388020582507,-33.72275789472311,150.6744202383729
1785485901.0771658,step,163.09551547943673,-542.1705008527648,163.09551547943673,-492.1705008527648,-33.722757894758544,150.6738802056612,-33.722757894758544,150.67442023820902
1785485901.0812037,step,163.0955115417073,-542.1705160155601,163.0955115417073,-492.1705160155601,-33.722757894793915,150.67388020549743,-33.722757894793915,150.67442023804526
1785485901.0858402,step,163.09550761089923,-542.1705311685325,163.09550761089923,-492.17053116853253,-33.72275789482922,150.67388020533377,-33.72275789482922,150.6744202378816
1785485901.0891929,step,163.09550368710592,-542.1705463114341,163.09550368710592,-492.1705463114341,-33.72275789486447,150.6738802051702,-33.72275789486447,150.67442023771804
1785485901.0934196,step,163.09549977042147,-542.170561444018,163.09549977042147,-492.17056144401795,-33.72275789489966,150.67388020500675,-33.72275789489966,150.6744202375546
1785485901.0973072,step,163.09549586093752,-542.1705765660373,163.09549586093752,-492.1705765660373,-33.72275789493477,150.67388020484344,-33.72275789493477,150.67442023739127
1785485901.100984,step,163.09549195874723,-542.1705916772454,163.09549195874723,-492.1705916772454,-33.72275789496983,150.67388020468022,-33.72275789496983,150.67442023722808
1785485901.105555,step,163.0954880639431,-542.1706067773978,163.0954880639431,-492.1706067773978,-33.72275789500482,150.67388020451713,-33.72275789500482,150.67442023706496
1785485901.1091785,step,163.0954841766168,-542.1706218662516,163.0954841766168,-492.1706218662516,-33.722757895039734,150.67388020435416,-33.722757895039734,150.674420236902
1785485901.113427,step,163.09548029686064,-542.1706369435657,163.09548029686064,-492.1706369435657,-33.72275789507459,150.67388020419133,-33.72275789507459,150.67442023673917
1785485901.117431,step,163.09547642476505,-542.1706520090986,163.09547642476505,-492.1706520090986,-33.722757895109375,150.6738802040286,-33.722757895109375,150.67442023657645
1785485901.1213498,step,163.09547256042208,-542.1706670626096,163.09547256042208,-492.1706670626096,-33.722757895144085,150.67388020386602,-33.722757895144085,150.67442023641385
1785485901.1252403,step,163.09546870392236,-542.1706821038604,163.09546870392236,-492.1706821038604,-33.72275789517873,150.67388020370356,-33.72275789517873,150.6744202362514
1785485901.1291134,step,163.095464855356,-542.1706971326131,163.095464855356,-492.1706971326131,-33.722757895213306,150.67388020354124,-33.722757895213306,150.67442023608908
1785485901.1330492,step,163.09546101481254,-542.1707121486312,163.09546101481254,-492.1707121486312,-33.7227578952478,150.67388020337907,-33.7227578952478,150.6744202359269
1785485901.1370234,step,163.09545718238257,-542.1707271516792,163.09545718238257,-492.1707271516792,-33.72275789528223,150.673880203217,-33.72275789528223,150.67442023576487
1785485901.1411633,step,163.09545335815534,-542.1707421415229,163.09545335815534,-492.17074214152285,-33.72275789531658,150.67388020305512,-33.72275789531658,150.67442023560295
1785485901.1454713,step,163.09544954221863,-542.1707571179285,163.09544954221863,-492.1707571179285,-33.72275789535086,150.67388020289337,-33.72275789535086,150.6744202354412
1785485901.149201,step,163.09544573466152,-542.1707720806655,163.09544573466152,-492.17077208066553,-33.722757895385065,150.67388020273177,-33.722757895385065,150.6744202352796
1785485901.153042,step,163.09544193557278,-542.1707870295013,163.09544193557278,-492.1707870295013,-33.72275789541919,150.6738802025703,-33.72275789541919,150.67442023511813
1785485901.1574543,step,163.09543814504025,-542.1708019642091,163.09543814504025,-492.1708019642091,-33.72275789545324,150.67388020240898,-33.72275789545324,150.67442023495684
1785485901.1612635,step,163.09543436315124,-542.1708168845587,163.09543436315124,-492.1708168845587,-33.72275789548722,150.67388020224783,-33.72275789548722,150.6744202347957
1785485901.1656468,step,163.0954305899925,-542.1708317903234,163.0954305899925,-492.1708317903234,-33.72275789552111,150.67388020208685,-33.72275789552111,150.67442023463468
1785485901.1690114,step,163.0954268256511,-542.1708466812784,163.0954268256511,-492.17084668127836,-33.72275789555493,150.673880201926,-33.72275789555493,150.67442023447387
1785485901.1731381,step,163.09542307021445,-542.1708615571995,163.09542307021445,-492.1708615571995,-33.722757895588664,150.67388020176534,-33.722757895588664,150.6744202343132
1785485901.1772335,step,163.09541932376814,-542.1708764178622,163.09541932376814,-492.17087641786225,-33.722757895622316,150.67388020160485,-33.722757895622316,150.67442023415268
1785485901.1816258,step,163.095415586398,-542.1708912630453,163.095415586398,-492.1708912630453,-33.72275789565589,150.67388020144452,-33.72275789565589,150.67442023399235
1785485901.1852224,step,163.09541185818986,-542.1709060925261,163.09541185818986,-492.17090609252614,-33.722757895689384,150.67388020128433,-33.722757895689384,150.67442023383217
1785485901.1895516,step,163.09540813922857,-542.1709209060862,163.09540813922857,-492.17092090608617,-33.72275789572279,150.67388020112435,-33.72275789572279,150.67442023367218
1785485901.193168,step,163.0954044295991,-542.1709357035076,163.0954044295991,-492.17093570350755,-33.72275789575611,150.67388020096453,-33.72275789575611,150.67442023351236
1785485901.1982508,step,163.0954007293859,-542.1709504845735,163.0954007293859,-492.1709504845735,-33.72275789578936,150.6738802008049,-33.72275789578936,150.67442023335272
1785485901.2013392,step,163.09539703867267,-542.1709652490682,163.09539703867267,-492.1709652490682,-33.72275789582251,150.6738802006454,-33.72275789582251,150.67442023319325
1785485901.2051017,step,163.0953933575431,-542.1709799967773,163.0953933575431,-492.1709799967773,-33.72275789585557,150.67388020048614,-33.72275789585557,150.67442023303397
1785485901.2091923,step,163.0953896860805,-542.1709947274895,163.0953896860805,-492.17099472748953,-33.722757895888556,150.67388020032703,-33.722757895888556,150.67442023287487
1785485901.2132018,step,163.09538602436785,-542.1710094409942,163.09538602436785,-492.1710094409942,-33.72275789592145,150.6738802001681,-33.72275789592145,150.67442023271596
1785485901.2170916,step,163.09538237248782,-542.1710241370795,163.09538237248782,-492.1710241370795,-33.72275789595425,150.6738802000094,-33.72275789595425,150.67442023255722
1785485901.2211204,step,163.0953787305226,-542.171038815535,163.0953787305226,-492.171038815535,-33.72275789598697,150.67388019985086,-33.72275789598697,150.6744202323987
1785485901.2251437,step,163.09537509855315,-542.1710534761537,163.09537509855315,-492.1710534761537,-33.7227578960196,150.6738801996925,-33.7227578960196,150.67442023224035
1785485901.229151,step,163.0953714766619,-542.1710681187299,163.0953714766619,-492.17106811872986,-33.72275789605214,150.67388019953435,-33.72275789605214,150.67442023208218
1785485901.2333972,step,163.09536786492916,-542.1710827430579,163.09536786492916,-492.1710827430579,-33.72275789608458,150.67388019937638,-33.72275789608458,150.67442023192424
1785485901.237951,step,163.09536426343573,-542.1710973489362,163.09536426343573,-492.1710973489362,-33.72275789611693,150.67388019921864,-33.72275789611693,150.67442023176648
1785485901.241656,step,163.09536067226273,-542.1711119361642,163.09536067226273,-492.17111193616415,-33.72275789614919,150.6738801990611,-33.72275789614919,150.67442023160893
1785485901.2452066,step,163.0953570914892,-542.1711265045385,163.0953570914892,-492.1711265045385,-33.722757896181356,150.67388019890373,-33.722757896181356,150.6744202314516
1785485901.249557,step,163.09535352119568,-542.1711410538611,163.09535352119568,-492.1711410538611,-33.72275789621343,150.67388019874662,-33.72275789621343,150.67442023129445
1785485901.253117,step,163.09534996146033,-542.1711555839338,163.09534996146033,-492.1711555839338,-33.722757896245405,150.67388019858967,-33.722757896245405,150.6744202311375
1785485901.2574723,step,163.09534641236303,-542.1711700945623,163.09534641236303,-492.1711700945623,-33.72275789627729,150.67388019843295,-33.72275789627729,150.6744202309808
1785485901.261125,step,163.0953428739823,-542.1711845855515,163.0953428739823,-492.1711845855515,-33.722757896309076,150.67388019827644,-33.722757896309076,150.67442023082427
1785485901.2653294,step,163.0953393463955,-542.1711990567075,163.0953393463955,-492.17119905670745,-33.72275789634077,150.67388019812014,-33.72275789634077,150.67442023066798
1785485901.2694595,step,163.09533582968086,-542.1712135078383,163.09533582968086,-492.1712135078383,-33.72275789637236,150.67388019796405,-33.72275789637236,150.67442023051188
1785485901.273312,step,163.09533232391544,-542.1712279387532,163.09533232391544,-492.1712279387532,-33.72275789640385,150.6738801978082,-33.72275789640385,150.67442023035602
1785485901.2775617,step,163.09532882917574,-542.1712423492638,163.09532882917574,-492.1712423492638,-33.72275789643524,150.67388019765255,-33.72275789643524,150.67442023020038
1785485901.2819006,step,163.09532534553878,-542.1712567391806,163.09532534553878,-492.17125673918065,-33.72275789646653,150.6738801974971,-33.72275789646653,150.67442023004497
1785485901.286218,step,163.0953218730805,-542.1712711083177,163.0953218730805,-492.1712711083177,-33.722757896497725,150.67388019734193,-33.722757896497725,150.67442022988976
1785485901.2896307,step,163.09531841187746,-542.1712854564925,163.09531841187746,-492.17128545649246,-33.72275789652882,150.67388019718695,-33.72275789652882,150.6744202297348
1785485901.2935672,step,163.09531496200486,-542.1712997835201,163.09531496200486,-492.1712997835201,-33.72275789655981,150.67388019703222,-33.72275789655981,150.67442022958005
1785485901.297506,step,163.09531152353762,-542.1713140892197,163.09531152353762,-492.17131408921966,-33.7227578965907,150.67388019687772,-33.7227578965907,150.67442022942555
1785485901.3021362,step,163.09530809654987,-542.1713283734115,163.09530809654987,-492.1713283734115,-33.72275789662149,150.67388019672342,-33.72275789662149,150.67442022927128
1785485901.305596,step,163.0953046811157,-542.1713426359172,163.0953046811157,-492.1713426359172,-33.72275789665217,150.6738801965694,-33.72275789665217,150.67442022911723
1785485901.3093889,step,163.09530127730963,-542.171356876559,163.09530127730963,-492.171356876559,-33.722757896682744,150.67388019641558,-33.722757896682744,150.6744202289634
1785485901.3133368,step,163.09529788520445,-542.1713710951632,163.09529788520445,-492.1713710951632,-33.72275789671321,150.67388019626202,-33.72275789671321,150.67442022880985
1785485901.3178127,step,163.09529450487443,-542.1713852915539,163.09529450487443,-492.17138529155386,-33.72275789674358,150.67388019610868,-33.72275789674358,150.67442022865652
1785485901.3218188,step,163.09529113639206,-542.171399465558,163.09529113639206,-492.171399465558,-33.72275789677384,150.67388019595558,-33.72275789677384,150.67442022850344
1785485901.3254976,step,163.09528777982933,-542.1714136170062,163.09528777982933,-492.17141361700624,-33.72275789680399,150.67388019580275,-33.72275789680399,150.67442022835058
1785485901.3294098,step,163.09528443525843,-542.171427745729,163.09528443525843,-492.17142774572903,-33.72275789683404,150.67388019565016,-33.72275789683404,150.674420228198
1785485901.3341858,step,163.09528110275,-542.1714418515579,163.09528110275,-492.1714418515579,-33.722757896863975,150.6738801954978,-33.722757896863975,150.67442022804562
1785485901.3382435,step,163.09527778237592,-542.1714559343272,163.09527778237592,-492.17145593432724,-33.7227578968938,150.6738801953457,-33.7227578968938,150.67442022789353
1785485901.3412628,step,163.09527447420737,-542.1714699938702,163.09527447420737,-492.17146999387023,-33.72275789692352,150.67388019519385,-33.72275789692352,150.67442022774168
1785485901.3451624,step,163.0952711783142,-542.1714840300247,163.0952711783142,-492.17148403002466,-33.72275789695313,150.67388019504224,-33.72275789695313,150.67442022759008
1785485901.3492239,step,163.0952678947663,-542.1714980426308,163.0952678947663,-492.1714980426308,-33.72275789698262,150.6738801948909,-33.72275789698262,150.67442022743873
1785485901.353431,step,163.0952646236342,-542.1715120315266,163.0952646236342,-492.1715120315266,-33.72275789701201,150.6738801947398,-33.72275789701201,150.67442022728764
1785485901.357288,step,163.09526136498633,-542.1715259965533,163.09526136498633,-492.1715259965533,-33.72275789704128,150.67388019458897,-33.72275789704128,150.6744202271368
1785485901.36118,step,163.09525811889142,-542.1715399375532,163.09525811889142,-492.17153993755323,-33.72275789707044,150.6738801944384,-33.72275789707044,150.67442022698623
1785485901.365125,step,163.0952548854185,-542.171553854371,163.0952548854185,-492.17155385437104,-33.722757897099484,150.6738801942881,-33.722757897099484,150.67442022683593
1785485901.369233,step,163.0952516646353,-542.1715677468526,163.0952516646353,-492.1715677468526,-33.72275789712842,150.67388019413804,-33.72275789712842,150.6744202266859
1785485901.3732421,step,163.09524845660937,-542.1715816148444,163.09524845660937,-492.1715816148444,-33.72275789715724,150.67388019398825,-33.72275789715724,150.67442022653609
1785485901.3773468,step,163.09524526140788,-542.1715954581967,163.09524526140788,-492.17159545819675,-33.72275789718594,150.67388019383873,-33.72275789718594,150.6744202263866
1785485901.3814795,step,163.09524207909735,-542.1716092767585,163.09524207909735,-492.17160927675855,-33.72275789721453,150.67388019368948,-33.72275789721453,150.67442022623734
1785485901.3852303,step,163.09523890974395,-542.1716230703823,163.09523890974395,-492.17162307038234,-33.722757897243,150.6738801935405,-33.722757897243,150.67442022608836
1785485901.3891382,step,163.09523575341402,-542.1716368389215,163.09523575341402,-492.1716368389215,-33.72275789727135,150.6738801933918,-33.72275789727135,150.67442022593966
1785485901.3932993,step,163.09523261017367,-542.1716505822305,163.09523261017367,-492.17165058223054,-33.72275789729959,150.67388019324338,-33.72275789729959,150.6744202257912
1785485901.3971417,step,163.09522948008768,-542.1716643001662,163.09522948008768,-492.1716643001662,-33.7227578973277,150.67388019309521,-33.7227578973277,150.67442022564305
1785485901.4012432,step,163.09522636322149,-542.1716779925857,163.09522636322149,-492.1716779925857,-33.722757897355706,150.6738801929473,-33.722757897355706,150.67442022549517
1785485901.4051983,step,163.0952232596389,-542.1716916593484,163.0952232596389,-492.1716916593484,-33.72275789738359,150.67388019279971,-33.72275789738359,150.67442022534755
1785485901.409591,step,163.09522016940463,-542.1717053003165,163.09522016940463,-492.1717053003165,-33.72275789741134,150.67388019265238,-33.72275789741134,150.6744202252002
1785485901.4135647,step,163.09521709258226,-542.1717189153528,163.09521709258226,-492.1717189153528,-33.72275789743898,150.67388019250532,-33.72275789743898,150.67442022505315
1785485901.4171503,step,163.09521402923514,-542.1717325043206,163.09521402923514,-492.17173250432063,-33.7227578974665,150.67388019235855,-33.7227578974665,150.67442022490638
1785485901.4215605,step,163.09521097942584,-542.1717460670849,163.09521097942584,-492.1717460670849,-33.7227578974939,150.67388019221207,-33.7227578974939,150.6744202247599
1785485901.4260077,step,163.09520794321668,-542.1717596035138,163.09520794321668,-492.1717596035138,-33.72275789752117,150.67388019206587,-33.72275789752117,150.6744202246137
1785485901.4292514,step,163.09520492066974,-542.1717731134744,163.09520492066974,-492.1717731134744,-33.72275789754833,150.67388019191995,-33.72275789754833,150.67442022446778
1785485901.433312,step,163.09520191184671,-542.171786596838,163.09520191184671,-492.17178659683805,-33.722757897575356,150.67388019177432,-33.722757897575356,150.67442022432215
1785485901.437313,step,163.09519891680876,-542.1718000534757,163.09519891680876,-492.17180005347575,-33.72275789760226,150.67388019162897,-33.72275789760226,150.67442022417683
1785485901.441134,step,163.09519593561674,-542.1718134832608,163.09519593561674,-492.17181348326085,-33.72275789762904,150.67388019148393,-33.72275789762904,150.67442022403176
1785485901.445314,step,163.09519296833133,-542.1718268860691,163.09519296833133,-492.1718268860691,-33.7227578976557,150.67388019133918,-33.7227578976557,150.674420223887
1785485901.4491732,step,163.09519001501238,-542.171840261776,163.09519001501238,-492.17184026177597,-33.72275789768222,150.6738801911947,-33.72275789768222,150.67442022374254
1785485901.4532092,step,163.0951870757197,-542.1718536102582,163.0951870757197,-492.17185361025815,-33.722757897708625,150.67388019105053,-33.722757897708625,150.67442022359836
1785485901.4572015,step,163.09518415051286,-542.1718669313955,163.09518415051286,-492.17186693139547,-33.72275789773491,150.67388019090666,-33.72275789773491,150.6744202234545
1785485901.461235,step,163.09518123945054,-542.1718802250685,163.09518123945054,-492.17188022506855,-33.722757897761056,150.67388019076307,-33.722757897761056,150.6744202233109
1785485901.4652417,step,163.09517834259108,-542.1718934911587,163.09517834259108,-492.1718934911587,-33.722757897787076,150.6738801906198,-33.722757897787076,150.67442022316763
1785485901.4689822,step,163.09517545999296,-542.171906729552,163.09517545999296,-492.171906729552,-33.722757897812976,150.6738801904768,-33.722757897812976,150.67442022302464
1785485901.4733303,step,163.09517259171415,-542.1719199401311,163.09517259171415,-492.17191994013115,-33.72275789783874,150.67388019033413,-33.72275789783874,150.67442022288196
1785485901.477137,step,163.09516973781137,-542.1719331227852,163.09516973781137,-492.17193312278516,-33.722757897864376,150.67388019019174,-33.722757897864376,150.67442022273957
1785485901.4813359,step,163.09516689834237,-542.1719462774006,163.09516689834237,-492.1719462774006,-33.722757897889885,150.67388019004966,-33.722757897889885,150.67442022259752
1785485901.4852862,step,163.0951640733629,-542.1719594038651,163.0951640733629,-492.1719594038651,-33.72275789791526,150.6738801899079,-33.72275789791526,150.67442022245572
1785485901.4894478,step,163.09516126292885,-542.1719725020718,163.09516126292885,-492.17197250207175,-33.72275789794051,150.6738801897664,-33.72275789794051,150.67442022231427
1785485901.493422,step,163.09515846709616,-542.1719855719132,163.09515846709616,-492.1719855719132,-33.72275789796562,150.67388018962527,-33.72275789796562,150.6744202221731
1785485901.497021,step,163.0951556859197,-542.1719986132834,163.0951556859197,-492.17199861328345,-33.722757897990604,150.6738801894844,-33.722757897990604,150.67442022203224
1785485901.5016131,step,163.0951529194545,-542.172011626077,163.0951529194545,-492.17201162607705,-33.72275789801546,150.67388018934386,-33.72275789801546,150.6744202218917
1785485901.5053124,step,163.09515016775472,-542.1720246101927,163.09515016775472,-492.1720246101927,-33.72275789804018,150.67388018920363,-33.72275789804018,150.67442022175146
1785485901.5092888,step,163.0951474308738,-542.1720375655268,163.0951474308738,-492.1720375655268,-33.72275789806476,150.67388018906368,-33.72275789806476,150.67442022161154
1785485901.5129495,step,163.09514470886631,-542.1720504919787,163.09514470886631,-492.17205049197867,-33.72275789808921,150.67388018892407,-33.72275789808921,150.67442022147193
1785485901.5170481,step,163.09514200178523,-542.1720633894499,163.09514200178523,-492.17206338944993,-33.722757898113535,150.67388018878478,-33.722757898113535,150.6744202213326
1785485901.5213459,step,163.09513930968353,-542.1720762578423,163.09513930968353,-492.17207625784226,-33.722757898137715,150.6738801886458,-33.722757898137715,150.67442022119363
1785485901.5252626,step,163.09513663261245,-542.1720890970596,163.09513663261245,-492.1720890970596,-33.72275789816177,150.67388018850713,-33.72275789816177,150.67442022105496
1785485901.5294712,step,163.0951339706252,-542.1721019070083,163.0951339706252,-492.17210190700825,-33.72275789818568,150.67388018836877,-33.72275789818568,150.6744202209166
1785485901.5331264,step,163.09513132377324,-542.1721146875946,163.09513132377324,-492.17211468759456,-33.72275789820945,150.67388018823073,-33.72275789820945,150.67442022077856
1785485901.5370905,step,163.0951286921085,-542.1721274387278,163.0951286921085,-492.1721274387278,-33.7227578982331,150.673880188093,-33.7227578982331,150.67442022064085
1785485901.5414584,step,163.0951260756811,-542.1721401603182,163.0951260756811,-492.17214016031824,-33.722757898256596,150.6738801879556,-33.722757898256596,150.67442022050344
1785485901.545697,step,163.0951234745407,-542.1721528522753,163.0951234745407,-492.1721528522753,-33.722757898279966,150.67388018781853,-33.722757898279966,150.67442022036636
1785485901.5494337,step,163.09512088873802,-542.1721655145113,163.09512088873802,-492.17216551451133,-33.72275789830319,150.67388018768176,-33.72275789830319,150.6744202202296
1785485901.5532806,step,163.095118318322,-542.1721781469399,163.095118318322,-492.1721781469399,-33.722757898326286,150.67388018754534,-33.722757898326286,150.67442022009317
1785485901.558197,step,163.09511576334228,-542.1721907494763,163.09511576334228,-492.1721907494763,-33.722757898349236,150.6738801874092,-33.722757898349236,150.67442021995706
1785485901.561468,step,163.09511322384768,-542.1722033220373,163.09511322384768,-492.17220332203726,-33.722757898372045,150.67388018727343,-33.722757898372045,150.67442021982126
1785485901.5651808,step,163.09511069988753,-542.17221586454,163.09511069988753,-492.17221586454,-33.72275789839472,150.67388018713794,-33.72275789839472,150.6744202196858
1785485901.5697153,step,163.09510819150924,-542.1722283769049,163.09510819150924,-492.17222837690485,-33.72275789841726,150.6738801870028,-33.72275789841726,150.67442021955065
1785485901.5732827,step,163.0951056987609,-542.1722408590507,163.0951056987609,-492.1722408590507,-33.722757898439646,150.673880186868,-33.722757898439646,150.67442021941582
1785485901.5771441,step,163.09510322168902,-542.1722533108994,163.09510322168902,-492.17225331089935,-33.7227578984619,150.6738801867335,-33.7227578984619,150.67442021928133
1785485901.581295,step,163.0951007603409,-542.172265732375,163.0951007603409,-492.17226573237497,-33.72275789848401,150.67388018659935,-33.72275789848401,150.67442021914718
1785485901.5851877,step,163.09509831476203,-542.1722781234017,163.09509831476203,-492.1722781234017,-33.722757898505975,150.6738801864655,-33.722757898505975,150.67442021901334
1785485901.5891495,step,163.09509588499873,-542.1722904839078,163.09509588499873,-492.1722904839078,-33.7227578985278,150.673880186332,-33.7227578985278,150.67442021887985
1785485901.5933888,step,163.0950934710966,-542.1723028138205,163.0950934710966,-492.17230281382047,-33.72275789854949,150.67388018619883,-33.72275789854949,150.6744202187467
1785485901.597136,step,163.0950910731011,-542.172315113067,163.0950910731011,-492.17231511306704,-33.72275789857103,150.673880186066,-33.72275789857103,150.67442021861385
1785485901.6012022,step,163.0950886910565,-542.1723273815787,163.0950886910565,-492.1723273815787,-33.72275789859243,150.67388018593348,-33.72275789859243,150.67442021848134
1785485901.6055508,step,163.09508632500754,-542.1723396192873,163.09508632500754,-492.1723396192873,-33.722757898613686,150.67388018580132,-33.722757898613686,150.67442021834916
1785485901.6093926,step,163.0950839749977,-542.1723518261256,163.0950839749977,-492.1723518261256,-33.7227578986348,150.67388018566947,-33.7227578986348,150.6744202182173
1785485901.6131582,step,163.09508164107152,-542.1723640020276,163.09508164107152,-492.1723640020276,-33.72275789865576,150.67388018553797,-33.72275789865576,150.6744202180858
1785485901.6170018,step,163.09507932327108,-542.1723761469307,163.09507932327108,-492.1723761469307,-33.72275789867658,150.6738801854068,-33.72275789867658,150.67442021795463
1785485901.621318,step,163.09507702164035,-542.1723882607693,163.09507702164035,-492.17238826076925,-33.72275789869725,150.67388018527595,-33.72275789869725,150.6744202178238
1785485901.6250792,step,163.0950747362211,-542.1724003434836,163.0950747362211,-492.17240034348356,-33.72275789871779,150.67388018514546,-33.72275789871779,150.6744202176933
1785485901.6295006,step,163.09507246705502,-542.1724123950103,163.09507246705502,-492.17241239501027,-33.72275789873817,150.6738801850153,-33.72275789873817,150.67442021756312
1785485901.6335814,step,163.0950702141842,-542.1724244152933,163.0950702141842,-492.17242441529334,-33.72275789875841,150.67388018488546,-33.72275789875841,150.6744202174333
1785485901.6373425,step,163.09506797764973,-542.172436404274,163.09506797764973,-492.172436404274,-33.7227578987785,150.67388018475597,-33.7227578987785,150.6744202173038
1785485901.6413312,step,163.0950657574924,-542.1724483618959,163.0950657574924,-492.17244836189593,-33.72275789879844,150.67388018462682,-33.72275789879844,150.67442021717466
1785485901.645222,step,163.09506355375223,-542.1724602881035,163.09506355375223,-492.1724602881035,-33.72275789881824,150.67388018449802,-33.72275789881824,150.67442021704585
1785485901.6491382,step,163.09506136647002,-542.1724721828422,163.09506136647002,-492.17247218284217,-33.72275789883789,150.67388018436955,-33.72275789883789,150.67442021691738
1785485901.6534712,step,163.09505919568568,-542.1724840460604,163.09505919568568,-492.1724840460604,-33.72275789885739,150.67388018424143,-33.72275789885739,150.67442021678926
1785485901.6578786,step,163.09505704143734,-542.1724958777079,163.09505704143734,-492.1724958777079,-33.72275789887674,150.6738801841136,-33.72275789887674,150.67442021666147
1785485901.6613576,step,163.0950549037638,-542.1725076777352,163.0950549037638,-492.1725076777352,-33.72275789889594,150.67388018398617,-33.72275789889594,150.674420216534
1785485901.6654787,step,163.09505278270416,-542.172519446093,163.09505278270416,-492.172519446093,-33.722757898915,150.67388018385907,-33.722757898915,150.6744202164069
1785485901.6692843,step,163.09505067829645,-542.1725311827327,163.09505067829645,-492.17253118273265,-33.7227578989339,150.6738801837323,-33.7227578989339,150.67442021628014
1785485901.6732206,step,163.0950485905774,-542.1725428876085,163.0950485905774,-492.17254288760853,-33.72275789895266,150.6738801836059,-33.72275789895266,150.67442021615372
1785485901.6773129,step,163.09504651958537,-542.1725545606757,163.09504651958537,-492.17255456067574,-33.72275789897126,150.6738801834798,-33.72275789897126,150.67442021602764
1785485901.6811004,step,163.09504446535723,-542.1725662018911,163.09504446535723,-492.1725662018911,-33.72275789898971,150.67388018335407,-33.72275789898971,150.6744202159019
1785485901.6849318,step,163.09504242792903,-542.1725778112142,163.09504242792903,-492.1725778112142,-33.722757899008016,150.67388018322868,-33.722757899008016,150.67442021577654
1785485901.6892662,step,163.09504040733728,-542.1725893886024,163.09504040733728,-492.17258938860243,-33.72275789902616,150.67388018310365,-33.72275789902616,150.67442021565148
1785485901.693088,step,163.0950384036174,-542.1726009340167,163.0950384036174,-492.1726009340167,-33.72275789904417,150.67388018297893,-33.72275789904417,150.6744202155268
1785485901.6972897,step,163.0950364168047,-542.1726124474194,163.0950364168047,-492.1726124474194,-33.72275789906202,150.6738801828546,-33.72275789906202,150.67442021540245
1785485901.7013543,step,163.09503444693314,-542.1726239287711,163.09503444693314,-492.17262392877115,-33.72275789907971,150.67388018273058,-33.72275789907971,150.67442021527842
1785485901.705033,step,163.09503249403704,-542.1726353780374,163.09503249403704,-492.1726353780374,-33.72275789909725,150.67388018260692,-33.72275789909725,150.67442021515478
1785485901.7091453,step,163.09503055815225,-542.1726467951825,163.09503055815225,-492.17264679518246,-33.72275789911464,150.67388018248363,-33.72275789911464,150.67442021503146
1785485901.7129836,step,163.09502863931112,-542.1726581801743,163.09502863931112,-492.17265818017427,-33.72275789913188,150.67388018236065,-33.72275789913188,150.67442021490848
1785485901.7175417,step,163.095026737547,-542.1726695329813,163.095026737547,-492.17266953298133,-33.72275789914897,150.67388018223804,-33.72275789914897,150.67442021478587
1785485901.721235,step,163.09502485289272,-542.1726808535705,163.09502485289272,-492.17268085357045,-33.72275789916589,150.67388018211577,-33.72275789916589,150.6744202146636
1785485901.7251174,step,163.0950229853812,-542.1726921419117,163.0950229853812,-492.17269214191174,-33.72275789918267,150.67388018199384,-33.72275789918267,150.6744202145417
1785485901.7291825,step,163.0950211350444,-542.1727033979756,163.0950211350444,-492.1727033979756,-33.722757899199294,150.67388018187228,-33.722757899199294,150.6744202144201
1785485901.7331328,step,163.0950193019134,-542.1727146217372,163.0950193019134,-492.1727146217372,-33.72275789921576,150.67388018175106,-33.72275789921576,150.6744202142989
1785485901.7371466,step,163.09501748602096,-542.1727258131687,163.09501748602096,-492.17272581316865,-33.72275789923207,150.67388018163018,-33.72275789923207,150.674420214178
1785485901.7411084,step,163.09501568739788,-542.1727369722439,163.09501568739788,-492.1727369722439,-33.72275789924823,150.67388018150965,-33.72275789924823,150.67442021405748
1785485901.7451172,step,163.09501390607397,-542.1727480989414,163.09501390607397,-492.1727480989414,-33.72275789926423,150.67388018138948,-33.72275789926423,150.6744202139373
1785485901.7492583,step,163.09501214207947,-542.1727591932386,163.09501214207947,-492.17275919323856,-33.722757899280076,150.67388018126965,-33.722757899280076,150.67442021381748
1785485901.7537332,step,163.0950103954442,-542.1727702551137,163.0950103954442,-492.17277025511373,-33.722757899295765,150.67388018115017,-33.722757899295765,150.674420213698
1785485901.7573729,step,163.0950086661978,-542.1727812845468,163.0950086661978,-492.1727812845468,-33.722757899311304,150.67388018103105,-33.722757899311304,150.67442021357888
1785485901.761119,step,163.09500695436927,-542.1727922815189,163.09500695436927,-492.1727922815189,-33.72275789932668,150.67388018091228,-33.72275789932668,150.6744202134601
1785485901.7653813,step,163.0950052599867,-542.1728032460111,163.0950052599867,-492.1728032460111,-33.7227578993419,150.67388018079384,-33.7227578993419,150.67442021334168
1785485901.769003,step,163.0950035830791,-542.1728141780084,163.0950035830791,-492.17281417800837,-33.722757899356964,150.67388018067578,-33.722757899356964,150.6744202132236
1785485901.7731714,step,163.09500192367435,-542.1728250774925,163.09500192367435,-492.17282507749246,-33.72275789937187,150.67388018055806,-33.72275789937187,150.6744202131059
1785485901.7775068,step,163.09500028179875,-542.1728359444496,163.09500028179875,-492.1728359444496,-33.72275789938662,150.67388018044068,-33.72275789938662,150.67442021298854
1785485901.7813265,step,163.09499865748052,-542.1728467788669,163.09499865748052,-492.17284677886687,-33.72275789940121,150.67388018032366,-33.72275789940121,150.6744202128715
1785485901.7851658,step,163.09499705074572,-542.1728575807313,163.09499705074572,-492.17285758073126,-33.72275789941565,150.673880180207,-33.72275789941565,150.67442021275482
1785485901.7891853,step,163.094995461621,-542.1728683500334,163.094995461621,-492.17286835003335,-33.72275789942992,150.6738801800907,-33.72275789942992,150.67442021263852
1785485901.7931526,step,163.0949938901322,-542.1728790867606,163.0949938901322,-492.17287908676064,-33.722757899444034,150.6738801799747,-33.722757899444034,150.67442021252256
1785485901.7969813,step,163.09499233630427,-542.1728897909048,163.09499233630427,-492.17288979090483,-33.722757899457996,150.6738801798591,-33.722757899457996,150.67442021240694
1785485901.801583,step,163.09499080016187,-542.1729004624581,163.09499080016187,-492.1729004624581,-33.722757899471794,150.67388017974383,-33.722757899471794,150.6744202122917
1785485901.8056781,step,163.09498928173093,-542.172911101414,163.09498928173093,-492.172911101414,-33.72275789948544,150.67388017962892,-33.72275789948544,150.67442021217678
1785485901.8091183,step,163.09498778103494,-542.1729217077653,163.09498778103494,-492.17292170776534,-33.722757899498916,150.67388017951438,-33.722757899498916,150.67442021206222
1785485901.8131547,step,163.09498629809815,-542.1729322815081,163.09498629809815,-492.1729322815081,-33.72275789951224,150.6738801794002,-33.72275789951224,150.67442021194802
1785485901.8175335,step,163.09498483294462,-542.1729428226397,163.09498483294462,-492.1729428226397,-33.7227578995254,150.67388017928633,-33.7227578995254,150.67442021183416
1785485901.8213384,step,163.09498338559655,-542.1729533311561,163.09498338559655,-492.1729533311561,-33.7227578995384,150.67388017917284,-33.7227578995384,150.67442021172067
1785485901.8257225,step,163.09498195607722,-542.1729638070566,163.09498195607722,-492.1729638070566,-33.72275789955124,150.6738801790597,-33.72275789955124,150.67442021160753
1785485901.8292902,step,163.09498054440976,-542.1729742503417,163.09498054440976,-492.17297425034167,-33.72275789956392,150.6738801789469,-33.72275789956392,150.67442021149472
1785485901.833137,step,163.094979150615,-542.1729846610117,163.094979150615,-492.1729846610117,-33.72275789957644,150.67388017883445,-33.72275789957644,150.67442021138228
1785485901.8375037,step,163.0949777747154,-542.172995039068,163.0949777747154,-492.17299503906804,-33.7227578995888,150.67388017872236,-33.7227578995888,150.6744202112702
1785485901.841559,step,163.09497641673258,-542.173005384511,163.09497641673258,-492.17300538451104,-33.722757899601,150.67388017861063,-33.722757899601,150.67442021115846
1785485901.8452578,step,163.09497507668647,-542.1730156973459,163.09497507668647,-492.17301569734593,-33.722757899613036,150.67388017849925,-33.722757899613036,150.67442021104708
1785485901.849175,step,163.09497375459793,-542.1730259775788,163.09497375459793,-492.17302597757885,-33.722757899624916,150.6738801783882,-33.722757899624916,150.67442021093603
1785485901.8531125,step,163.09497245048772,-542.1730362252149,163.09497245048772,-492.1730362252149,-33.72275789963663,150.67388017827753,-33.72275789963663,150.67442021082536
1785485901.8570206,step,163.0949711643746,-542.1730464402589,163.0949711643746,-492.1730464402589,-33.72275789964819,150.6738801781672,-33.72275789964819,150.67442021071503
1785485901.861172,step,163.09496989627777,-542.1730566227202,163.09496989627777,-492.1730566227202,-33.72275789965958,150.6738801780572,-33.72275789965958,150.67442021060506
1785485901.8654258,step,163.09496864621613,-542.1730667726073,163.09496864621613,-492.1730667726073,-33.7227578996708,150.67388017794758,-33.7227578996708,150.67442021049544
1785485901.8690498,step,163.09496741420898,-542.1730768899288,163.09496741420898,-492.1730768899288,-33.72275789968187,150.6738801778383,-33.72275789968187,150.67442021038616
1785485901.8739393,step,163.09496620027417,-542.1730869746933,163.09496620027417,-492.1730869746933,-33.72275789969278,150.6738801777294,-33.72275789969278,150.67442021027722
1785485901.8772452,step,163.09496500442955,-542.1730970269132,163.09496500442955,-492.1730970269132,-33.72275789970352,150.67388017762082,-33.72275789970352,150.67442021016865
1785485901.881206,step,163.09496382669187,-542.1731070466009,163.09496382669187,-492.1731070466009,-33.7227578997141,150.67388017751261,-33.7227578997141,150.67442021006045
1785485901.8852932,step,163.09496266707853,-542.1731170337691,163.09496266707853,-492.17311703376913,-33.72275789972451,150.67388017740473,-33.72275789972451,150.6744202099526
1785485901.8891768,step,163.09496152560666,-542.1731269884323,163.09496152560666,-492.1731269884323,-33.72275789973477,150.6738801772972,-33.72275789973477,150.67442020984507
1785485901.893129,step,163.09496040229175,-542.1731369106034,163.09496040229175,-492.1731369106034,-33.72275789974486,150.67388017719006,-33.72275789974486,150.6744202097379
1785485901.8976269,step,163.0949592971496,-542.1731468002986,163.0949592971496,-492.1731468002986,-33.72275789975479,150.67388017708325,-33.72275789975479,150.67442020963108
1785485901.9010324,step,163.09495821019624,-542.1731566575339,163.09495821019624,-492.1731566575339,-33.72275789976455,150.67388017697678,-33.72275789976455,150.6744202095246
1785485901.9051354,step,163.0949571414463,-542.1731664823279,163.0949571414463,-492.17316648232793,-33.72275789977415,150.67388017687065,-33.72275789977415,150.67442020941849
1785485901.9092574,step,163.09495609091425,-542.173176274699,163.09495609091425,-492.173176274699,-33.72275789978359,150.6738801767649,-33.72275789978359,150.67442020931273
1785485901.9134386,step,163.09495505861494,-542.1731860346665,163.09495505861494,-492.1731860346665,-33.72275789979287,150.67388017665948,-33.72275789979287,150.6744202092073
1785485901.917081,step,163.09495404456254,-542.173195762251,163.09495404456254,-492.173195762251,-33.72275789980198,150.6738801765544,-33.72275789980198,150.67442020910227
1785485901.9210076,step,163.09495304877024,-542.1732054574726,163.09495304877024,-492.1732054574726,-33.722757899810915,150.6738801764497,-33.722757899810915,150.67442020899753
1785485901.925504,step,163.09495207125048,-542.1732151203506,163.09495207125048,-492.1732151203506,-33.7227578998197,150.67388017634534,-33.7227578998197,150.67442020889317
1785485901.9291983,step,163.09495111201647,-542.1732247509069,163.09495111201647,-492.1732247509069,-33.722757899828316,150.6738801762413,-33.722757899828316,150.67442020878917
1785485901.933199,step,163.09495017108114,-542.1732343491667,163.09495017108114,-492.1732343491667,-33.72275789983677,150.67388017613766,-33.72275789983677,150.6744202086855
1785485901.9374006,step,163.09494924845626,-542.1732439151529,163.09494924845626,-492.17324391515285,-33.72275789984506,150.67388017603434,-33.72275789984506,150.67442020858218
1785485901.9412937,step,163.09494834415284,-542.1732534488903,163.09494834415284,-492.17325344889025,-33.72275789985318,150.67388017593137,-33.72275789985318,150.6744202084792
1785485901.945043,step,163.0949474581826,-542.1732629504057,163.0949474581826,-492.17326295040573,-33.722757899861136,150.67388017582874,-33.722757899861136,150.67442020837657
1785485901.9494967,step,163.0949465905559,-542.1732724197232,163.0949465905559,-492.17327241972316,-33.72275789986893,150.67388017572645,-33.72275789986893,150.6744202082743
1785485901.953172,step,163.09494574128377,-542.1732818568682,163.09494574128377,-492.17328185686824,-33.72275789987656,150.67388017562453,-33.72275789987656,150.67442020817236
1785485901.957259,step,163.09494491037532,-542.1732912618712,163.09494491037532,-492.1732912618712,-33.72275789988403,150.67388017552295,-33.72275789988403,150.67442020807079
1785485901.9611053,step,163.09494409784048,-542.1733006347592,163.09494409784048,-492.17330063475924,-33.72275789989133,150.67388017542171,-33.72275789989133,150.67442020796958
1785485901.9649,step,163.0949433036893,-542.1733099755616,163.0949433036893,-492.17330997556155,-33.72275789989846,150.67388017532085,-33.72275789989846,150.67442020786868
1785485901.9689648,step,163.09494252792933,-542.1733192843076,163.09494252792933,-492.1733192843076,-33.72275789990543,150.6738801752203,-33.72275789990543,150.67442020776815
1785485901.9733415,step,163.09494177056922,-542.173328561026,163.09494177056922,-492.173328561026,-33.72275789991223,150.6738801751201,-33.72275789991223,150.67442020766794
1785485901.9776623,step,163.09494103161776,-542.1733378057484,163.09494103161776,-492.17333780574836,-33.72275789991887,150.67388017502026,-33.72275789991887,150.6744202075681
1785485901.9815185,step,163.09494031108272,-542.1733470185068,163.09494031108272,-492.1733470185068,-33.72275789992534,150.67388017492075,-33.72275789992534,150.6744202074686
1785485901.9858606,step,163.09493960897117,-542.1733561993329,163.09493960897117,-492.17335619933294,-33.72275789993165,150.6738801748216,-33.72275789993165,150.67442020736942
1785485901.9893517,step,163.09493892528974,-542.17336534826,163.09493892528974,-492.17336534825995,-33.72275789993779,150.67388017472277,-33.72275789993779,150.67442020727063
1785485901.993074,step,163.09493826004487,-542.1733744653211,163.09493826004487,-492.1733744653211,-33.722757899943765,150.67388017462432,-33.722757899943765,150.67442020717215
1785485901.9971032,step,163.09493761324282,-542.173383550549,163.09493761324282,-492.17338355054903,-33.72275789994958,150.67388017452618,-33.72275789994958,150.674420207074
1785485902.001163,step,163.09493698489,-542.1733926039793,163.09493698489,-492.1733926039793,-33.72275789995522,150.6738801744284,-33.72275789995522,150.67442020697624
1785485902.0052574,step,163.0949363749917,-542.1734016256478,163.0949363749917,-492.1734016256478,-33.7227578999607,150.67388017433095,-33.7227578999607,150.6744202068788
1785485902.0094397,step,163.09493578355236,-542.1734106155907,163.09493578355236,-492.1734106155907,-33.72275789996601,150.67388017423386,-33.72275789996601,150.6744202067817
1785485902.0134082,step,163.09493521057624,-542.1734195738427,163.09493521057624,-492.1734195738427,-33.722757899971164,150.6738801741371,-33.722757899971164,150.67442020668494
1785485902.0172026,step,163.0949346560682,-542.1734285004416,163.0949346560682,-492.17342850044156,-33.722757899976145,150.6738801740407,-33.722757899976145,150.67442020658854
1785485902.0213397,step,163.09493412003195,-542.1734373954246,163.09493412003195,-492.17343739542457,-33.722757899980955,150.6738801739446,-33.722757899980955,150.67442020649247
1785485902.0251954,step,163.09493360247095,-542.1734462588306,163.09493360247095,-492.1734462588306,-33.72275789998561,150.6738801738489,-33.72275789998561,150.67442020639672
1785485902.0292904,step,163.0949331033876,-542.1734550906983,163.0949331033876,-492.1734550906983,-33.72275789999009,150.6738801737535,-33.72275789999009,150.67442020630133
1785485902.0328944,step,163.0949326227849,-542.1734638910684,163.0949326227849,-492.1734638910684,-33.722757899994406,150.67388017365846,-33.722757899994406,150.6744202062063
1785485902.0371459,step,163.0949321606646,-542.1734726599773,163.0949321606646,-492.1734726599773,-33.722757899998555,150.67388017356373,-33.722757899998555,150.6744202061116
1785485902.0408964,step,163.09493171702903,-542.1734813974682,163.09493171702903,-492.1734813974682,-33.72275790000254,150.67388017346937,-33.72275790000254,150.6744202060172
1785485902.0447462,step,163.09493129187888,-542.1734901035808,163.09493129187888,-492.1734901035808,-33.722757900006364,150.67388017337532,-33.722757900006364,150.67442020592318
1785485902.0489852,step,163.09493088521612,-542.1734987783556,163.09493088521612,-492.17349877835557,-33.722757900010016,150.67388017328165,-33.722757900010016,150.67442020582948
1785485902.0533674,step,163.09493049704054,-542.173507421835,163.09493049704054,-492.173507421835,-33.722757900013505,150.67388017318828,-33.722757900013505,150.67442020573614
1785485902.0570757,step,163.09493012735328,-542.1735160340604,163.09493012735328,-492.1735160340604,-33.72275790001682,150.67388017309528,-33.72275790001682,150.67442020564312
1785485902.0611253,step,163.09492977615415,-542.1735246150755,163.09492977615415,-492.1735246150755,-33.72275790001998,150.6738801730026,-33.72275790001998,150.67442020555043
1785485902.0653892,step,163.09492944344208,-542.1735331649226,163.09492944344208,-492.17353316492256,-33.72275790002297,150.67388017291026,-33.72275790002297,150.6744202054581
1785485902.0691094,step,163.09492912921675,-542.1735416836448,163.09492912921675,-492.17354168364477,-33.72275790002579,150.67388017281823,-33.72275790002579,150.6744202053661
1785485902.0729957,step,163.09492883347656,-542.1735501712872,163.09492883347656,-492.17355017128716,-33.72275790002845,150.67388017272657,-33.72275790002845,150.6744202052744
1785485902.0769515,step,163.09492855621932,-542.1735586278944,163.09492855621932,-492.1735586278944,-33.722757900030935,150.67388017263522,-33.722757900030935,150.67442020518308
1785485902.081069,step,163.09492829744335,-542.1735670535102,163.09492829744335,-492.17356705351017,-33.722757900033265,150.67388017254422,-33.722757900033265,150.67442020509208
1785485902.08513,step,163.09492805714657,-542.1735754481806,163.09492805714657,-492.1735754481806,-33.72275790003542,150.67388017245355,-33.72275790003542,150.6744202050014
1785485902.0890865,step,163.09492783532536,-542.1735838119519,163.09492783532536,-492.17358381195186,-33.722757900037415,150.67388017236323,-33.722757900037415,150.67442020491106
1785485902.0931268,step,163.09492763197693,-542.1735921448698,163.09492763197693,-492.17359214486976,-33.72275790003924,150.67388017227321,-33.72275790003924,150.67442020482108
1785485902.0970702,step,163.0949274470971,-542.1736004469801,163.0949274470971,-492.1736004469801,-33.722757900040904,150.67388017218354,-33.722757900040904,150.6744202047314
1785485902.1010785,step,163.09492728068176,-542.1736087183315,163.09492728068176,-492.1736087183315,-33.722757900042396,150.67388017209421,-33.722757900042396,150.67442020464208
1785485902.10565,step,163.09492713272718,-542.1736169589697,163.09492713272718,-492.17361695896966,-33.722757900043725,150.67388017200523,-33.722757900043725,150.67442020455306
1785485902.1091805,step,163.09492700322824,-542.1736251689412,163.09492700322824,-492.17362516894116,-33.72275790004489,150.67388017191655,-33.72275790004489,150.67442020446438
1785485902.1131163,step,163.0949268921795,-542.1736333482951,163.0949268921795,-492.1736333482951,-33.722757900045885,150.6738801718282,-33.722757900045885,150.67442020437605
1785485902.117371,step,163.09492679957546,-542.173641497081,163.09492679957546,-492.173641497081,-33.722757900046716,150.6738801717402,-33.722757900046716,150.67442020428803
1785485902.121209,step,163.09492672541015,-542.1736496153464,163.09492672541015,-492.17364961534645,-33.722757900047384,150.6738801716525,-33.722757900047384,150.67442020420035
1785485902.1251848,step,163.0949266696771,-542.1736577031406,163.0949266696771,-492.17365770314063,-33.72275790004789,150.67388017156514,-33.72275790004789,150.674420204113
1785485902.1294222,step,163.09492663236946,-542.1736657605159,163.09492663236946,-492.17366576051586,-33.72275790004822,150.67388017147812,-33.72275790004822,150.67442020402598
1785485902.133387,step,163.0949266134796,-542.1736737875203,163.0949266134796,-492.17367378752033,-33.72275790004839,150.67388017139143,-33.72275790004839,150.67442020393926
1785485902.13707,step,163.09492661299998,-542.1736817842036,163.09492661299998,-492.1736817842036,-33.72275790004839,150.67388017130506,-33.72275790004839,150.6744202038529
1785485902.141043,step,163.09492663092308,-542.1736897506177,163.09492663092308,-492.17368975061765,-33.72275790004824,150.67388017121903,-33.72275790004824,150.67442020376686
1785485902.1451263,step,163.09492666723995,-542.1736976868137,163.09492666723995,-492.17369768681374,-33.72275790004791,150.6738801711333,-33.72275790004791,150.67442020368114
1785485902.1491554,step,163.09492672194182,-542.1737055928432,163.09492672194182,-492.17370559284325,-33.72275790004741,150.67388017104793,-33.72275790004741,150.67442020359576
1785485902.1531146,step,163.09492679501898,-542.1737134687572,163.09492679501898,-492.1737134687572,-33.72275790004676,150.67388017096286,-33.72275790004676,150.6744202035107
1785485902.1570134,step,163.09492688646156,-542.173721314608,163.09492688646156,-492.173721314608,-33.722757900045934,150.6738801708781,-33.722757900045934,150.67442020342594
1785485902.161269,step,163.09492699626074,-542.1737291304474,163.09492699626074,-492.17372913044744,-33.722757900044954,150.6738801707937,-33.722757900044954,150.67442020334153
1785485902.165298,step,163.09492712440604,-542.1737369163275,163.09492712440604,-492.17373691632747,-33.7227579000438,150.6738801707096,-33.7227579000438,150.67442020325743
1785485902.1692367,step,163.09492727088542,-542.1737446722994,163.09492727088542,-492.17374467229945,-33.72275790004248,150.67388017062584,-33.72275790004248,150.67442020317367
1785485902.1731524,step,163.09492743568813,-542.1737523984186,163.09492743568813,-492.1737523984186,-33.722757900041,150.6738801705424,-33.722757900041,150.67442020309022
1785485902.1774411,step,163.09492761880244,-542.173760094738,163.09492761880244,-492.173760094738,-33.72275790003936,150.67388017045926,-33.72275790003936,150.6744202030071
1785485902.1814375,step,163.09492782021582,-542.1737677613123,163.09492782021582,-492.1737677613123,-33.72275790003755,150.67388017037646,-33.72275790003755,150.6744202029243
1785485902.1854818,step,163.0949280399162,-542.1737753981924,163.0949280399162,-492.17377539819245,-33.722757900035575,150.67388017029396,-33.722757900035575,150.67442020284182
1785485902.1893625,step,163.09492827789055,-542.1737830054336,163.09492827789055,-492.1737830054336,-33.722757900033436,150.67388017021182,-33.722757900033436,150.67442020275965
1785485902.1930273,step,163.09492853412547,-542.1737905830925,163.09492853412547,-492.17379058309245,-33.722757900031134,150.67388017012996,-33.722757900031134,150.6744202026778
1785485902.1974025,step,163.0949288086072,-542.1737981312228,163.0949288086072,-492.17379813122284,-33.72275790002867,150.67388017004845,-33.72275790002867,150.67442020259628
1785485902.2015285,step,163.09492910132195,-542.1738056498783,163.09492910132195,-492.1738056498783,-33.72275790002604,150.67388016996722,-33.72275790002604,150.67442020251508
1785485902.2050972,step,163.0949294122546,-542.1738131391135,163.0949294122546,-492.17381313911346,-33.72275790002325,150.67388016988633,-33.72275790002325,150.6744202024342
1785485902.2099545,step,163.09492974139027,-542.173820598984,163.09492974139027,-492.173820598984,-33.72275790002029,150.67388016980578,-33.72275790002029,150.67442020235362
1785485902.2139425,step,163.09493008871425,-542.1738280295461,163.09493008871425,-492.17382802954614,-33.72275790001717,150.67388016972552,-33.72275790001717,150.67442020227335
1785485902.217272,step,163.09493045421107,-542.1738354308552,163.09493045421107,-492.1738354308552,-33.72275790001389,150.67388016964557,-33.72275790001389,150.67442020219343
1785485902.2211058,step,163.09493083786407,-542.1738428029664,163.09493083786407,-492.1738428029664,-33.72275790001044,150.67388016956596,-33.72275790001044,150.6744202021138
1785485902.2255812,step,163.09493123965692,-542.1738501459361,163.09493123965692,-492.17385014593606,-33.72275790000683,150.67388016948664,-33.72275790000683,150.6744202020345
1785485902.2293687,step,163.09493165957264,-542.1738574598227,163.09493165957264,-492.17385745982267,-33.72275790000306,150.67388016940765,-33.72275790000306,150.67442020195548
1785485902.2333825,step,163.0949320975936,-542.1738647446825,163.0949320975936,-492.17386474468253,-33.722757899999124,150.67388016932898,-33.722757899999124,150.6744202018768
1785485902.2371733,step,163.0949325537028,-542.1738720005714,163.0949325537028,-492.17387200057135,-33.72275789999503,150.6738801692506,-33.72275789999503,150.67442020179845
1785485902.241418,step,163.09493302788147,-542.1738792275473,163.09493302788147,-492.17387922754733,-33.72275789999077,150.67388016917255,-33.72275789999077,150.67442020172038
1785485902.245207,step,163.09493352011145,-542.1738864256678,163.09493352011145,-492.1738864256678,-33.72275789998635,150.6738801690948,-33.72275789998635,150.67442020164265
1785485902.2490654,step,163.09493403037337,-542.1738935949876,163.09493403037337,-492.1738935949876,-33.722757899981765,150.67388016901737,-33.722757899981765,150.6744202015652
1785485902.2534773,step,163.0949345586484,-542.1739007355646,163.0949345586484,-492.17390073556464,-33.72275789997702,150.67388016894026,-33.72275789997702,150.6744202014881
1785485902.2572436,step,163.09493510491606,-542.1739078474582,163.09493510491606,-492.17390784745817,-33.72275789997211,150.67388016886343,-33.72275789997211,150.67442020141127
1785485902.261007,step,163.0949356691562,-542.1739149307249,163.0949356691562,-492.1739149307249,-33.72275789996704,150.67388016878692,-33.72275789996704,150.67442020133475
1785485902.2654223,step,163.0949362513488,-542.1739219854235,163.0949362513488,-492.1739219854235,-33.72275789996181,150.67388016871072,-33.72275789996181,150.67442020125858
1785485902.269638,step,163.09493685147214,-542.1739290116122,163.09493685147214,-492.17392901161224,-33.72275789995642,150.67388016863484,-33.72275789995642,150.6744202011827
1785485902.2732413,step,163.09493746950483,-542.1739360093488,163.09493746950483,-492.17393600934884,-33.72275789995087,150.67388016855926,-33.72275789995087,150.6744202011071
1785485902.2782257,step,163.09493810542529,-542.1739429786921,163.09493810542529,-492.17394297869214,-33.72275789994516,150.673880168484,-33.72275789994516,150.67442020103184
1785485902.2820344,step,163.09493875921115,-542.1739499197005,163.09493875921115,-492.1739499197005,-33.72275789993928,150.67388016840903,-33.72275789993928,150.67442020095686
1785485902.2862046,step,163.09493943083996,-542.1739568324331,163.09493943083996,-492.1739568324331,-33.72275789993325,150.67388016833436,-33.72275789993325,150.6744202008822
1785485902.289823,step,163.09494012028821,-542.1739637169494,163.09494012028821,-492.1739637169494,-33.72275789992705,150.67388016826,-33.72275789992705,150.67442020080784
1785485902.2939842,step,163.0949408275328,-542.1739705733064,163.0949408275328,-492.1739705733064,-33.7227578999207,150.67388016818595,-33.7227578999207,150.6744202007338
1785485902.297533,step,163.09494155254993,-542.1739774015648,163.09494155254993,-492.1739774015648,-33.72275789991419,150.6738801681122,-33.72275789991419,150.67442020066005
1785485902.3016546,step,163.09494229531535,-542.1739842017835,163.09494229531535,-492.17398420178347,-33.72275789990752,150.67388016803875,-33.72275789990752,150.6744202005866
1785485902.3053317,step,163.0949430558031,-542.1739909740227,163.0949430558031,-492.1739909740227,-33.722757899900685,150.67388016796562,-33.722757899900685,150.67442020051345
1785485902.3101213,step,163.09494383398888,-542.1739977183394,163.09494383398888,-492.17399771833936,-33.72275789989369,150.67388016789278,-33.72275789989369,150.6744202004406
1785485902.3142157,step,163.0949446298468,-542.1740044347938,163.0949446298468,-492.1740044347938,-33.722757899886545,150.67388016782022,-33.722757899886545,150.67442020036808
1785485902.3176758,step,163.0949454433512,-542.1740111234466,163.0949454433512,-492.1740111234466,-33.72275789987924,150.673880167748,-33.72275789987924,150.67442020029583
1785485902.321646,step,163.09494627447523,-542.1740177843567,163.09494627447523,-492.1740177843567,-33.72275789987177,150.67388016767603,-33.72275789987177,150.6744202002239
1785485902.3255365,step,163.0949471231919,-542.1740244175847,163.0949471231919,-492.17402441758475,-33.72275789986415,150.6738801676044,-33.72275789986415,150.67442020015224
1785485902.3294268,step,163.09494798947426,-542.1740310231903,163.09494798947426,-492.1740310231903,-33.72275789985637,150.67388016753304,-33.72275789985637,150.6744202000809
1785485902.3334596,step,163.09494887329436,-542.1740376012323,163.09494887329436,-492.17403760123227,-33.722757899848425,150.67388016746202,-33.722757899848425,150.67442020000985
1785485902.3372238,step,163.09494977462467,-542.1740441517699,163.09494977462467,-492.17404415176986,-33.72275789984033,150.67388016739125,-33.72275789984033,150.6744201999391
1785485902.341248,step,163.09495069343618,-542.174050674864,163.09495069343618,-492.174050674864,-33.722757899832075,150.6738801673208,-33.722757899832075,150.67442019986865
1785485902.3453841,step,163.09495162970006,-542.1740571705742,163.09495162970006,-492.1740571705742,-33.72275789982367,150.67388016725064,-33.72275789982367,150.67442019979848
1785485902.3492248,step,163.09495258338697,-542.1740636389609,163.09495258338697,-492.1740636389609,-33.7227578998151,150.67388016718078,-33.7227578998151,150.67442019972862
1785485902.3531222,step,163.09495355446745,-542.1740700800849,163.09495355446745,-492.1740700800849,-33.722757899806375,150.6738801671112,-33.722757899806375,150.67442019965907
1785485902.3571227,step,163.09495454291124,-542.1740764940034,163.09495454291124,-492.17407649400343,-33.72275789979749,150.67388016704194,-33.72275789979749,150.67442019958978
1785485902.361201,step,163.09495554868818,-542.1740828807782,163.09495554868818,-492.1740828807782,-33.72275789978846,150.67388016697296,-33.72275789978846,150.6744201995208
1785485902.365413,step,163.0949565717664,-542.1740892404698,163.0949565717664,-492.1740892404698,-33.72275789977927,150.67388016690427,-33.72275789977927,150.6744201994521
1785485902.3697875,step,163.0949576121145,-542.1740955731392,163.0949576121145,-492.1740955731392,-33.722757899769924,150.67388016683586,-33.722757899769924,150.67442019938372
1785485902.373696,step,163.0949586697012,-542.1741018788445,163.0949586697012,-492.17410187884445,-33.722757899760424,150.67388016676776,-33.722757899760424,150.67442019931562
1785485902.3777134,step,163.09495974449322,-542.1741081576465,163.09495974449322,-492.1741081576465,-33.72275789975077,150.67388016669994,-33.72275789975077,150.6744201992478
1785485902.3815403,step,163.0949608364583,-542.1741144096047,163.0949608364583,-492.1741144096047,-33.72275789974096,150.67388016663242,-33.72275789974096,150.67442019918028
1785485902.3854299,step,163.09496194556354,-542.1741206347795,163.09496194556354,-492.17412063477946,-33.722757899731,150.6738801665652,-33.722757899731,150.67442019911303
1785485902.3893464,step,163.09496307177497,-542.174126833231,163.09496307177497,-492.17412683323096,-33.72275789972088,150.67388016649824,-33.72275789972088,150.6744201990461
1785485902.39299,step,163.09496421505904,-542.1741330050197,163.09496421505904,-492.1741330050197,-33.72275789971061,150.6738801664316,-33.72275789971061,150.67442019897942
1785485902.397134,step,163.09496537538112,-542.1741391502055,163.09496537538112,-492.1741391502055,-33.722757899700184,150.67388016636522,-33.722757899700184,150.67442019891305
1785485902.4015038,step,163.0949665527064,-542.1741452688485,163.0949665527064,-492.1741452688485,-33.72275789968961,150.6738801662991,-33.72275789968961,150.67442019884697
1785485902.405374,step,163.094967747,-542.1741513610077,163.094967747,-492.1741513610077,-33.72275789967888,150.67388016623332,-33.72275789967888,150.67442019878118
1785485902.4093137,step,163.09496895822565,-542.1741574267438,163.09496895822565,-492.1741574267438,-33.722757899668004,150.6738801661678,-33.722757899668004,150.67442019871567
1785485902.4132106,step,163.09497018634752,-542.1741634661156,163.09497018634752,-492.1741634661156,-33.72275789965697,150.67388016610258,-33.72275789965697,150.67442019865044
1785485902.4172316,step,163.09497143132913,-542.1741694791837,163.09497143132913,-492.17416947918366,-33.722757899645785,150.67388016603763,-33.722757899645785,150.67442019858547
1785485902.4212265,step,163.09497269313374,-542.1741754660086,163.09497269313374,-492.1741754660086,-33.72275789963445,150.67388016597297,-33.72275789963445,150.6744201985208
1785485902.4255624,step,163.09497397172387,-542.1741814266506,163.09497397172387,-492.17418142665065,-33.72275789962296,150.6738801659086,-33.72275789962296,150.67442019845643
1785485902.4295342,step,163.09497526706204,-542.174187361169,163.09497526706204,-492.17418736116895,-33.72275789961133,150.6738801658445,-33.72275789961133,150.67442019839234
1785485902.4336567,step,163.09497657910987,-542.1741932696234,163.09497657910987,-492.1741932696234,-33.72275789959954,150.67388016578067,-33.72275789959954,150.67442019832853
1785485902.437093,step,163.09497790782882,-542.1741991520717,163.09497790782882,-492.17419915207165,-33.722757899587606,150.67388016571715,-33.722757899587606,150.67442019826498
1785485902.441508,step,163.09497925317973,-542.1742050085743,163.09497925317973,-492.1742050085743,-33.72275789957552,150.67388016565388,-33.72275789957552,150.67442019820174
1785485902.4453943,step,163.09498061512357,-542.1742108391901,163.09498061512357,-492.1742108391901,-33.722757899563284,150.67388016559093,-33.722757899563284,150.67442019813876
1785485902.4493713,step,163.09498199362008,-542.1742166439802,163.09498199362008,-492.17421664398023,-33.722757899550906,150.67388016552823,-33.722757899550906,150.67442019807606
1785485902.4533658,step,163.09498338862855,-542.1742224230035,163.09498338862855,-492.17422242300347,-33.72275789953837,150.67388016546582,-33.72275789953837,150.67442019801365
1785485902.4570978,step,163.0949848001085,-542.1742281763181,163.0949848001085,-492.17422817631814,-33.722757899525696,150.67388016540366,-33.722757899525696,150.67442019795152
1785485902.4610374,step,163.0949862280189,-542.1742339039836,163.0949862280189,-492.1742339039836,-33.722757899512864,150.6738801653418,-33.722757899512864,150.67442019788965
1785485902.4649673,step,163.09498767231764,-542.1742396060579,163.09498767231764,-492.1742396060579,-33.72275789949989,150.67388016528022,-33.72275789949989,150.67442019782806
1785485902.4693155,step,163.09498913296306,-542.1742452825999,163.09498913296306,-492.17424528259994,-33.72275789948677,150.67388016521892,-33.72275789948677,150.67442019776675
1785485902.4731438,step,163.09499060991266,-542.1742509336693,163.09499060991266,-492.1742509336693,-33.7227578994735,150.67388016515787,-33.7227578994735,150.67442019770573
1785485902.4774761,step,163.09499210312345,-542.1742565593253,163.09499210312345,-492.1742565593253,-33.72275789946009,150.6738801650971,-33.72275789946009,150.67442019764496
1785485902.4810994,step,163.09499361255226,-542.1742621596262,163.09499361255226,-492.1742621596262,-33.72275789944653,150.67388016503662,-33.72275789944653,150.67442019758448
1785485902.4851217,step,163.09499513815524,-542.1742677346309,163.09499513815524,-492.1742677346309,-33.72275789943283,150.67388016497642,-33.72275789943283,150.67442019752426
1785485902.489133,step,163.0949966798883,-542.1742732843975,163.0949966798883,-492.1742732843975,-33.72275789941897,150.67388016491648,-33.72275789941897,150.67442019746431
1785485902.4929879,step,163.09499823770648,-542.1742788089838,163.09499823770648,-492.1742788089838,-33.72275789940498,150.6738801648568,-33.72275789940498,150.67442019740466
1785485902.4971883,step,163.09499981156486,-542.1742843084464,163.09499981156486,-492.17428430844643,-33.72275789939084,150.6738801647974,-33.72275789939084,150.67442019734526
1785485902.5013263,step,163.0950014014182,-542.1742897828454,163.0950014014182,-492.17428978284545,-33.72275789937656,150.67388016473828,-33.72275789937656,150.6744201972861
1785485902.5052655,step,163.0950030072204,-542.1742952322377,163.0950030072204,-492.1742952322377,-33.722757899362136,150.67388016467942,-33.722757899362136,150.67442019722728
1785485902.5092053,step,163.09500462892555,-542.1743006566808,163.09500462892555,-492.17430065668077,-33.72275789934757,150.67388016462084,-33.72275789934757,150.67442019716867
1785485902.5131845,step,163.09500626648608,-542.1743060562326,163.09500626648608,-492.1743060562326,-33.722757899332855,150.67388016456252,-33.722757899332855,150.67442019711035
1785485902.5173094,step,163.0950079198554,-542.1743114309519,163.0950079198554,-492.1743114309519,-33.722757899318005,150.67388016450445,-33.722757899318005,150.6744201970523
1785485902.5218713,step,163.0950095889861,-542.1743167808945,163.0950095889861,-492.1743167808945,-33.72275789930301,150.67388016444667,-33.72275789930301,150.67442019699453
1785485902.525783,step,163.09501127382987,-542.1743221061197,163.09501127382987,-492.1743221061197,-33.72275789928788,150.67388016438917,-33.72275789928788,150.674420196937
1785485902.529227,step,163.09501297433815,-542.1743274066836,163.09501297433815,-492.1743274066836,-33.7227578992726,150.6738801643319,-33.7227578992726,150.67442019687977
1785485902.5331342,step,163.09501469046262,-542.1743326826424,163.09501469046262,-492.17433268264244,-33.72275789925718,150.67388016427495,-33.72275789925718,150.67442019682278
1785485902.5371354,step,163.09501642215332,-542.1743379340533,163.09501642215332,-492.17433793405326,-33.72275789924163,150.67388016421822,-33.72275789924163,150.67442019676605
1785485902.5411527,step,163.09501816936037,-542.174343160973,163.09501816936037,-492.17434316097297,-33.72275789922593,150.67388016416177,-33.72275789922593,150.6744201967096
1785485902.545525,step,163.09501993203446,-542.1743483634594,163.09501993203446,-492.17434836345944,-33.7227578992101,150.67388016410558,-33.7227578992101,150.67442019665341
1785485902.5490093,step,163.0950217101248,-542.174353541569,163.0950217101248,-492.17435354156896,-33.72275789919413,150.67388016404965,-33.72275789919413,150.67442019659748
1785485902.5539374,step,163.09502350358014,-542.1743586953568,163.09502350358014,-492.1743586953568,-33.72275789917801,150.67388016399397,-33.72275789917801,150.67442019654183
1785485902.5579572,step,163.0950253123486,-542.1743638248786,163.0950253123486,-492.1743638248786,-33.72275789916176,150.67388016393858,-33.72275789916176,150.6744201964864
1785485902.561818,step,163.09502713637903,-542.1743689301918,163.09502713637903,-492.1743689301918,-33.72275789914538,150.67388016388344,-33.72275789914538,150.67442019643127
1785485902.5652976,step,163.09502897561927,-542.1743740113526,163.09502897561927,-492.1743740113526,-33.72275789912886,150.67388016382856,-33.72275789912886,150.6744201963764
1785485902.569404,step,163.09503083001667,-542.1743790684162,163.09503083001667,-492.1743790684162,-33.7227578991122,150.67388016377393,-33.7227578991122,150.6744201963218
1785485902.5731604,step,163.0950326995175,-542.1743841014378,163.0950326995175,-492.1743841014378,-33.722757899095406,150.6738801637196,-33.722757899095406,150.67442019626742
1785485902.5773537,step,163.09503458406832,-542.1743891104734,163.09503458406832,-492.1743891104734,-33.72275789907848,150.67388016366547,-33.72275789907848,150.6744201962133
1785485902.581123,step,163.09503648361505,-542.1743940955773,163.09503648361505,-492.1743940955773,-33.72275789906141,150.67388016361164,-33.72275789906141,150.67442019615947
1785485902.5852888,step,163.09503839810375,-542.1743990568062,163.09503839810375,-492.17439905680624,-33.72275789904422,150.67388016355804,-33.72275789904422,150.6744201961059
1785485902.589316,step,163.095040327479,-542.1744039942157,163.095040327479,-492.1744039942157,-33.72275789902688,150.67388016350472,-33.72275789902688,150.67442019605255
1785485902.5937402,step,163.09504227168603,-542.1744089078618,163.09504227168603,-492.1744089078618,-33.722757899009416,150.67388016345166,-33.722757899009416,150.6744201959995
1785485902.5974808,step,163.0950442306684,-542.1744137977988,163.0950442306684,-492.1744137977988,-33.72275789899182,150.67388016339885,-33.72275789899182,150.67442019594668
1785485902.6015131,step,163.09504620436994,-542.1744186640822,163.09504620436994,-492.17441866408217,-33.722757898974095,150.67388016334627,-33.722757898974095,150.67442019589413
1785485902.6050892,step,163.09504819273425,-542.1744235067655,163.09504819273425,-492.1744235067655,-33.72275789895623,150.67388016329397,-33.72275789895623,150.6744201958418
1785485902.6093132,step,163.09505019570474,-542.1744283259061,163.09505019570474,-492.1744283259061,-33.722757898938234,150.67388016324193,-33.722757898938234,150.67442019578976
1785485902.6132789,step,163.09505221322334,-542.1744331215589,163.09505221322334,-492.1744331215589,-33.722757898920115,150.67388016319012,-33.722757898920115,150.67442019573798
1785485902.6172457,step,163.09505424523257,-542.1744378937791,163.09505424523257,-492.1744378937791,-33.72275789890186,150.6738801631386,-33.72275789890186,150.67442019568642
1785485902.621126,step,163.09505629167427,-542.1744426426226,163.09505629167427,-492.1744426426226,-33.72275789888348,150.6738801630873,-33.72275789888348,150.67442019563515
1785485902.6251988,step,163.09505835248984,-542.1744473681425,163.09505835248984,-492.1744473681425,-33.72275789886496,150.67388016303624,-33.72275789886496,150.6744201955841
1785485902.629188,step,163.09506042762033,-542.1744520703943,163.09506042762033,-492.1744520703943,-33.722757898846325,150.67388016298545,-33.722757898846325,150.67442019553332
1785485902.6331084,step,163.09506251700563,-542.1744567494338,163.09506251700563,-492.17445674943383,-33.72275789882755,150.67388016293492,-33.72275789882755,150.67442019548278
1785485902.6371388,step,163.09506462058621,-542.1744614053151,163.09506462058621,-492.1744614053151,-33.72275789880866,150.67388016288464,-33.72275789880866,150.67442019543248
1785485902.6409342,step,163.09506673830126,-542.1744660380923,163.09506673830126,-492.1744660380923,-33.72275789878963,150.67388016283462,-33.72275789878963,150.67442019538245
1785485902.644917,step,163.09506887009007,-542.1744706478207,163.09506887009007,-492.1744706478207,-33.72275789877048,150.67388016278483,-33.72275789877048,150.67442019533266
1785485902.649576,step,163.095071015891,-542.1744752345552,163.095071015891,-492.1744752345552,-33.722757898751205,150.6738801627353,-33.722757898751205,150.67442019528312
1785485902.6531868,step,163.09507317564285,-542.1744797983498,163.09507317564285,-492.1744797983498,-33.72275789873181,150.67388016268598,-33.72275789873181,150.67442019523384
1785485902.6579561,step,163.09507534928338,-542.1744843392594,163.09507534928338,-492.1744843392594,-33.72275789871228,150.67388016263695,-33.72275789871228,150.67442019518478
1785485902.6612337,step,163.09507753675044,-542.1744888573381,163.09507753675044,-492.17448885733813,-33.72275789869263,150.67388016258815,-33.72275789869263,150.67442019513598
1785485902.66559,step,163.09507973798088,-542.1744933526395,163.09507973798088,-492.1744933526395,-33.72275789867285,150.6738801625396,-33.72275789867285,150.67442019508744
1785485902.6693976,step,163.0950819529117,-542.1744978252191,163.0950819529117,-492.1744978252191,-33.72275789865296,150.6738801624913,-33.72275789865296,150.67442019503912
1785485902.6731014,step,163.09508418147905,-542.1745022751311,163.09508418147905,-492.1745022751311,-33.72275789863294,150.67388016244323,-33.72275789863294,150.67442019499106
1785485902.677311,step,163.0950864236186,-542.1745067024284,163.0950864236186,-492.1745067024284,-33.7227578986128,150.67388016239542,-33.7227578986128,150.67442019494325
1785485902.6818798,step,163.09508867926618,-542.1745111071659,163.09508867926618,-492.1745111071659,-33.72275789859253,150.67388016234784,-33.72275789859253,150.67442019489567
1785485902.6852455,step,163.095090948356,-542.1745154893973,163.095090948356,-492.1745154893973,-33.72275789857215,150.6738801623005,-33.72275789857215,150.67442019484835
1785485902.6895547,step,163.09509323082298,-542.1745198491774,163.09509323082298,-492.1745198491774,-33.72275789855165,150.67388016225343,-33.72275789855165,150.67442019480126
1785485902.693232,step,163.09509552660103,-542.1745241865598,163.09509552660103,-492.1745241865598,-33.72275789853102,150.67388016220656,-33.72275789853102,150.67442019475442
1785485902.6971147,step,163.0950978356239,-542.174528501598,163.0950978356239,-492.17452850159805,-33.72275789851028,150.67388016215997,-33.72275789851028,150.6744201947078
1785485902.7011225,step,163.09510015782524,-542.1745327943452,163.09510015782524,-492.17453279434517,-33.72275789848942,150.6738801621136,-33.72275789848942,150.67442019466145
1785485902.704943,step,163.09510249313757,-542.1745370648551,163.09510249313757,-492.17453706485514,-33.722757898468444,150.67388016206746,-33.722757898468444,150.67442019461532
1785485902.7090356,step,163.09510484149388,-542.1745413131806,163.09510484149388,-492.1745413131806,-33.72275789844735,150.6738801620216,-33.72275789844735,150.67442019456942
1785485902.7129364,step,163.0951072028258,-542.1745455393757,163.0951072028258,-492.1745455393757,-33.72275789842614,150.67388016197594,-33.72275789842614,150.67442019452378
1785485902.7172415,step,163.09510957706505,-542.1745497434927,163.09510957706505,-492.17454974349266,-33.72275789840481,150.67388016193053,-33.72275789840481,150.6744201944784
1785485902.7210975,step,163.09511196414317,-542.1745539255851,163.09511196414317,-492.1745539255851,-33.722757898383364,150.67388016188536,-33.722757898383364,150.6744201944332
1785485902.7251768,step,163.0951143639905,-542.1745580857073,163.0951143639905,-492.1745580857073,-33.722757898361806,150.67388016184043,-33.722757898361806,150.6744201943883
1785485902.7290077,step,163.09511677653788,-542.1745622239116,163.09511677653788,-492.1745622239116,-33.722757898340134,150.67388016179575,-33.722757898340134,150.67442019434358
1785485902.7333705,step,163.09511920171502,-542.1745663402493,163.09511920171502,-492.17456634024927,-33.72275789831835,150.67388016175127,-33.72275789831835,150.67442019429913
1785485902.7372808,step,163.09512163945206,-542.1745704347744,163.09512163945206,-492.1745704347744,-33.72275789829645,150.67388016170705,-33.72275789829645,150.6744201942549
1785485902.7412367,step,163.09512408967805,-542.1745745075388,163.09512408967805,-492.17457450753875,-33.72275789827444,150.67388016166308,-33.72275789827444,150.6744201942109
1785485902.745243,step,163.0951265523212,-542.1745785585956,163.0951265523212,-492.1745785585956,-33.72275789825232,150.6738801616193,-33.72275789825232,150.67442019416717
1785485902.7491055,step,163.09512902731015,-542.1745825879979,163.09512902731015,-492.17458258799786,-33.722757898230086,150.6738801615758,-33.722757898230086,150.67442019412363
1785485902.753476,step,163.095131514573,-542.1745865957976,163.095131514573,-492.17458659579756,-33.72275789820774,150.6738801615325,-33.72275789820774,150.67442019408034
1785485902.757276,step,163.09513401403726,-542.1745905820464,163.09513401403726,-492.17459058204645,-33.722757898185286,150.67388016148945,-33.722757898185286,150.67442019403728
1785485902.7616074,step,163.0951365256296,-542.1745945467967,163.0951365256296,-492.1745945467967,-33.722757898162726,150.67388016144662,-33.722757898162726,150.67442019399448
1785485902.7653892,step,163.09513904927726,-542.1745984901,163.09513904927726,-492.17459849010004,-33.72275789814005,150.67388016140404,-33.72275789814005,150.67442019395187
1785485902.7691913,step,163.0951415849068,-542.1746024120088,163.0951415849068,-492.17460241200877,-33.72275789811728,150.6738801613617,-33.72275789811728,150.67442019390953
1785485902.7735589,step,163.09514413244372,-542.1746063125744,163.09514413244372,-492.1746063125744,-33.72275789809439,150.67388016131954,-33.72275789809439,150.6744201938674
1785485902.7775369,step,163.09514669181377,-542.1746101918479,163.09514669181377,-492.17461019184793,-33.7227578980714,150.67388016127765,-33.7227578980714,150.67442019382548
1785485902.7811131,step,163.09514926294213,-542.174614049881,163.09514926294213,-492.17461404988103,-33.72275789804831,150.67388016123599,-33.72275789804831,150.67442019378382
1785485902.7853532,step,163.09515184575332,-542.1746178867264,163.09515184575332,-492.1746178867264,-33.7227578980251,150.67388016119455,-33.7227578980251,150.67442019374238
1785485902.7893994,step,163.09515444017177,-542.174621702434,163.09515444017177,-492.174621702434,-33.722757898001795,150.67388016115333,-33.722757898001795,150.67442019370117
1785485902.793251,step,163.09515704612124,-542.1746254970567,163.09515704612124,-492.1746254970567,-33.72275789797839,150.67388016111235,-33.72275789797839,150.67442019366018
1785485902.7970164,step,163.0951596635253,-542.1746292706447,163.0951596635253,-492.1746292706447,-33.72275789795488,150.6738801610716,-33.72275789795488,150.67442019361943
1785485902.8011832,step,163.095162292307,-542.1746330232485,163.095162292307,-492.1746330232485,-33.72275789793126,150.67388016103106,-33.72275789793126,150.6744201935789
1785485902.8055444,step,163.09516493238894,-542.1746367549204,163.09516493238894,-492.17463675492036,-33.72275789790754,150.67388016099076,-33.72275789790754,150.6744201935386
1785485902.8091614,step,163.09516758369395,-542.1746404657099,163.09516758369395,-492.1746404657099,-33.722757897883724,150.6738801609507,-33.722757897883724,150.67442019349852
1785485902.8131218,step,163.09517024614385,-542.1746441556686,163.09517024614385,-492.1746441556686,-33.72275789785981,150.6738801609108,-33.72275789785981,150.67442019345867
1785485902.817106,step,163.0951729196607,-542.1746478248465,163.0951729196607,-492.1746478248465,-33.72275789783579,150.6738801608712,-33.72275789783579,150.67442019341902
1785485902.82117,step,163.09517560416515,-542.1746514732947,163.09517560416515,-492.1746514732947,-33.722757897811675,150.6738801608318,-33.722757897811675,150.67442019337963
1785485902.8251522,step,163.09517829957778,-542.1746551010644,163.09517829957778,-492.17465510106445,-33.72275789778747,150.6738801607926,-33.72275789778747,150.67442019334044
1785485902.8290336,step,163.09518100581906,-542.174658708205,163.09518100581906,-492.174658708205,-33.72275789776315,150.67388016075364,-33.72275789776315,150.6744201933015
1785485902.8332324,step,163.0951837228092,-542.1746622947678,163.0951837228092,-492.1746622947678,-33.722757897738745,150.6738801607149,-33.722757897738745,150.67442019326276
1785485902.837239,step,163.09518645046796,-542.1746658608025,163.09518645046796,-492.1746658608025,-33.722757897714246,150.6738801606764,-33.722757897714246,150.67442019322422
1785485902.8410993,step,163.09518918871495,-542.1746694063602,163.09518918871495,-492.1746694063602,-33.72275789768965,150.6738801606381,-33.72275789768965,150.67442019318594
1785485902.8449264,step,163.09519193746812,-542.1746729314902,163.09519193746812,-492.17467293149025,-33.722757897664955,150.67388016060002,-33.722757897664955,150.67442019314785
1785485902.8497689,step,163.09519469664642,-542.1746764362424,163.09519469664642,-492.1746764362424,-33.72275789764017,150.67388016056216,-33.72275789764017,150.67442019311002
1785485902.8534503,step,163.0951974661681,-542.1746799206668,163.0951974661681,-492.1746799206668,-33.72275789761529,150.67388016052453,-33.72275789761529,150.6744201930724
1785485902.8571703,step,163.09520024595037,-542.1746833848143,163.09520024595037,-492.17468338481433,-33.72275789759032,150.67388016048713,-33.72275789759032,150.67442019303496
1785485902.8612494,step,163.0952030359109,-542.1746868287344,163.0952030359109,-492.17468682873437,-33.72275789756526,150.67388016044993,-33.72275789756526,150.67442019299776
1785485902.8651383,step,163.0952058359668,-542.1746902524771,163.0952058359668,-492.17469025247715,-33.722757897540106,150.67388016041295,-33.722757897540106,150.67442019296078
1785485902.8691466,step,163.09520864603454,-542.1746936560914,163.09520864603454,-492.17469365609145,-33.72275789751486,150.6738801603762,-33.72275789751486,150.67442019292403
1785485902.8732538,step,163.09521146603035,-542.1746970396298,163.09521146603035,-492.1746970396298,-33.72275789748953,150.67388016033965,-33.72275789748953,150.67442019288748
1785485902.8772292,step,163.0952142958702,-542.1747004031395,163.0952142958702,-492.17470040313947,-33.722757897464106,150.67388016030333,-33.722757897464106,150.67442019285116
1785485902.881865,step,163.09521713546965,-542.1747037466712,163.09521713546965,-492.1747037466712,-33.7227578974386,150.6738801602672,-33.7227578974386,150.67442019281503
1785485902.885467,step,163.09521998474315,-542.1747070702753,163.09521998474315,-492.1747070702753,-33.722757897413004,150.6738801602313,-33.722757897413004,150.67442019277914
1785485902.88926,step,163.09522284360594,-542.1747103740017,163.09522284360594,-492.17471037400173,-33.722757897387325,150.6738801601956,-33.722757897387325,150.67442019274347
1785485902.8942914,step,163.09522571197232,-542.1747136579023,163.09522571197232,-492.1747136579023,-33.722757897361554,150.67388016016017,-33.722757897361554,150.674420192708
1785485902.8975046,step,163.09522858975615,-542.1747169220264,163.09522858975615,-492.1747169220264,-33.722757897335704,150.6738801601249,-33.722757897335704,150.67442019267273
1785485902.9012375,step,163.09523147687162,-542.1747201664234,163.09523147687162,-492.1747201664234,-33.72275789730977,150.67388016008985,-33.72275789730977,150.6744201926377
1785485902.905078,step,163.09523437323185,-542.1747233911436,163.09523437323185,-492.17472339114363,-33.72275789728375,150.67388016005503,-33.72275789728375,150.67442019260287
1785485902.9091463,step,163.09523727874938,-542.1747265962372,163.09523727874938,-492.1747265962372,-33.72275789725765,150.67388016002042,-33.72275789725765,150.67442019256825
1785485902.913154,step,163.09524019333776,-542.1747297817537,163.09524019333776,-492.17472978175374,-33.72275789723147,150.673880159986,-33.72275789723147,150.67442019253386
1785485902.9171064,step,163.09524311690856,-542.1747329477437,163.09524311690856,-492.1747329477437,-33.722757897205206,150.6738801599518,-33.722757897205206,150.67442019249964
1785485902.9211435,step,163.0952460493739,-542.174736094257,163.0952460493739,-492.174736094257,-33.72275789717886,150.67388015991781,-33.72275789717886,150.67442019246567
1785485902.9250305,step,163.09524899064496,-542.174739221344,163.09524899064496,-492.174739221344,-33.72275789715244,150.67388015988405,-33.72275789715244,150.67442019243188
1785485902.929502,step,163.09525194063346,-542.174742329055,163.09525194063346,-492.174742329055,-33.72275789712594,150.67388015985048,-33.72275789712594,150.67442019239832
1785485902.9332619,step,163.09525489924994,-542.1747454174408,163.09525489924994,-492.1747454174408,-33.72275789709936,150.67388015981712,-33.72275789709936,150.67442019236498
1785485902.93728,step,163.0952578664046,-542.1747484865515,163.0952578664046,-492.1747484865515,-33.72275789707271,150.67388015978398,-33.72275789707271,150.67442019233184
1785485902.9413383,step,163.09526084200834,-542.1747515364389,163.09526084200834,-492.17475153643886,-33.72275789704598,150.67388015975104,-33.72275789704598,150.6744201922989
1785485902.945133,step,163.09526382597028,-542.1747545671534,163.09526382597028,-492.1747545671534,-33.72275789701917,150.6738801597183,-33.72275789701917,150.67442019226615
1785485902.9489608,step,163.09526681820006,-542.1747575787464,163.09526681820006,-492.1747575787464,-33.72275789699229,150.67388015968578,-33.72275789699229,150.6744201922336
1785485902.9533849,step,163.0952698186068,-542.1747605712683,163.0952698186068,-492.1747605712683,-33.72275789696534,150.67388015965346,-33.72275789696534,150.6744201922013
1785485902.957657,step,163.09527282709954,-542.1747635447701,163.09527282709954,-492.17476354477014,-33.72275789693831,150.67388015962135,-33.72275789693831,150.67442019216918
1785485902.960915,step,163.09527584358653,-542.1747664993043,163.09527584358653,-492.17476649930427,-33.72275789691122,150.67388015958943,-33.72275789691122,150.67442019213726
1785485902.965221,step,163.09527886797613,-542.1747694349216,163.09527886797613,-492.1747694349216,-33.72275789688405,150.6738801595577,-33.72275789688405,150.67442019210557
1785485902.9694812,step,163.0952819001757,-542.1747723516735,163.0952819001757,-492.1747723516735,-33.72275789685681,150.67388015952622,-33.72275789685681,150.67442019207405
1785485902.973301,step,163.09528494009334,-542.1747752496112,163.09528494009334,-492.17477524961123,-33.7227578968295,150.67388015949493,-33.7227578968295,150.67442019204276
1785485902.9770923,step,163.09528798763623,-542.174778128787,163.09528798763623,-492.174778128787,-33.72275789680212,150.67388015946383,-33.72275789680212,150.67442019201167
1785485902.9812284,step,163.09529104271036,-542.1747809892538,163.09529104271036,-492.1747809892538,-33.72275789677468,150.67388015943294,-33.72275789677468,150.67442019198077
1785485902.9854026,step,163.09529410522293,-542.1747838310633,163.09529410522293,-492.17478383106334,-33.72275789674717,150.67388015940224,-33.72275789674717,150.67442019195008
1785485902.9895844,step,163.0952971750804,-542.1747866542685,163.0952971750804,-492.1747866542685,-33.72275789671959,150.67388015937175,-33.72275789671959,150.67442019191958
1785485902.9934397,step,163.09530025218845,-542.1747894589222,163.09530025218845,-492.1747894589222,-33.72275789669195,150.67388015934145,-33.72275789669195,150.67442019188928
1785485902.9973211,step,163.09530333645273,-542.1747922450778,163.09530333645273,-492.1747922450778,-33.72275789666425,150.67388015931135,-33.72275789666425,150.6744201918592
1785485903.0011895,step,163.09530642777858,-542.174795012789,163.09530642777858,-492.174795012789,-33.72275789663647,150.67388015928148,-33.72275789663647,150.6744201918293
1785485903.0056155,step,163.0953095260706,-542.1747977621084,163.0953095260706,-492.17479776210837,-33.72275789660864,150.67388015925178,-33.72275789660864,150.6744201917996
1785485903.0092592,step,163.0953126312338,-542.1748004930886,163.0953126312338,-492.1748004930886,-33.72275789658075,150.67388015922228,-33.72275789658075,150.6744201917701
1785485903.013157,step,163.09531574317234,-542.1748032057849,163.09531574317234,-492.1748032057849,-33.72275789655279,150.67388015919298,-33.72275789655279,150.6744201917408
1785485903.017136,step,163.09531886179047,-542.1748059002506,163.09531886179047,-492.1748059002506,-33.722757896524776,150.67388015916387,-33.722757896524776,150.6744201917117
1785485903.0213232,step,163.09532198699216,-542.17480857654,163.09532198699216,-492.17480857654004,-33.7227578964967,150.67388015913497,-33.7227578964967,150.6744201916828
1785485903.025588,step,163.09532511868065,-542.1748112347074,163.09532511868065,-492.17481123470736,-33.72275789646857,150.67388015910626,-33.72275789646857,150.6744201916541
1785485903.0294578,step,163.0953282567594,-542.1748138748069,163.0953282567594,-492.1748138748069,-33.722757896440385,150.67388015907775,-33.722757896440385,150.6744201916256
1785485903.0332582,step,163.09533140113106,-542.1748164968952,163.09533140113106,-492.17481649689523,-33.72275789641214,150.67388015904942,-33.72275789641214,150.67442019159728
1785485903.0369956,step,163.09533455169813,-542.1748191010271,163.09533455169813,-492.1748191010271,-33.72275789638383,150.6738801590213,-33.72275789638383,150.67442019156914
1785485903.0409677,step,163.09533770836288,-542.1748216872594,163.09533770836288,-492.1748216872594,-33.72275789635548,150.67388015899337,-33.72275789635548,150.6744201915412
1785485903.0450256,step,163.09534087102764,-542.1748242556474,163.09534087102764,-492.1748242556474,-33.72275789632707,150.67388015896563,-33.72275789632707,150.67442019151346
1785485903.0490384,step,163.0953440395944,-542.1748268062466,163.0953440395944,-492.17482680624664,-33.7227578962986,150.6738801589381,-33.7227578962986,150.67442019148592
1785485903.0530136,step,163.095347213964,-542.1748293391136,163.095347213964,-492.17482933911356,-33.72275789627009,150.67388015891072,-33.72275789627009,150.67442019145855
1785485903.0570683,step,163.0953503940383,-542.1748318543054,163.0953503940383,-492.17483185430535,-33.722757896241525,150.67388015888355,-33.722757896241525,150.6744201914314
1785485903.0608068,step,163.09535357971734,-542.174834351879,163.09535357971734,-492.174834351879,-33.722757896212904,150.67388015885658,-33.722757896212904,150.6744201914044
1785485903.0650911,step,163.09535677090238,-542.1748368318915,163.09535677090238,-492.1748368318915,-33.722757896184234,150.6738801588298,-33.722757896184234,150.67442019137764
1785485903.0690427,step,163.09535996749392,-542.1748392944008,163.09535996749392,-492.17483929440084,-33.72275789615552,150.6738801588032,-33.72275789615552,150.67442019135103
1785485903.0732224,step,163.09536316939185,-542.1748417394643,163.09536316939185,-492.17484173946434,-33.72275789612676,150.6738801587768,-33.72275789612676,150.67442019132463
1785485903.077269,step,163.09536637649623,-542.1748441671398,163.09536637649623,-492.1748441671398,-33.72275789609795,150.67388015875056,-33.72275789609795,150.67442019129842
1785485903.0814738,step,163.09536958870638,-542.1748465774858,163.09536958870638,-492.1748465774858,-33.72275789606909,150.67388015872453,-33.72275789606909,150.6744201912724
1785485903.0850267,step,163.0953728059219,-542.1748489705614,163.0953728059219,-492.17484897056136,-33.72275789604019,150.6738801586987,-33.72275789604019,150.67442019124653
1785485903.0890489,step,163.0953760280421,-542.1748513464261,163.0953760280421,-492.17485134642607,-33.722757896011245,150.67388015867303,-33.722757896011245,150.67442019122086
1785485903.0929763,step,163.09537925496588,-542.1748537051394,163.09537925496588,-492.1748537051394,-33.72275789598226,150.67388015864756,-33.72275789598226,150.6744201911954
1785485903.0972314,step,163.0953824865917,-542.1748560467611,163.0953824865917,-492.1748560467611,-33.72275789595323,150.67388015862227,-33.72275789595323,150.6744201911701
1785485903.1013482,step,163.09538572281772,-542.1748583713503,163.09538572281772,-492.1748583713503,-33.72275789592416,150.67388015859714,-33.72275789592416,150.674420191145
1785485903.1062489,step,163.0953889635422,-542.174860678968,163.0953889635422,-492.174860678968,-33.72275789589505,150.67388015857222,-33.72275789589505,150.67442019112008
1785485903.1093175,step,163.095392208663,-542.1748629696754,163.095392208663,-492.17486296967536,-33.7227578958659,150.6738801585475,-33.7227578958659,150.67442019109532
1785485903.1132534,step,163.09539545807826,-542.1748652435339,163.09539545807826,-492.1748652435339,-33.72275789583671,150.67388015852293,-33.72275789583671,150.67442019107077
1785485903.1171768,step,163.0953987116854,-542.1748675006044,163.0953987116854,-492.17486750060436,-33.722757895807476,150.67388015849855,-33.722757895807476,150.67442019104638
1785485903.1212668,step,163.09540196938147,-542.1748697409506,163.09540196938147,-492.1748697409506,-33.722757895778216,150.67388015847436,-33.722757895778216,150.6744201910222
1785485903.12535,step,163.09540523106332,-542.174871964634,163.09540523106332,-492.174871964634,-33.72275789574891,150.67388015845034,-33.72275789574891,150.67442019099818
1785485903.1291707,step,163.09540849662773,-542.1748741717167,163.09540849662773,-492.17487417171674,-33.72275789571958,150.6738801584265,-33.72275789571958,150.67442019097433
1785485903.1332662,step,163.09541176597116,-542.1748763622624,163.09541176597116,-492.17487636226235,-33.72275789569021,150.67388015840285,-33.72275789569021,150.67442019095068
1785485903.137096,step,163.09541503899035,-542.1748785363329,163.09541503899035,-492.1748785363329,-33.722757895660806,150.67388015837935,-33.722757895660806,150.6744201909272
1785485903.1411693,step,163.0954183155813,-542.1748806939931,163.0954183155813,-492.17488069399315,-33.722757895631375,150.67388015835604,-33.722757895631375,150.6744201909039
1785485903.1454027,step,163.09542159563966,-542.1748828353059,163.09542159563966,-492.1748828353059,-33.72275789560191,150.67388015833293,-33.72275789560191,150.67442019088077
1785485903.1492066,step,163.09542487906134,-542.174884960336,163.09542487906134,-492.17488496033604,-33.722757895572414,150.67388015830997,-33.722757895572414,150.67442019085783
1785485903.153413,step,163.09542816574168,-542.1748870691484,163.09542816574168,-492.17488706914844,-33.72275789554289,150.6738801582872,-33.72275789554289,150.67442019083504
1785485903.1571524,step,163.09543145557578,-542.174889161807,163.09543145557578,-492.17488916180696,-33.72275789551334,150.6738801582646,-33.72275789551334,150.67442019081244
1785485903.1616602,step,163.09543474845907,-542.1748912383779,163.09543474845907,-492.1748912383779,-33.72275789548376,150.67388015824216,-33.72275789548376,150.67442019079002
1785485903.165255,step,163.09543804428645,-542.1748932989269,163.09543804428645,-492.1748932989269,-33.72275789545415,150.6738801582199,-33.72275789545415,150.67442019076776
1785485903.1691449,step,163.0954413429526,-542.1748953435207,163.0954413429526,-492.1748953435207,-33.722757895424515,150.67388015819782,-33.722757895424515,150.67442019074568
1785485903.1729271,step,163.09544464435206,-542.1748973722249,163.09544464435206,-492.1748973722249,-33.722757895394864,150.67388015817593,-33.722757895394864,150.67442019072377
1785485903.177408,step,163.09544794837896,-542.1748993851071,163.09544794837896,-492.1748993851071,-33.72275789536518,150.6738801581542,-33.72275789536518,150.67442019070202
1785485903.1811624,step,163.09545125492798,-542.1749013822338,163.09545125492798,-492.17490138223377,-33.72275789533548,150.67388015813262,-33.72275789533548,150.67442019068045
1785485903.1856153,step,163.09545456389287,-542.1749033636731,163.09545456389287,-492.17490336367314,-33.722757895305755,150.67388015811122,-33.722757895305755,150.67442019065905
1785485903.1890082,step,163.09545787516774,-542.1749053294932,163.09545787516774,-492.1749053294932,-33.722757895276004,150.67388015809,-33.722757895276004,150.67442019063782
1785485903.1931765,step,163.09546118864637,-542.1749072797613,163.09546118864637,-492.1749072797613,-33.72275789524624,150.67388015806893,-33.72275789524624,150.67442019061676
1785485903.1972382,step,163.09546450422263,-542.1749092145466,163.09546450422263,-492.1749092145466,-33.72275789521646,150.673880158048,-33.72275789521646,150.67442019059587
1785485903.2010365,step,163.09546782178944,-542.174911133918,163.09546782178944,-492.17491113391804,-33.72275789518665,150.6738801580273,-33.72275789518665,150.67442019057512
1785485903.2050173,step,163.09547114123973,-542.1749130379459,163.09547114123973,-492.1749130379459,-33.72275789515684,150.6738801580067,-33.72275789515684,150.67442019055457
1785485903.2093441,step,163.09547446246674,-542.1749149267,163.09547446246674,-492.1749149267,-33.722757895127,150.67388015798633,-33.722757895127,150.67442019053416
1785485903.2132115,step,163.09547778536364,-542.1749168002509,163.09547778536364,-492.1749168002509,-33.72275789509715,150.6738801579661,-33.72275789509715,150.67442019051393
1785485903.217552,step,163.09548110982314,-542.1749186586693,163.09548110982314,-492.1749186586693,-33.72275789506729,150.673880157946,-33.72275789506729,150.67442019049386
1785485903.2217786,step,163.095484435738,-542.1749205020259,163.095484435738,-492.1749205020259,-33.72275789503741,150.6738801579261,-33.72275789503741,150.67442019047394
1785485903.2254705,step,163.0954877630004,-542.1749223303923,163.0954877630004,-492.1749223303923,-33.72275789500752,150.67388015790635,-33.72275789500752,150.67442019045419
1785485903.2292213,step,163.09549109150257,-542.1749241438399,163.09549109150257,-492.1749241438399,-33.72275789497762,150.67388015788677,-33.72275789497762,150.6744201904346
1785485903.2333593,step,163.0954944211369,-542.1749259424408,163.0954944211369,-492.17492594244084,-33.72275789494771,150.67388015786733,-33.72275789494771,150.6744201904152
1785485903.2371721,step,163.09549775179562,-542.1749277262674,163.09549775179562,-492.17492772626736,-33.72275789491779,150.6738801578481,-33.72275789491779,150.67442019039592
1785485903.2412937,step,163.09550108337086,-542.1749294953918,163.09550108337086,-492.1749294953918,-33.72275789488786,150.67388015782896,-33.72275789488786,150.67442019037682
1785485903.245257,step,163.09550441575416,-542.1749312498877,163.09550441575416,-492.17493124988766,-33.72275789485793,150.67388015781003,-33.72275789485793,150.67442019035786
1785485903.2491212,step,163.09550774883755,-542.1749329898294,163.09550774883755,-492.17493298982936,-33.722757894827986,150.67388015779122,-33.722757894827986,150.67442019033908
1785485903.2536888,step,163.09551108251245,-542.1749347152913,163.09551108251245,-492.17493471529133,-33.722757894798036,150.6738801577726,-33.722757894798036,150.67442019032043
1785485903.2571342,step,163.0955144166707,-542.174936426348,163.0955144166707,-492.17493642634804,-33.72275789476809,150.6738801577541,-33.72275789476809,150.67442019030196
1785485903.2610369,step,163.09551775120352,-542.1749381230738,163.09551775120352,-492.17493812307384,-33.72275789473813,150.6738801577358,-33.72275789473813,150.67442019028363
1785485903.2653575,step,163.09552108600204,-542.1749398055446,163.09552108600204,-492.17493980554457,-33.722757894708174,150.6738801577176,-33.722757894708174,150.67442019026547
1785485903.269465,step,163.0955244209574,-542.1749414738358,163.0955244209574,-492.1749414738358,-33.72275789467822,150.67388015769959,-33.72275789467822,150.67442019024745
1785485903.2736073,step,163.0955277559615,-542.1749431280244,163.0955277559615,-492.17494312802444,-33.72275789464826,150.67388015768174,-33.72275789464826,150.67442019022957
1785485903.2777107,step,163.09553109090498,-542.1749447681859,163.09553109090498,-492.1749447681859,-33.722757894618304,150.673880157664,-33.722757894618304,150.67442019021186
1785485903.2821074,step,163.09553442567884,-542.1749463943985,163.09553442567884,-492.1749463943985,-33.72275789458835,150.67388015764644,-33.72275789458835,150.6744201901943
1785485903.2863607,step,163.09553776017412,-542.1749480067384,163.09553776017412,-492.1749480067384,-33.72275789455839,150.67388015762904,-33.72275789455839,150.67442019017687
1785485903.290552,step,163.0955410942819,-542.1749496052838,163.0955410942819,-492.1749496052838,-33.72275789452844,150.67388015761176,-33.72275789452844,150.67442019015962
1785485903.2944272,step,163.09554442789258,-542.1749511901128,163.09554442789258,-492.1749511901128,-33.72275789449849,150.67388015759465,-33.72275789449849,150.67442019014248
1785485903.297798,step,163.09554776089672,-542.1749527613039,163.09554776089672,-492.17495276130387,-33.72275789446855,150.67388015757768,-33.72275789446855,150.67442019012552
1785485903.3017156,step,163.09555109318504,-542.1749543189363,163.09555109318504,-492.17495431893633,-33.722757894438615,150.67388015756086,-33.722757894438615,150.6744201901087
1785485903.3054872,step,163.09555442464804,-542.174955863089,163.09555442464804,-492.17495586308905,-33.722757894408694,150.67388015754418,-33.722757894408694,150.674420190092
1785485903.3096325,step,163.09555775517643,-542.1749573938424,163.09555775517643,-492.1749573938424,-33.72275789437877,150.67388015752763,-33.72275789437877,150.6744201900755
1785485903.3135338,step,163.09556108466006,-542.1749589112773,163.09556108466006,-492.17495891127726,-33.72275789434887,150.67388015751126,-33.72275789434887,150.6744201900591
1785485903.3174584,step,163.09556441299037,-542.1749604154743,163.09556441299037,-492.1749604154743,-33.72275789431897,150.673880157495,-33.72275789431897,150.67442019004287
1785485903.3217344,step,163.0955677400573,-542.1749619065149,163.0955677400573,-492.1749619065149,-33.72275789428908,150.67388015747892,-33.72275789428908,150.67442019002675
1785485903.3258352,step,163.09557106575096,-542.174963384481,163.09557106575096,-492.174963384481,-33.7227578942592,150.67388015746295,-33.7227578942592,150.67442019001078
1785485903.3292897,step,163.0955743899615,-542.1749648494543,163.0955743899615,-492.17496484945434,-33.72275789422934,150.67388015744712,-33.72275789422934,150.67442018999498
1785485903.3330803,step,163.09557771257982,-542.1749663015173,163.09557771257982,-492.1749663015173,-33.722757894199496,150.67388015743143,-33.722757894199496,150.6744201899793
1785485903.337245,step,163.09558103349593,-542.1749677407531,163.09558103349593,-492.1749677407531,-33.72275789416966,150.67388015741588,-33.72275789416966,150.67442018996374
1785485903.3415978,step,163.0955843526,-542.1749691672452,163.0955843526,-492.1749691672452,-33.722757894139846,150.67388015740048,-33.722757894139846,150.67442018994834
1785485903.3454354,step,163.0955876697822,-542.1749705810779,163.0955876697822,-492.1749705810779,-33.722757894110046,150.6738801573852,-33.722757894110046,150.67442018993304
1785485903.3493438,step,163.09559098493324,-542.1749719823367,163.09559098493324,-492.17497198233673,-33.72275789408027,150.6738801573701,-33.72275789408027,150.67442018991792
1785485903.3531516,step,163.09559429794305,-542.1749733711065,163.09559429794305,-492.1749733711065,-33.7227578940505,150.6738801573551,-33.7227578940505,150.67442018990292
1785485903.3573954,step,163.09559760870172,-542.174974747472,163.09559760870172,-492.174974747472,-33.722757894020766,150.67388015734022,-33.722757894020766,150.67442018988805
1785485903.361305,step,163.09560091709935,-542.1749761115187,163.09560091709935,-492.17497611151873,-33.722757893991044,150.67388015732547,-33.722757893991044,150.67442018987333
1785485903.3651247,step,163.0956042230263,-542.1749774633333,163.0956042230263,-492.17497746333333,-33.72275789396135,150.6738801573109,-33.72275789396135,150.67442018985872
1785485903.3689814,step,163.09560752637302,-542.1749788030031,163.09560752637302,-492.1749788030031,-33.72275789393167,150.67388015729642,-33.72275789393167,150.67442018984426
1785485903.373322,step,163.0956108270298,-542.1749801306155,163.0956108270298,-492.1749801306155,-33.72275789390202,150.67388015728207,-33.72275789390202,150.6744201898299
1785485903.37751,step,163.0956141248867,-542.1749814462585,163.0956141248867,-492.17498144625847,-33.7227578938724,150.67388015726786,-33.7227578938724,150.67442018981572
1785485903.381443,step,163.0956174198345,-542.1749827500198,163.0956174198345,-492.1749827500198,-33.7227578938428,150.6738801572538,-33.7227578938428,150.67442018980162
1785485903.3852987,step,163.09562071176313,-542.1749840419886,163.09562071176313,-492.17498404198864,-33.722757893813224,150.67388015723984,-33.722757893813224,150.67442018978767
1785485903.3892164,step,163.09562400056285,-542.1749853222539,163.09562400056285,-492.17498532225386,-33.72275789378369,150.673880157226,-33.72275789378369,150.67442018977385
1785485903.393348,step,163.09562728612448,-542.1749865909057,163.09562728612448,-492.17498659090575,-33.72275789375417,150.6738801572123,-33.72275789375417,150.67442018976013
1785485903.397301,step,163.0956305683383,-542.1749878480349,163.0956305683383,-492.1749878480349,-33.72275789372468,150.6738801571987,-33.72275789372468,150.67442018974657
1785485903.4012067,step,163.0956338470946,-542.1749890937319,163.0956338470946,-492.17498909373194,-33.72275789369523,150.67388015718527,-33.72275789369523,150.6744201897331
1785485903.4053564,step,163.09563712228396,-542.174990328089,163.09563712228396,-492.17499032808905,-33.72275789366581,150.67388015717194,-33.72275789366581,150.67442018971977
1785485903.4093423,step,163.09564039379717,-542.1749915511976,163.09564039379717,-492.17499155119765,-33.72275789363642,150.67388015715872,-33.72275789363642,150.67442018970658
1785485903.413364,step,163.09564366152475,-542.1749927631504,163.09564366152475,-492.1749927631504,-33.72275789360707,150.67388015714565,-33.72275789360707,150.67442018969348
1785485903.4172857,step,163.0956469253571,-542.1749939640403,163.0956469253571,-492.17499396404025,-33.72275789357775,150.67388015713266,-33.72275789357775,150.67442018968052
1785485903.42144,step,163.09565018518543,-542.1749951539607,163.09565018518543,-492.1749951539607,-33.72275789354846,150.6738801571198,-33.72275789354846,150.67442018966764
1785485903.4251978,step,163.09565344090063,-542.1749963330061,163.09565344090063,-492.1749963330061,-33.722757893519216,150.67388015710708,-33.722757893519216,150.6744201896549
1785485903.429637,step,163.09565669239365,-542.174997501272,163.09565669239365,-492.17499750127195,-33.72275789349001,150.67388015709446,-33.72275789349001,150.6744201896423
1785485903.433434,step,163.0956599395556,-542.1749986588534,163.0956599395556,-492.1749986588534,-33.72275789346084,150.67388015708195,-33.72275789346084,150.67442018962979
1785485903.4374628,step,163.0956631822771,-542.1749998058453,163.0956631822771,-492.17499980584535,-33.72275789343171,150.67388015706956,-33.72275789343171,150.67442018961742
1785485903.4421103,step,163.0956664204497,-542.175000942345,163.0956664204497,-492.17500094234504,-33.72275789340262,150.67388015705728,-33.72275789340262,150.67442018960514
1785485903.445808,step,163.09566965396465,-542.1750020684491,163.09566965396465,-492.1750020684491,-33.722757893373576,150.67388015704512,-33.722757893373576,150.67442018959298
1785485903.4490926,step,163.09567288271327,-542.1750031842562,163.09567288271327,-492.1750031842562,-33.72275789334457,150.67388015703307,-33.72275789334457,150.67442018958093
1785485903.453867,step,163.09567610658735,-542.1750042898642,163.09567610658735,-492.1750042898642,-33.72275789331561,150.67388015702113,-33.72275789331561,150.674420189569
1785485903.4571664,step,163.09567932547802,-542.1750053853707,163.09567932547802,-492.1750053853707,-33.72275789328669,150.6738801570093,-33.72275789328669,150.67442018955714
1785485903.4611475,step,163.0956825392774,-542.1750064708759,163.0956825392774,-492.1750064708759,-33.72275789325782,150.67388015699757,-33.72275789325782,150.67442018954543
1785485903.4657018,step,163.09568574787727,-542.1750075464794,163.09568574787727,-492.1750075464794,-33.722757893229,150.67388015698597,-33.722757893229,150.6744201895338
1785485903.4693713,step,163.0956889511699,-542.175008612281,163.0956889511699,-492.175008612281,-33.722757893200225,150.67388015697446,-33.722757893200225,150.6744201895223
1785485903.4737432,step,163.09569214904724,-542.1750096683825,163.09569214904724,-492.1750096683825,-33.7227578931715,150.67388015696304,-33.7227578931715,150.6744201895109
1785485903.4771671,step,163.09569534140158,-542.1750107148845,163.09569534140158,-492.1750107148845,-33.72275789314282,150.67388015695175,-33.72275789314282,150.67442018949959
1785485903.4811697,step,163.09569852812507,-542.1750117518897,163.09569852812507,-492.17501175188966,-33.72275789311419,150.67388015694056,-33.72275789311419,150.6744201894884
1785485903.485247,step,163.09570170911027,-542.1750127795002,163.09570170911027,-492.1750127795002,-33.72275789308562,150.67388015692944,-33.72275789308562,150.67442018947727
1785485903.4893448,step,163.09570488424984,-542.1750137978191,163.09570488424984,-492.17501379781913,-33.7227578930571,150.67388015691844,-33.7227578930571,150.67442018946628
1785485903.4931617,step,163.09570805343682,-542.1750148069509,163.09570805343682,-492.1750148069509,-33.72275789302863,150.67388015690756,-33.72275789302863,150.6744201894554
1785485903.4971108,step,163.09571121656413,-542.1750158070004,163.09571121656413,-492.17501580700036,-33.722757893000214,150.67388015689676,-33.722757893000214,150.6744201894446
1785485903.5010927,step,163.09571437352508,-542.1750167980719,163.09571437352508,-492.17501679807185,-33.722757892971856,150.67388015688604,-33.722757892971856,150.67442018943387
1785485903.5052001,step,163.09571752421277,-542.1750177802701,163.09571752421277,-492.1750177802701,-33.72275789294355,150.67388015687544,-33.72275789294355,150.67442018942327
1785485903.509272,step,163.09572066852095,-542.1750187537027,163.09572066852095,-492.1750187537027,-33.722757892915304,150.67388015686493,-33.722757892915304,150.67442018941276
1785485903.5131843,step,163.09572380634273,-542.175019718476,163.09572380634273,-492.17501971847605,-33.72275789288712,150.6738801568545,-33.72275789288712,150.67442018940235
1785485903.517342,step,163.0957269375724,-542.1750206746985,163.0957269375724,-492.17502067469854,-33.722757892858986,150.67388015684418,-33.722757892858986,150.674420189392
1785485903.521649,step,163.09573006210397,-542.1750216224771,163.09573006210397,-492.17502162247706,-33.72275789283092,150.67388015683395,-33.72275789283092,150.67442018938178
1785485903.5252895,step,163.09573317983157,-542.175022561921,163.09573317983157,-492.17502256192097,-33.72275789280292,150.6738801568238,-33.72275789280292,150.67442018937163
1785485903.529247,step,163.09573629064974,-542.1750234931393,163.09573629064974,-492.1750234931393,-33.72275789277497,150.67388015681374,-33.72275789277497,150.67442018936157
1785485903.533276,step,163.09573939445315,-542.175024416242,163.09573939445315,-492.17502441624197,-33.72275789274709,150.67388015680376,-33.72275789274709,150.6744201893516
1785485903.5375357,step,163.0957424911364,-542.1750253313394,163.0957424911364,-492.1750253313394,-33.72275789271927,150.67388015679387,-33.72275789271927,150.67442018934173
1785485903.541377,step,163.0957455805955,-542.1750262385432,163.0957455805955,-492.1750262385432,-33.72275789269152,150.67388015678407,-33.72275789269152,150.67442018933193
1785485903.5451832,step,163.09574866272527,-542.175027137965,163.09574866272527,-492.175027137965,-33.72275789266383,150.67388015677437,-33.72275789266383,150.6744201893222
1785485903.5490372,step,163.09575173742178,-542.1750280297159,163.09575173742178,-492.1750280297159,-33.72275789263621,150.67388015676474,-33.72275789263621,150.67442018931257
1785485903.5537407,step,163.0957548045799,-542.1750289139087,163.0957548045799,-492.1750289139087,-33.722757892608655,150.6738801567552,-33.722757892608655,150.67442018930302
1785485903.55737,step,163.095757864096,-542.1750297906567,163.095757864096,-492.1750297906567,-33.72275789258117,150.67388015674572,-33.72275789258117,150.67442018929356
1785485903.5611792,step,163.09576091586624,-542.1750306600737,163.09576091586624,-492.17503066007373,-33.72275789255376,150.67388015673632,-33.72275789255376,150.67442018928418
1785485903.565476,step,163.09576395978684,-542.1750315222743,163.09576395978684,-492.17503152227425,-33.72275789252642,150.67388015672702,-33.72275789252642,150.67442018927485
1785485903.5696855,step,163.09576699575464,-542.1750323773737,163.09576699575464,-492.17503237737367,-33.72275789249914,150.6738801567178,-33.72275789249914,150.67442018926562
1785485903.573979,step,163.0957700236667,-542.1750332254876,163.0957700236667,-492.1750332254876,-33.72275789247194,150.6738801567086,-33.72275789247194,150.67442018925647
1785485903.577344,step,163.09577304342002,-542.1750340667325,163.09577304342002,-492.17503406673245,-33.72275789244482,150.67388015669954,-33.72275789244482,150.67442018924737
1785485903.581371,step,163.09577605491236,-542.1750349012248,163.09577605491236,-492.17503490122476,-33.72275789241776,150.67388015669053,-33.72275789241776,150.67442018923836
1785485903.5852695,step,163.0957790580411,-542.1750357290822,163.0957790580411,-492.1750357290822,-33.72275789239079,150.67388015668158,-33.72275789239079,150.6744201892294
1785485903.5893824,step,163.0957820527042,-542.1750365504224,163.0957820527042,-492.1750365504224,-33.72275789236388,150.6738801566727,-33.72275789236388,150.67442018922054
1785485903.5932148,step,163.09578503880007,-542.1750373653646,163.09578503880007,-492.1750373653646,-33.72275789233706,150.6738801566639,-33.72275789233706,150.67442018921173
1785485903.5973294,step,163.09578801622666,-542.1750381740273,163.09578801622666,-492.17503817402735,-33.72275789231031,150.67388015665517,-33.72275789231031,150.674420189203
1785485903.6013267,step,163.09579098488305,-542.1750389765307,163.09579098488305,-492.1750389765307,-33.722757892283646,150.6738801566465,-33.722757892283646,150.67442018919434
1785485903.6052697,step,163.09579394466843,-542.1750397729943,163.09579394466843,-492.1750397729943,-33.72275789225706,150.6738801566379,-33.72275789225706,150.67442018918575
1785485903.6091082,step,163.0957968954823,-542.1750405635389,163.0957968954823,-492.1750405635389,-33.72275789223055,150.67388015662937,-33.72275789223055,150.6744201891772
1785485903.613303,step,163.09579983722418,-542.1750413482863,163.09579983722418,-492.1750413482863,-33.72275789220412,150.6738801566209,-33.72275789220412,150.67442018916873
1785485903.6170242,step,163.09580276979406,-542.1750421273575,163.09580276979406,-492.17504212735753,-33.72275789217778,150.67388015661248,-33.72275789217778,150.67442018916032
1785485903.6215367,step,163.09580569309242,-542.1750429008755,163.09580569309242,-492.1750429008755,-33.72275789215152,150.67388015660413,-33.72275789215152,150.67442018915196
1785485903.625383,step,163.09580860701988,-542.1750436689638,163.09580860701988,-492.1750436689638,-33.722757892125344,150.67388015659583,-33.722757892125344,150.67442018914366
1785485903.6291194,step,163.0958115114773,-542.1750444317449,163.0958115114773,-492.17504443174494,-33.72275789209925,150.6738801565876,-33.72275789209925,150.67442018913542
1785485903.6332333,step,163.09581440636603,-542.1750451893431,163.09581440636603,-492.1750451893431,-33.72275789207325,150.6738801565794,-33.72275789207325,150.67442018912723
1785485903.6370938,step,163.09581729158757,-542.175045941882,163.09581729158757,-492.175045941882,-33.722757892047326,150.67388015657127,-33.722757892047326,150.6744201891191
1785485903.6413763,step,163.09582016704383,-542.1750466894867,163.09582016704383,-492.17504668948675,-33.7227578920215,150.6738801565632,-33.7227578920215,150.67442018911103
1785485903.645171,step,163.09582303263687,-542.175047432283,163.09582303263687,-492.175047432283,-33.722757891995755,150.67388015655519,-33.722757891995755,150.67442018910302
1785485903.6492057,step,163.0958258882694,-542.1750481703972,163.0958258882694,-492.1750481703972,-33.722757891970105,150.6738801565472,-33.722757891970105,150.67442018909503
1785485903.653115,step,163.09582873384437,-542.1750489039566,163.09582873384437,-492.1750489039566,-33.72275789194454,150.67388015653927,-33.72275789194454,150.67442018908713
1785485903.6576385,step,163.09583156926502,-542.1750496330889,163.09583156926502,-492.17504963308886,-33.72275789191907,150.6738801565314,-33.72275789191907,150.67442018907926
1785485903.6613476,step,163.0958343944348,-542.1750503579203,163.0958343944348,-492.1750503579203,-33.72275789189369,150.67388015652358,-33.72275789189369,150.6744201890714
1785485903.6661158,step,163.09583720925764,-542.1750510785793,163.09583720925764,-492.17505107857926,-33.722757891868405,150.6738801565158,-33.722757891868405,150.67442018906362
1785485903.669962,step,163.0958400136381,-542.175051795194,163.0958400136381,-492.175051795194,-33.722757891843216,150.67388015650806,-33.722757891843216,150.6744201890559
1785485903.6733382,step,163.09584280748052,-542.1750525078942,163.09584280748052,-492.1750525078942,-33.72275789181812,150.67388015650036,-33.72275789181812,150.6744201890482
1785485903.6772158,step,163.09584559069023,-542.1750532168103,163.09584559069023,-492.1750532168103,-33.722757891793115,150.6738801564927,-33.722757891793115,150.67442018904055
1785485903.6816535,step,163.09584836317248,-542.175053922072,163.09584836317248,-492.17505392207204,-33.72275789176821,150.67388015648507,-33.72275789176821,150.67442018903293
1785485903.6855552,step,163.09585112483342,-542.1750546238094,163.09585112483342,-492.1750546238094,-33.7227578917434,150.6738801564775,-33.7227578917434,150.67442018902534
1785485903.6895025,step,163.09585387557922,-542.1750553221527,163.09585387557922,-492.17505532215273,-33.72275789171869,150.67388015646995,-33.72275789171869,150.6744201890178
1785485903.6928763,step,163.09585661531648,-542.175056017234,163.09585661531648,-492.17505601723406,-33.72275789169408,150.67388015646245,-33.72275789169408,150.6744201890103
1785485903.6970844,step,163.09585934395227,-542.1750567091848,163.09585934395227,-492.1750567091848,-33.722757891669566,150.67388015645497,-33.722757891669566,150.67442018900283
1785485903.7011018,step,163.09586206139386,-542.1750573981387,163.09586206139386,-492.17505739813873,-33.72275789164516,150.67388015644752,-33.72275789164516,150.67442018899538
1785485903.7048342,step,163.09586476754907,-542.1750580842287,163.09586476754907,-492.1750580842287,-33.722757891620844,150.67388015644013,-33.722757891620844,150.67442018898797
1785485903.7087083,step,163.0958674623261,-542.1750587675878,163.0958674623261,-492.17505876758776,-33.722757891596636,150.67388015643274,-33.722757891596636,150.67442018898058
1785485903.7125025,step,163.0958701456335,-542.1750594483489,163.0958701456335,-492.17505944834886,-33.722757891572535,150.67388015642538,-33.722757891572535,150.67442018897324
1785485903.716334,step,163.0958728173803,-542.1750601266473,163.0958728173803,-492.1750601266473,-33.72275789154853,150.67388015641808,-33.72275789154853,150.6744201889659
1785485903.7210178,step,163.09587547747574,-542.1750608026176,163.09587547747574,-492.1750608026176,-33.72275789152464,150.67388015641077,-33.72275789152464,150.6744201889586
1785485903.7249088,step,163.09587812582973,-542.1750614763943,163.09587812582973,-492.17506147639426,-33.72275789150085,150.6738801564035,-33.72275789150085,150.67442018895133
1785485903.728766,step,163.09588076235266,-542.1750621481119,163.09588076235266,-492.1750621481119,-33.722757891477166,150.67388015639622,-33.722757891477166,150.67442018894408
1785485903.733255,step,163.09588338695525,-542.1750628179075,163.09588338695525,-492.1750628179075,-33.72275789145359,150.673880156389,-33.72275789145359,150.67442018893684
1785485903.7372847,step,163.09588599954876,-542.1750634859168,163.09588599954876,-492.1750634859168,-33.72275789143012,150.67388015638178,-33.72275789143012,150.67442018892962
1785485903.7410517,step,163.09588860004484,-542.1750641522763,163.09588860004484,-492.17506415227626,-33.72275789140676,150.6738801563746,-33.72275789140676,150.67442018892243
1785485903.7450998,step,163.0958911883558,-542.1750648171228,163.0958911883558,-492.1750648171228,-33.72275789138351,150.6738801563674,-33.72275789138351,150.67442018891524
1785485903.749361,step,163.09589376439365,-542.175065480594,163.09589376439365,-492.17506548059396,-33.72275789136037,150.67388015636024,-33.72275789136037,150.67442018890807
1785485903.7533677,step,163.09589632807172,-542.1750661428283,163.09589632807172,-492.1750661428283,-33.72275789133734,150.67388015635308,-33.72275789133734,150.67442018890094
1785485903.7575006,step,163.09589887930352,-542.1750668039635,163.09589887930352,-492.17506680396355,-33.722757891314416,150.67388015634594,-33.722757891314416,150.67442018889378
1785485903.7610464,step,163.09590141800308,-542.1750674641385,163.09590141800308,-492.17506746413846,-33.722757891291614,150.6738801563388,-33.722757891291614,150.67442018888667
1785485903.7650342,step,163.09590394408485,-542.1750681234921,163.09590394408485,-492.1750681234921,-33.72275789126892,150.6738801563317,-33.72275789126892,150.67442018887954
1785485903.7695646,step,163.09590645746368,-542.1750687821633,163.09590645746368,-492.1750687821633,-33.72275789124634,150.67388015632457,-33.72275789124634,150.67442018887243
1785485903.7731836,step,163.09590895805476,-542.1750694402931,163.09590895805476,-492.1750694402931,-33.72275789122388,150.67388015631747,-33.72275789122388,150.67442018886533
1785485903.7769818,step,163.09591144577428,-542.1750700980213,163.09591144577428,-492.17507009802125,-33.72275789120153,150.67388015631036,-33.72275789120153,150.67442018885822
1785485903.781118,step,163.09591392053852,-542.1750707554877,163.09591392053852,-492.1750707554877,-33.7227578911793,150.67388015630326,-33.7227578911793,150.67442018885112
1785485903.784916,step,163.0959163822637,-542.1750714128335,163.0959163822637,-492.1750714128335,-33.72275789115719,150.67388015629618,-33.72275789115719,150.674420188844
1785485903.7889385,step,163.0959188308675,-542.1750720701998,163.0959188308675,-492.1750720701998,-33.72275789113519,150.67388015628907,-33.72275789113519,150.6744201888369
1785485903.7934122,step,163.09592126626765,-542.1750727277283,163.09592126626765,-492.1750727277283,-33.72275789111331,150.67388015628197,-33.72275789111331,150.6744201888298
1785485903.7973683,step,163.09592368838275,-542.1750733855607,163.09592368838275,-492.1750733855607,-33.722757891091554,150.67388015627486,-33.722757891091554,150.6744201888227
1785485903.8009887,step,163.0959260971315,-542.1750740438395,163.0959260971315,-492.17507404383946,-33.72275789106992,150.67388015626776,-33.72275789106992,150.6744201888156
1785485903.8051572,step,163.0959284924336,-542.1750747027068,163.0959284924336,-492.17507470270675,-33.7227578910484,150.67388015626062,-33.7227578910484,150.67442018880848
1785485903.80924,step,163.0959308742091,-542.1750753623052,163.0959308742091,-492.17507536230517,-33.722757891027,150.67388015625352,-33.722757891027,150.67442018880135
1785485903.8132446,step,163.095933242378,-542.1750760227768,163.095933242378,-492.1750760227768,-33.72275789100573,150.67388015624638,-33.72275789100573,150.67442018879422
1785485903.817118,step,163.0959355968616,-542.1750766842654,163.0959355968616,-492.1750766842654,-33.72275789098458,150.67388015623922,-33.72275789098458,150.67442018878708
1785485903.8215613,step,163.0959379375813,-542.1750773469157,163.0959379375813,-492.1750773469157,-33.72275789096355,150.6738801562321,-33.72275789096355,150.67442018877992
1785485903.8255637,step,163.0959402644587,-542.1750780108716,163.0959402644587,-492.17507801087163,-33.72275789094265,150.6738801562249,-33.72275789094265,150.67442018877276
1785485903.8290799,step,163.09594257741665,-542.1750786762778,163.09594257741665,-492.17507867627785,-33.72275789092187,150.6738801562177,-33.72275789092187,150.67442018876557
1785485903.8329926,step,163.09594487637847,-542.1750793432788,163.09594487637847,-492.17507934327875,-33.72275789090122,150.67388015621052,-33.72275789090122,150.67442018875835
1785485903.8371665,step,163.09594716126836,-542.1750800120191,163.09594716126836,-492.17508001201907,-33.72275789088069,150.6738801562033,-33.72275789088069,150.67442018875113
1785485903.84115,step,163.09594943201017,-542.1750806826437,163.09594943201017,-492.17508068264374,-33.722757890860294,150.67388015619605,-33.722757890860294,150.67442018874388
1785485903.84502,step,163.09595168852823,-542.175081355299,163.09595168852823,-492.17508135529897,-33.72275789084003,150.67388015618877,-33.72275789084003,150.67442018873663
1785485903.8489518,step,163.0959539307478,-542.1750820301297,163.0959539307478,-492.1750820301297,-33.722757890819885,150.6738801561815,-33.722757890819885,150.67442018872933
1785485903.8528168,step,163.09595615859513,-542.1750827072821,163.09595615859513,-492.17508270728206,-33.72275789079987,150.6738801561742,-33.72275789079987,150.67442018872202
1785485903.8570318,step,163.09595837199663,-542.175083386902,163.09595837199663,-492.175083386902,-33.72275789077999,150.67388015616683,-33.72275789077999,150.6744201887147
1785485903.8611512,step,163.09596057087913,-542.1750840691366,163.09596057087913,-492.1750840691366,-33.722757890760235,150.67388015615947,-33.722757890760235,150.6744201887073
1785485903.865282,step,163.09596275517072,-542.175084754132,163.09596275517072,-492.17508475413194,-33.72275789074061,150.67388015615208,-33.72275789074061,150.6744201886999
1785485903.8690867,step,163.09596492479918,-542.1750854420361,163.09596492479918,-492.1750854420361,-33.72275789072112,150.67388015614463,-33.72275789072112,150.6744201886925
1785485903.8730414,step,163.09596707969337,-542.1750861329973,163.09596707969337,-492.1750861329973,-33.722757890701764,150.6738801561372,-33.722757890701764,150.67442018868502
1785485903.8771894,step,163.0959692197828,-542.1750868271622,163.0959692197828,-492.1750868271622,-33.722757890682544,150.67388015612968,-33.722757890682544,150.67442018867752
1785485903.8812134,step,163.09597134499734,-542.175087524679,163.09597134499734,-492.17508752467904,-33.72275789066345,150.67388015612215,-33.72275789066345,150.67442018866998
1785485903.88545,step,163.09597345526777,-542.1750882256964,163.09597345526777,-492.1750882256964,-33.722757890644495,150.67388015611456,-33.722757890644495,150.67442018866242
1785485903.8899906,step,163.09597555052483,-542.1750889303619,163.09597555052483,-492.1750889303619,-33.72275789062567,150.67388015610697,-33.72275789062567,150.6744201886548
1785485903.8930717,step,163.09597763070047,-542.175089638824,163.09597763070047,-492.17508963882403,-33.722757890606985,150.6738801560993,-33.722757890606985,150.67442018864716
1785485903.8978953,step,163.095979695727,-542.1750903512325,163.095979695727,-492.1750903512325,-33.72275789058843,150.67388015609163,-33.72275789058843,150.67442018863946
1785485903.9013078,step,163.09598174553696,-542.1750910677357,163.09598174553696,-492.1750910677357,-33.72275789057002,150.67388015608387,-33.72275789057002,150.67442018863173
1785485903.9051955,step,163.0959837800638,-542.1750917884826,163.0959837800638,-492.17509178848263,-33.72275789055175,150.6738801560761,-33.72275789055175,150.67442018862394
1785485903.9095328,step,163.09598579924207,-542.1750925136231,163.09598579924207,-492.1750925136231,-33.72275789053361,150.67388015606826,-33.72275789053361,150.6744201886161
1785485903.9131844,step,163.09598780300647,-542.175093243306,163.09598780300647,-492.17509324330604,-33.7227578905156,150.6738801560604,-33.7227578905156,150.67442018860822
1785485903.9171424,step,163.09598979129206,-542.1750939776812,163.09598979129206,-492.1750939776812,-33.722757890497746,150.67388015605246,-33.722757890497746,150.6744201886003
1785485903.921393,step,163.09599176403486,-542.1750947168989,163.09599176403486,-492.1750947168989,-33.722757890480025,150.67388015604448,-33.722757890480025,150.6744201885923
1785485903.9251637,step,163.09599372117165,-542.17509546111,163.09599372117165,-492.17509546111,-33.72275789046244,150.67388015603643,-33.72275789046244,150.67442018858426
1785485903.929475,step,163.0959956626396,-542.1750962104643,163.0959956626396,-492.1750962104643,-33.722757890445,150.67388015602833,-33.722757890445,150.6744201885762
1785485903.9331305,step,163.0959975883767,-542.1750969651127,163.0959975883767,-492.17509696511274,-33.7227578904277,150.67388015602018,-33.7227578904277,150.67442018856804
1785485903.937508,step,163.09599949832148,-542.1750977252061,163.09599949832148,-492.1750977252061,-33.72275789041055,150.673880156012,-33.72275789041055,150.67442018855982
1785485903.9413307,step,163.09600139241297,-542.1750984908949,163.09600139241297,-492.1750984908949,-33.72275789039353,150.67388015600372,-33.72275789039353,150.67442018855155
1785485903.9449785,step,163.09600327059118,-542.1750992623306,163.09600327059118,-492.1750992623306,-33.722757890376656,150.67388015599536,-33.722757890376656,150.67442018854322
1785485903.9490497,step,163.0960051327963,-542.1751000396641,163.0960051327963,-492.17510003966413,-33.72275789035993,150.67388015598698,-33.72275789035993,150.6744201885348
1785485903.9531555,step,163.09600697896968,-542.1751008230469,163.09600697896968,-492.17510082304693,-33.722757890343345,150.6738801559785,-33.722757890343345,150.67442018852637
1785485903.9571693,step,163.09600880905322,-542.1751016126307,163.09600880905322,-492.17510161263067,-33.7227578903269,150.67388015596998,-33.7227578903269,150.67442018851784
1785485903.9611464,step,163.0960106229891,-542.1751024085668,163.0960106229891,-492.1751024085668,-33.72275789031061,150.6738801559614,-33.72275789031061,150.67442018850923
1785485903.9649718,step,163.09601242072029,-542.1751032110076,163.09601242072029,-492.1751032110076,-33.72275789029446,150.67388015595273,-33.72275789029446,150.67442018850056
1785485903.9690278,step,163.09601420219064,-542.175104020105,163.09601420219064,-492.175104020105,-33.72275789027846,150.67388015594398,-33.72275789027846,150.67442018849184
1785485903.9731445,step,163.0960159673447,-542.1751048360113,163.0960159673447,-492.1751048360113,-33.7227578902626,150.67388015593517,-33.7227578902626,150.67442018848303
1785485903.9770906,step,163.09601771612728,-542.1751056588785,163.09601771612728,-492.17510565887846,-33.722757890246896,150.6738801559263,-33.722757890246896,150.67442018847413
1785485903.9811401,step,163.09601944848396,-542.1751064888593,163.09601944848396,-492.17510648885934,-33.72275789023133,150.67388015591732,-33.72275789023133,150.67442018846518
1785485903.9851294,step,163.09602116436096,-542.1751073261046,163.09602116436096,-492.1751073261046,-33.72275789021592,150.67388015590828,-33.72275789021592,150.6744201884561
1785485903.9893835,step,163.09602286370514,-542.1751081707677,163.09602286370514,-492.17510817076766,-33.722757890200654,150.67388015589916,-33.722757890200654,150.674420188447
1785485903.9932272,step,163.096024546465,-542.1751090230005,163.096024546465,-492.17510902300046,-33.722757890185534,150.67388015588995,-33.722757890185534,150.6744201884378
1785485903.997494,step,163.096026212588,-542.1751098829558,163.096026212588,-492.1751098829558,-33.72275789017057,150.67388015588065,-33.72275789017057,150.6744201884285
1785485904.0019653,step,163.09602786202365,-542.1751107507873,163.09602786202365,-492.1751107507873,-33.72275789015575,150.6738801558713,-33.72275789015575,150.67442018841913
1785485904.0054514,step,163.09602949472173,-542.1751116266466,163.09602949472173,-492.17511162664664,-33.72275789014108,150.67388015586184,-33.72275789014108,150.67442018840967
1785485904.009951,step,163.09603111063245,-542.1751125106866,163.09603111063245,-492.17511251068663,-33.722757890126566,150.6738801558523,-33.722757890126566,150.67442018840012
1785485904.0131142,step,163.09603270970717,-542.1751134030601,163.09603270970717,-492.1751134030601,-33.722757890112206,150.67388015584265,-33.722757890112206,150.67442018839049
1785485904.017411,step,163.09603429189778,-542.1751143039213,163.09603429189778,-492.1751143039213,-33.72275789009799,150.6738801558329,-33.72275789009799,150.67442018838076
1785485904.0211196,step,163.09603585715638,-542.1751152134223,163.09603585715638,-492.17511521342226,-33.72275789008393,150.6738801558231,-33.72275789008393,150.67442018837093
1785485904.0253184,step,163.09603740543642,-542.1751161317159,163.09603740543642,-492.17511613171587,-33.72275789007002,150.67388015581318,-33.72275789007002,150.674420188361
1785485904.0293586,step,163.09603893669217,-542.1751170589553,163.09603893669217,-492.17511705895527,-33.722757890056265,150.67388015580315,-33.722757890056265,150.674420188351
1785485904.0336385,step,163.09604045087778,-542.1751179952948,163.09604045087778,-492.17511799529484,-33.722757890042665,150.67388015579306,-33.722757890042665,150.6744201883409
1785485904.0371761,step,163.09604194794872,-542.1751189408866,163.09604194794872,-492.1751189408866,-33.722757890029214,150.67388015578283,-33.722757890029214,150.67442018833069
1785485904.0410445,step,163.09604342786113,-542.1751198958843,163.09604342786113,-492.17511989588434,-33.72275789001592,150.6738801557725,-33.72275789001592,150.67442018832037
1785485904.0454128,step,163.09604489057176,-542.1751208604404,163.09604489057176,-492.1751208604404,-33.72275789000278,150.6738801557621,-33.72275789000278,150.67442018830994
1785485904.0490785,step,163.09604633603803,-542.1751218347074,163.09604633603803,-492.1751218347074,-33.72275788998979,150.6738801557516,-33.72275788998979,150.67442018829942
1785485904.0530326,step,163.09604776421784,-542.175122818839,163.09604776421784,-492.175122818839,-33.72275788997697,150.67388015574096,-33.72275788997697,150.6744201882888
1785485904.0578442,step,163.09604917507002,-542.1751238129876,163.09604917507002,-492.17512381298764,-33.72275788996429,150.67388015573022,-33.72275788996429,150.67442018827805
1785485904.0612304,step,163.09605056855426,-542.1751248173063,163.09605056855426,-492.17512481730625,-33.72275788995177,150.67388015571936,-33.72275788995177,150.67442018826722
1785485904.065835,step,163.0960519446308,-542.1751258319481,163.0960519446308,-492.1751258319481,-33.722757889939416,150.67388015570842,-33.722757889939416,150.67442018825625
1785485904.0696912,step,163.0960533032607,-542.1751268570657,163.0960533032607,-492.1751268570657,-33.72275788992721,150.67388015569733,-33.72275788992721,150.67442018824516
1785485904.0731707,step,163.09605464440554,-542.1751278928115,163.09605464440554,-492.1751278928115,-33.722757889915165,150.67388015568613,-33.722757889915165,150.674420188234
1785485904.0773408,step,163.09605596802842,-542.1751289393382,163.09605596802842,-492.17512893933815,-33.72275788990327,150.67388015567485,-33.72275788990327,150.67442018822268
1785485904.0813215,step,163.09605727409232,-542.1751299967987,163.09605727409232,-492.17512999679866,-33.72275788989154,150.67388015566343,-33.72275788989154,150.67442018821126
1785485904.0850887,step,163.09605856256093,-542.1751310653455,163.09605856256093,-492.17513106534545,-33.722757889879965,150.6738801556519,-33.722757889879965,150.67442018819972
1785485904.0897717,step,163.09605983339893,-542.1751321451306,163.09605983339893,-492.17513214513065,-33.72275788986855,150.6738801556402,-33.72275788986855,150.67442018818807
1785485904.0930312,step,163.0960610865719,-542.1751332363067,163.0960610865719,-492.1751332363067,-33.72275788985729,150.67388015562844,-33.72275788985729,150.67442018817627
1785485904.0972314,step,163.09606232204567,-542.1751343390256,163.09606232204567,-492.1751343390256,-33.72275788984619,150.67388015561653,-33.72275788984619,150.67442018816436
1785485904.1010761,step,163.09606353978734,-542.1751354534402,163.09606353978734,-492.17513545344025,-33.72275788983525,150.67388015560448,-33.72275788983525,150.67442018815234
1785485904.1050105,step,163.09606473976427,-542.1751365797013,163.09606473976427,-492.1751365797013,-33.72275788982447,150.67388015559231,-33.72275788982447,150.67442018814018
1785485904.1090984,step,163.09606592194473,-542.1751377179612,163.09606592194473,-492.1751377179612,-33.722757889813856,150.67388015558004,-33.722757889813856,150.67442018812787
1785485904.113011,step,163.09606708629806,-542.1751388683721,163.09606708629806,-492.1751388683721,-33.7227578898034,150.67388015556762,-33.7227578898034,150.67442018811545
1785485904.1167703,step,163.09606823279418,-542.1751400310845,163.09606823279418,-492.17514003108454,-33.722757889793094,150.67388015555505,-33.722757889793094,150.67442018810289
1785485904.1207929,step,163.0960693614034,-542.1751412062492,163.0960693614034,-492.17514120624924,-33.722757889782955,150.67388015554235,-33.722757889782955,150.67442018809018
1785485904.124884,step,163.0960704720971,-542.1751423940169,163.0960704720971,-492.1751423940169,-33.72275788977298,150.67388015552953,-33.72275788977298,150.67442018807736
1785485904.1293716,step,163.0960715648478,-542.1751435945389,163.0960715648478,-492.1751435945389,-33.722757889763166,150.67388015551657,-33.722757889763166,150.6744201880644
1785485904.1330504,step,163.09607263962766,-542.1751448079656,163.09607263962766,-492.1751448079656,-33.72275788975351,150.67388015550344,-33.72275788975351,150.6744201880513
1785485904.1372957,step,163.09607369641063,-542.1751460344483,163.09607369641063,-492.1751460344483,-33.72275788974402,150.6738801554902,-33.72275788974402,150.67442018803806
1785485904.1408591,step,163.09607473517096,-542.1751472741371,163.09607473517096,-492.1751472741371,-33.72275788973469,150.6738801554768,-33.72275788973469,150.67442018802467
1785485904.1451514,step,163.09607575588373,-542.1751485271811,163.09607575588373,-492.17514852718114,-33.722757889725514,150.67388015546328,-33.722757889725514,150.6744201880111
1785485904.1489372,step,163.09607675852445,-542.1751497937304,163.09607675852445,-492.1751497937304,-33.72275788971651,150.6738801554496,-33.72275788971651,150.67442018799744
1785485904.152868,step,163.09607774307005,-542.1751510739346,163.09607774307005,-492.17515107393456,-33.722757889707665,150.67388015543577,-33.722757889707665,150.67442018798363
1785485904.1570344,step,163.09607870949765,-542.175152367942,163.09607870949765,-492.175152367942,-33.72275788969898,150.6738801554218,-33.72275788969898,150.67442018796964
1785485904.161072,step,163.09607965778534,-542.1751536759023,163.09607965778534,-492.17515367590227,-33.72275788969046,150.67388015540766,-33.72275788969046,150.67442018795552
1785485904.165355,step,163.0960805879124,-542.1751549979623,163.0960805879124,-492.1751549979623,-33.72275788968211,150.6738801553934,-33.72275788968211,150.67442018794122
1785485904.1690784,step,163.0960814998582,-542.1751563342707,163.0960814998582,-492.1751563342707,-33.722757889673915,150.67388015537895,-33.722757889673915,150.6744201879268
1785485904.1731782,step,163.0960823936028,-542.1751576849756,163.0960823936028,-492.1751576849756,-33.722757889665886,150.67388015536437,-33.722757889665886,150.6744201879122
1785485904.1770291,step,163.09608326912755,-542.1751590502245,163.09608326912755,-492.17515905022447,-33.72275788965802,150.67388015534962,-33.72275788965802,150.67442018789748
1785485904.1810002,step,163.09608412641447,-542.1751604301655,163.09608412641447,-492.17516043016553,-33.722757889650325,150.67388015533473,-33.722757889650325,150.67442018788256
1785485904.1852984,step,163.0960849654465,-542.1751618249449,163.0960849654465,-492.1751618249449,-33.722757889642786,150.67388015531967,-33.722757889642786,150.6744201878675
1785485904.1895964,step,163.0960857862069,-542.1751632347097,163.0960857862069,-492.17516323470966,-33.72275788963541,150.67388015530443,-33.72275788963541,150.67442018785226
1785485904.1934717,step,163.0960865886799,-542.1751646596051,163.0960865886799,-492.1751646596051,-33.722757889628205,150.67388015528905,-33.722757889628205,150.6744201878369
1785485904.1970844,step,163.09608737285032,-542.175166099778,163.09608737285032,-492.17516609977804,-33.72275788962116,150.67388015527348,-33.72275788962116,150.67442018782134
1785485904.2015066,step,163.09608813870403,-542.1751675553729,163.09608813870403,-492.1751675553729,-33.72275788961428,150.67388015525776,-33.72275788961428,150.6744201878056
1785485904.2053514,step,163.09608888622793,-542.1751690265357,163.09608888622793,-492.17516902653574,-33.722757889607564,150.67388015524187,-33.722757889607564,150.6744201877897
1785485904.209288,step,163.09608961540917,-542.17517051341,163.09608961540917,-492.17517051340997,-33.72275788960101,150.67388015522582,-33.72275788960101,150.67442018777365
1785485904.2131326,step,163.09609032623587,-542.1751720161408,163.09609032623587,-492.1751720161408,-33.722757889594625,150.6738801552096,-33.722757889594625,150.67442018775742
1785485904.217325,step,163.0960910186966,-542.1751735348721,163.0960910186966,-492.1751735348721,-33.72275788958841,150.6738801551932,-33.72275788958841,150.67442018774102
1785485904.2213187,step,163.0960916927817,-542.1751750697475,163.0960916927817,-492.1751750697475,-33.722757889582354,150.67388015517662,-33.722757889582354,150.67442018772445
1785485904.2253537,step,163.0960923484812,-542.1751766209107,163.0960923484812,-492.17517662091075,-33.722757889576464,150.67388015515985,-33.722757889576464,150.67442018770768
1785485904.229808,step,163.09609298578633,-542.1751781885037,163.09609298578633,-492.17517818850365,-33.72275788957074,150.6738801551429,-33.72275788957074,150.67442018769077
1785485904.2332363,step,163.0960936046894,-542.1751797726691,163.0960936046894,-492.17517977266914,-33.72275788956518,150.6738801551258,-33.72275788956518,150.67442018767366
1785485904.2375305,step,163.096094205183,-542.1751813735484,163.096094205183,-492.1751813735484,-33.72275788955978,150.67388015510852,-33.72275788955978,150.67442018765635
1785485904.2414424,step,163.09609478726094,-542.175182991283,163.09609478726094,-492.175182991283,-33.72275788955456,150.67388015509104,-33.72275788955456,150.6744201876389
1785485904.245249,step,163.09609535091755,-542.1751846260133,163.09609535091755,-492.17518462601333,-33.72275788954949,150.6738801550734,-33.72275788954949,150.67442018762122
1785485904.249441,step,163.09609589614757,-542.1751862778804,163.09609589614757,-492.17518627788036,-33.722757889544596,150.67388015505554,-33.722757889544596,150.6744201876034
1785485904.2530222,step,163.096096422947,-542.1751879470233,163.096096422947,-492.17518794702335,-33.722757889539864,150.67388015503752,-33.722757889539864,150.67442018758535
1785485904.2569351,step,163.09609693131236,-542.1751896335817,163.09609693131236,-492.1751896335817,-33.722757889535295,150.6738801550193,-33.722757889535295,150.67442018756714
1785485904.2614543,step,163.0960974212418,-542.1751913376942,163.0960974212418,-492.1751913376942,-33.72275788953089,150.6738801550009,-33.72275788953089,150.67442018754875
1785485904.2652948,step,163.09609789273296,-542.1751930594988,163.09609789273296,-492.17519305949884,-33.722757889526655,150.6738801549823,-33.722757889526655,150.67442018753016
1785485904.2691855,step,163.09609834578532,-542.1751947991329,163.09609834578532,-492.1751947991329,-33.72275788952259,150.6738801549635,-33.72275788952259,150.67442018751134
1785485904.2728653,step,163.09609878039836,-542.1751965567335,163.09609878039836,-492.17519655673345,-33.72275788951868,150.67388015494453,-33.72275788951868,150.6744201874924
1785485904.2777987,step,163.09609919657265,-542.1751983324385,163.09609919657265,-492.1751983324385,-33.722757889514945,150.67388015492534,-33.722757889514945,150.6744201874732
1785485904.2815852,step,163.0960995943096,-542.1752001263837,163.0960995943096,-492.17520012638374,-33.72275788951137,150.673880154906,-33.72275788951137,150.67442018745382
1785485904.2847688,step,163.09609997361167,-542.1752019387051,163.09609997361167,-492.1752019387051,-33.72275788950797,150.6738801548864,-33.72275788950797,150.67442018743424
1785485904.288441,step,163.0961003344819,-542.1752037695375,163.0961003344819,-492.17520376953746,-33.72275788950472,150.67388015486662,-33.72275788950472,150.67442018741448
1785485904.2925525,step,163.09610067692404,-542.1752056190155,163.09610067692404,-492.1752056190155,-33.72275788950164,150.67388015484664,-33.72275788950164,150.6744201873945
1785485904.2968602,step,163.09610100094255,-542.1752074872733,163.09610100094255,-492.17520748727327,-33.72275788949874,150.67388015482646,-33.72275788949874,150.67442018737432
1785485904.3009162,step,163.09610130654266,-542.1752093744429,163.09610130654266,-492.17520937444294,-33.72275788949599,150.67388015480608,-33.72275788949599,150.67442018735395
1785485904.306179,step,163.0961015937302,-542.1752112806575,163.0961015937302,-492.17521128065755,-33.72275788949341,150.6738801547855,-33.72275788949341,150.67442018733334
1785485904.3093781,step,163.09610186251203,-542.1752132060498,163.09610186251203,-492.17521320604976,-33.722757889491,150.6738801547647,-33.722757889491,150.67442018731256
1785485904.313559,step,163.09610211289603,-542.1752151507502,163.09610211289603,-492.1752151507502,-33.72275788948875,150.6738801547437,-33.72275788948875,150.67442018729156
1785485904.317561,step,163.09610234489037,-542.1752171148906,163.09610234489037,-492.17521711489064,-33.722757889486665,150.6738801547225,-33.722757889486665,150.67442018727033
1785485904.3211405,step,163.0961025585044,-542.1752190986015,163.0961025585044,-492.1752190986015,-33.72275788948475,150.67388015470107,-33.72275788948475,150.6744201872489
1785485904.3254426,step,163.09610275374848,-542.1752211020128,163.09610275374848,-492.17522110201276,-33.72275788948299,150.67388015467944,-33.72275788948299,150.67442018722727
1785485904.3293066,step,163.09610293063307,-542.1752231252532,163.09610293063307,-492.1752231252532,-33.7227578894814,150.67388015465758,-33.7227578894814,150.6744201872054
1785485904.3337708,step,163.09610308916936,-542.1752251684511,163.09610308916936,-492.1752251684511,-33.72275788947998,150.6738801546355,-33.72275788947998,150.67442018718336
1785485904.3373823,step,163.09610322937013,-542.1752272317337,163.09610322937013,-492.17522723173374,-33.722757889478714,150.67388015461322,-33.722757889478714,150.67442018716108
1785485904.341328,step,163.09610335124805,-542.1752293152285,163.09610335124805,-492.17522931522853,-33.72275788947762,150.6738801545907,-33.72275788947762,150.67442018713857
1785485904.345139,step,163.09610345481767,-542.1752314190621,163.09610345481767,-492.17523141906213,-33.72275788947669,150.673880154568,-33.72275788947669,150.67442018711583
1785485904.3491714,step,163.0961035400933,-542.1752335433608,163.0961035400933,-492.17523354336083,-33.72275788947593,150.67388015454506,-33.72275788947593,150.6744201870929
1785485904.3530667,step,163.0961036070907,-542.1752356882488,163.0961036070907,-492.1752356882488,-33.722757889475325,150.6738801545219,-33.722757889475325,150.67442018706973
1785485904.3571103,step,163.0961036558257,-542.175237853851,163.0961036558257,-492.17523785385094,-33.722757889474885,150.6738801544985,-33.722757889474885,150.67442018704634
1785485904.3612936,step,163.09610368631516,-542.1752400402911,163.09610368631516,-492.1752400402911,-33.722757889474615,150.6738801544749,-33.722757889474615,150.67442018702272
1785485904.3655176,step,163.096103698577,-542.175242247693,163.096103698577,-492.17524224769295,-33.7227578894745,150.67388015445104,-33.7227578894745,150.67442018699887
1785485904.3691576,step,163.09610369262964,-542.1752444761786,163.09610369262964,-492.1752444761786,-33.72275788947456,150.67388015442697,-33.72275788947456,150.6744201869748
1785485904.3729627,step,163.09610366849247,-542.1752467258691,163.09610366849247,-492.1752467258691,-33.72275788947477,150.67388015440267,-33.72275788947477,150.67442018695053
1785485904.377247,step,163.09610362618577,-542.1752489968858,163.09610362618577,-492.1752489968858,-33.722757889475155,150.67388015437814,-33.722757889475155,150.674420186926
1785485904.3813875,step,163.09610356573015,-542.1752512893477,163.09610356573015,-492.17525128934767,-33.722757889475695,150.67388015435338,-33.722757889475695,150.67442018690122
1785485904.3853362,step,163.09610348714762,-542.1752536033746,163.09610348714762,-492.1752536033746,-33.722757889476405,150.6738801543284,-33.722757889476405,150.67442018687623
1785485904.3891757,step,163.09610339046014,-542.1752559390851,163.09610339046014,-492.1752559390851,-33.72275788947727,150.67388015430316,-33.72275788947727,150.674420186851
1785485904.3932698,step,163.0961032756912,-542.175258296598,163.0961032756912,-492.17525829659803,-33.7227578894783,150.6738801542777,-33.7227578894783,150.67442018682553
1785485904.3973157,step,163.0961031428645,-542.1752606760308,163.0961031428645,-492.1752606760308,-33.722757889479496,150.673880154252,-33.722757889479496,150.67442018679984
1785485904.4013526,step,163.0961029920046,-542.1752630775002,163.0961029920046,-492.1752630775002,-33.72275788948085,150.67388015422605,-33.72275788948085,150.67442018677392
1785485904.405493,step,163.0961028231372,-542.1752655011211,163.0961028231372,-492.1752655011211,-33.72275788948237,150.67388015419988,-33.72275788948237,150.67442018674774
1785485904.409552,step,163.09610263628832,-542.1752679470089,163.09610263628832,-492.17526794700893,-33.72275788948404,150.67388015417347,-33.72275788948404,150.6744201867213
1785485904.4133785,step,163.0961024314853,-542.175270415278,163.0961024314853,-492.17527041527796,-33.722757889485884,150.67388015414681,-33.722757889485884,150.67442018669465
1785485904.41726,step,163.09610220875547,-542.175272906042,163.09610220875547,-492.175272906042,-33.72275788948789,150.6738801541199,-33.72275788948789,150.67442018666776
1785485904.421403,step,163.0961019681279,-542.1752754194124,163.0961019681279,-492.1752754194124,-33.72275788949005,150.67388015409276,-33.72275788949005,150.67442018664062
1785485904.4251857,step,163.09610170963134,-542.1752779555023,163.09610170963134,-492.17527795550234,-33.72275788949237,150.67388015406536,-33.72275788949237,150.67442018661322
1785485904.4293773,step,163.09610143329584,-542.1752805144222,163.09610143329584,-492.1752805144222,-33.72275788949485,150.67388015403773,-33.72275788949485,150.67442018658556
1785485904.4332511,step,163.096101139152,-542.1752830962824,163.096101139152,-492.17528309628244,-33.722757889497494,150.67388015400985,-33.722757889497494,150.67442018655768
1785485904.4370854,step,163.09610082723154,-542.1752857011934,163.09610082723154,-492.1752857011934,-33.72275788950029,150.6738801539817,-33.72275788950029,150.67442018652955
1785485904.4410326,step,163.09610049756665,-542.1752883292627,163.09610049756665,-492.1752883292627,-33.72275788950326,150.67388015395332,-33.72275788950326,150.67442018650118
1785485904.4453807,step,163.09610015019007,-542.1752909805987,163.09610015019007,-492.1752909805987,-33.722757889506376,150.6738801539247,-33.722757889506376,150.67442018647253
1785485904.4491494,step,163.09609978513583,-542.1752936553073,163.09609978513583,-492.1752936553073,-33.72275788950966,150.6738801538958,-33.72275788950966,150.67442018644365
1785485904.4532058,step,163.09609940243865,-542.1752963534949,163.09609940243865,-492.1752963534949,-33.7227578895131,150.67388015386666,-33.7227578895131,150.6744201864145
1785485904.4576411,step,163.09609900213326,-542.1752990752672,163.09609900213326,-492.17529907526716,-33.72275788951669,150.67388015383727,-33.72275788951669,150.6744201863851
1785485904.4616563,step,163.0960985842559,-542.1753018207279,163.0960985842559,-492.1753018207279,-33.722757889520445,150.6738801538076,-33.722757889520445,150.67442018635546
1785485904.4653594,step,163.09609814884337,-542.1753045899812,163.09609814884337,-492.17530458998124,-33.72275788952436,150.6738801537777,-33.72275788952436,150.67442018632553
1785485904.4689987,step,163.09609769593314,-542.1753073831294,163.09609769593314,-492.1753073831294,-33.722757889528424,150.67388015374755,-33.722757889528424,150.67442018629538
1785485904.4729085,step,163.09609722556294,-542.1753102002751,163.09609722556294,-492.17531020027513,-33.72275788953265,150.6738801537171,-33.72275788953265,150.67442018626494
1785485904.4773016,step,163.0960967377718,-542.1753130415187,163.0960967377718,-492.17531304151873,-33.722757889537036,150.6738801536864,-33.722757889537036,150.67442018623427
1785485904.4810688,step,163.0960962325992,-542.1753159069603,163.0960962325992,-492.17531590696035,-33.72275788954157,150.67388015365546,-33.72275788954157,150.67442018620332
1785485904.4853637,step,163.09609571008562,-542.1753187966992,163.09609571008562,-492.17531879669923,-33.722757889546266,150.67388015362425,-33.722757889546266,150.6744201861721
1785485904.489104,step,163.0960951702724,-542.1753217108342,163.0960951702724,-492.17532171083417,-33.72275788955111,150.6738801535928,-33.72275788955111,150.67442018614062
1785485904.4931092,step,163.09609461320122,-542.1753246494627,163.09609461320122,-492.1753246494627,-33.72275788955612,150.67388015356104,-33.72275788955612,150.67442018610888
1785485904.4973052,step,163.09609403891432,-542.1753276126813,163.09609403891432,-492.17532761268126,-33.72275788956128,150.67388015352904,-33.72275788956128,150.67442018607687
1785485904.5012197,step,163.09609344745488,-542.1753306005855,163.09609344745488,-492.17533060058554,-33.72275788956659,150.67388015349678,-33.72275788956659,150.6744201860446
1785485904.5054064,step,163.096092838867,-542.1753336132706,163.096092838867,-492.1753336132706,-33.72275788957206,150.67388015346424,-33.72275788957206,150.67442018601207
1785485904.5093498,step,163.09609221319602,-542.1753366508294,163.09609221319602,-492.1753366508294,-33.72275788957768,150.6738801534314,-33.72275788957768,150.67442018597927
1785485904.5134661,step,163.09609157048638,-542.1753397133557,163.09609157048638,-492.1753397133557,-33.72275788958345,150.67388015339836,-33.72275788958345,150.6744201859462
1785485904.5173767,step,163.0960909107848,-542.175342800941,163.0960909107848,-492.17534280094105,-33.722757889589374,150.673880153365,-33.722757889589374,150.67442018591285
1785485904.521537,step,163.09609023413802,-542.1753459136767,163.09609023413802,-492.17534591367667,-33.72275788959546,150.67388015333137,-33.72275788959546,150.67442018587923
1785485904.525297,step,163.0960895405933,-542.1753490516525,163.0960895405933,-492.17534905165246,-33.72275788960169,150.6738801532975,-33.72275788960169,150.67442018584532
1785485904.5294673,step,163.09608883019914,-542.1753522149572,163.09608883019914,-492.17535221495723,-33.72275788960807,150.67388015326333,-33.72275788960807,150.67442018581116
1785485904.5332105,step,163.09608810300426,-542.1753554036796,163.09608810300426,-492.17535540367965,-33.7227578896146,150.67388015322888,-33.7227578896146,150.6744201857767
1785485904.537256,step,163.09608735905852,-542.1753586179068,163.09608735905852,-492.1753586179068,-33.722757889621285,150.67388015319418,-33.722757889621285,150.674420185742
1785485904.541177,step,163.09608659841194,-542.1753618577244,163.09608659841194,-492.1753618577244,-33.72275788962811,150.67388015315916,-33.72275788962811,150.67442018570702
1785485904.545357,step,163.0960858211152,-542.1753651232176,163.0960858211152,-492.1753651232176,-33.7227578896351,150.67388015312392,-33.7227578896351,150.67442018567175
1785485904.54937,step,163.09608502722023,-542.1753684144717,163.09608502722023,-492.1753684144717,-33.72275788964223,150.67388015308836,-33.72275788964223,150.6744201856362
1785485904.554106,step,163.09608421677947,-542.1753717315702,163.09608421677947,-492.1753717315702,-33.72275788964951,150.67388015305252,-33.72275788964951,150.67442018560038
1785485904.5576458,step,163.0960833898458,-542.1753750745947,163.0960833898458,-492.17537507459474,-33.72275788965694,150.67388015301643,-33.72275788965694,150.67442018556426
1785485904.5612967,step,163.09608254647281,-542.1753784436261,163.09608254647281,-492.1753784436261,-33.722757889664514,150.67388015298005,-33.722757889664514,150.67442018552788
1785485904.5656781,step,163.09608168671463,-542.1753818387456,163.09608168671463,-492.1753818387456,-33.72275788967224,150.67388015294335,-33.72275788967224,150.67442018549121
1785485904.5701532,step,163.09608081062706,-542.1753852600325,163.09608081062706,-492.1753852600325,-33.72275788968011,150.6738801529064,-33.72275788968011,150.67442018545427
1785485904.5733142,step,163.09607991826564,-542.1753887075643,163.09607991826564,-492.17538870756425,-33.722757889688125,150.67388015286917,-33.722757889688125,150.674420185417
1785485904.5775797,step,163.09607900968666,-542.175392181418,163.09607900968666,-492.17539218141803,-33.72275788969628,150.67388015283166,-33.72275788969628,150.6744201853795
1785485904.5813365,step,163.09607808494695,-542.1753956816711,163.09607808494695,-492.17539568167115,-33.722757889704596,150.67388015279386,-33.722757889704596,150.6744201853417
1785485904.585642,step,163.09607714410447,-542.1753992083986,163.09607714410447,-492.17539920839863,-33.722757889713044,150.67388015275577,-33.722757889713044,150.6744201853036
1785485904.589381,step,163.0960761872171,-542.1754027616737,163.0960761872171,-492.1754027616737,-33.72275788972164,150.67388015271737,-33.72275788972164,150.67442018526523
1785485904.5932548,step,163.09607521434393,-542.1754063415692,163.09607521434393,-492.1754063415692,-33.72275788973038,150.67388015267872,-33.72275788973038,150.67442018522655
1785485904.5972152,step,163.0960742255444,-542.1754099481581,163.0960742255444,-492.17540994815806,-33.72275788973926,150.67388015263975,-33.72275788973926,150.6744201851876
1785485904.6014404,step,163.09607322087905,-542.1754135815113,163.09607322087905,-492.1754135815113,-33.72275788974829,150.67388015260053,-33.72275788974829,150.67442018514836
1785485904.6052794,step,163.09607220040883,-542.175417241698,163.09607220040883,-492.175417241698,-33.72275788975745,150.673880152561,-33.72275788975745,150.67442018510883
1785485904.6090736,step,163.09607116419534,-542.1754209287868,163.09607116419534,-492.1754209287868,-33.72275788976676,150.67388015252118,-33.72275788976676,150.674420185069
1785485904.6129599,step,163.09607011230062,-542.1754246428462,163.09607011230062,-492.1754246428462,-33.72275788977621,150.67388015248105,-33.72275788977621,150.6744201850289
1785485904.617008,step,163.09606904478795,-542.1754283839431,163.09606904478795,-492.1754283839431,-33.722757889785804,150.67388015244066,-33.722757889785804,150.6744201849885
1785485904.621172,step,163.09606796172025,-542.1754321521435,163.09606796172025,-492.17543215214346,-33.72275788979553,150.67388015239996,-33.72275788979553,150.6744201849478
1785485904.625494,step,163.09606686316138,-542.1754359475117,163.09606686316138,-492.1754359475117,-33.7227578898054,150.67388015235895,-33.7227578898054,150.6744201849068
1785485904.6295068,step,163.09606574917677,-542.175439770111,163.09606574917677,-492.175439770111,-33.722757889815405,150.67388015231768,-33.722757889815405,150.6744201848655
1785485904.6331344,step,163.09606461983154,-542.1754436200038,163.09606461983154,-492.17544362000376,-33.72275788982555,150.6738801522761,-33.72275788982555,150.67442018482393
1785485904.637213,step,163.0960634751915,-542.1754474972502,163.0960634751915,-492.17544749725016,-33.72275788983583,150.6738801522342,-33.72275788983583,150.67442018478206
1785485904.6412003,step,163.09606231532328,-542.175451401911,163.09606231532328,-492.175451401911,-33.72275788984625,150.67388015219203,-33.72275788984625,150.6744201847399
1785485904.6451466,step,163.0960611402935,-542.1754553340446,163.0960611402935,-492.1754553340446,-33.72275788985681,150.67388015214956,-33.72275788985681,150.6744201846974
1785485904.6495764,step,163.09605995016994,-542.1754592937101,163.09605995016994,-492.1754592937101,-33.7227578898675,150.6738801521068,-33.7227578898675,150.67442018465465
1785485904.6534948,step,163.09605874502122,-542.1754632809633,163.09605874502122,-492.1754632809633,-33.722757889878324,150.67388015206373,-33.722757889878324,150.6744201846116
1785485904.657463,step,163.09605752491638,-542.1754672958604,163.09605752491638,-492.17546729586036,-33.72275788988929,150.67388015202036,-33.72275788988929,150.67442018456822
1785485904.6609135,step,163.0960562899243,-542.1754713384545,163.0960562899243,-492.1754713384545,-33.72275788990038,150.6738801519767,-33.72275788990038,150.67442018452456
1785485904.6650236,step,163.09605504011557,-542.1754754087997,163.09605504011557,-492.1754754087997,-33.722757889911605,150.67388015193274,-33.722757889911605,150.6744201844806
1785485904.669343,step,163.0960537755609,-542.1754795069476,163.0960537755609,-492.17547950694757,-33.72275788992297,150.67388015188848,-33.72275788992297,150.67442018443631
1785485904.6730378,step,163.09605249633174,-542.1754836329494,163.09605249633174,-492.1754836329494,-33.722757889934456,150.67388015184392,-33.722757889934456,150.67442018439175
1785485904.6770139,step,163.09605120249944,-542.1754877868552,163.09605120249944,-492.17548778685523,-33.72275788994608,150.67388015179907,-33.72275788994608,150.6744201843469
1785485904.6818614,step,163.09604989413666,-542.1754919687132,163.09604989413666,-492.17549196871323,-33.72275788995783,150.67388015175388,-33.72275788995783,150.67442018430174
1785485904.685202,step,163.09604857131632,-542.1754961785712,163.09604857131632,-492.17549617857117,-33.72275788996972,150.67388015170843,-33.72275788996972,150.67442018425626
1785485904.6893525,step,163.09604723411215,-542.1755004164754,163.09604723411215,-492.1755004164754,-33.72275788998173,150.67388015166264,-33.72275788998173,150.6744201842105
1785485904.6936646,step,163.09604588259816,-542.1755046824708,163.09604588259816,-492.1755046824708,-33.72275788999387,150.67388015161657,-33.72275788999387,150.6744201841644
1785485904.6974897,step,163.0960445168486,-542.1755089766024,163.0960445168486,-492.1755089766024,-33.722757890006136,150.6738801515702,-33.722757890006136,150.67442018411805
1785485904.7014723,step,163.0960431369389,-542.1755132989127,163.0960431369389,-492.17551329891273,-33.722757890018535,150.67388015152352,-33.722757890018535,150.67442018407135
1785485904.7052255,step,163.09604174294506,-542.175517649443,163.09604174294506,-492.175517649443,-33.722757890031055,150.6738801514765,-33.722757890031055,150.67442018402437
1785485904.7096841,step,163.09604033494307,-542.1755220282333,163.09604033494307,-492.17552202823333,-33.7227578900437,150.67388015142922,-33.7227578900437,150.67442018397708
1785485904.7132998,step,163.09603891300947,-542.1755264353236,163.09603891300947,-492.1755264353236,-33.72275789005648,150.67388015138164,-33.72275789005648,150.67442018392947
1785485904.717033,step,163.09603747722207,-542.1755308707512,163.09603747722207,-492.17553087075123,-33.722757890069374,150.67388015133372,-33.722757890069374,150.67442018388155
1785485904.7210736,step,163.09603602765807,-542.1755353345529,163.09603602765807,-492.17553533455293,-33.7227578900824,150.67388015128552,-33.7227578900824,150.67442018383335
1785485904.7254333,step,163.09603456439643,-542.175539826765,163.09603456439643,-492.175539826765,-33.722757890095544,150.673880151237,-33.722757890095544,150.67442018378483
1785485904.7290866,step,163.0960330875157,-542.1755443474212,163.0960330875157,-492.17554434742124,-33.72275789010881,150.67388015118817,-33.72275789010881,150.674420183736
1785485904.7333634,step,163.09603159709525,-542.1755488965559,163.09603159709525,-492.17554889655594,-33.722757890122196,150.67388015113903,-33.722757890122196,150.67442018368686
1785485904.7372756,step,163.096030093215,-542.1755534742007,163.096030093215,-492.1755534742007,-33.72275789013571,150.67388015108958,-33.72275789013571,150.67442018363744
1785485904.741131,step,163.09602857595561,-542.1755580803867,163.09602857595561,-492.17555808038674,-33.72275789014934,150.67388015103984,-33.72275789014934,150.67442018358767
1785485904.7451797,step,163.09602704539805,-542.1755627151427,163.09602704539805,-492.17556271514275,-33.72275789016309,150.6738801509898,-33.72275789016309,150.67442018353762
1785485904.7491314,step,163.0960255016239,-542.1755673784984,163.0960255016239,-492.1755673784984,-33.72275789017696,150.67388015093942,-33.72275789017696,150.67442018348726
1785485904.753264,step,163.09602394471509,-542.1755720704799,163.09602394471509,-492.1755720704799,-33.72275789019094,150.67388015088875,-33.72275789019094,150.67442018343658
1785485904.757212,step,163.09602237475352,-542.1755767911145,163.09602237475352,-492.1755767911145,-33.722757890205045,150.67388015083776,-33.722757890205045,150.6744201833856
1785485904.7612948,step,163.09602079182258,-542.1755815404271,163.09602079182258,-492.17558154042706,-33.72275789021926,150.67388015078646,-33.72275789021926,150.6744201833343
1785485904.7651784,step,163.09601919600556,-542.175586318441,163.09601919600556,-492.175586318441,-33.7227578902336,150.67388015073485,-33.7227578902336,150.6744201832827
1785485904.7693176,step,163.0960175873858,-542.1755911251784,163.0960175873858,-492.17559112517836,-33.72275789024805,150.67388015068295,-33.72275789024805,150.67442018323078
1785485904.7731955,step,163.0960159660482,-542.1755959606593,163.0960159660482,-492.1755959606593,-33.72275789026261,150.6738801506307,-33.72275789026261,150.67442018317854
1785485904.7770867,step,163.096014332077,-542.1756008249039,163.096014332077,-492.1756008249039,-33.72275789027729,150.67388015057819,-33.72275789027729,150.67442018312602
1785485904.7811081,step,163.0960126855577,-542.17560571793,163.0960126855577,-492.17560571793,-33.72275789029208,150.67388015052532,-33.72275789029208,150.67442018307315
1785485904.7850904,step,163.09601102657587,-542.1756106397564,163.09601102657587,-492.1756106397564,-33.72275789030699,150.67388015047217,-33.72275789030699,150.67442018302
1785485904.7891622,step,163.09600935521772,-542.1756155903986,163.09600935521772,-492.1756155903986,-33.722757890322,150.67388015041868,-33.722757890322,150.67442018296654
1785485904.7930357,step,163.09600767156996,-542.1756205698726,163.09600767156996,-492.17562056987265,-33.72275789033712,150.6738801503649,-33.72275789033712,150.67442018291277
1785485904.7971754,step,163.09600597571944,-542.1756255781905,163.09600597571944,-492.17562557819053,-33.722757890352355,150.67388015031082,-33.722757890352355,150.67442018285865
1785485904.801239,step,163.09600426775404,-542.1756306153649,163.09600426775404,-492.17563061536487,-33.7227578903677,150.67388015025642,-33.7227578903677,150.67442018280425
1785485904.8052614,step,163.09600254776163,-542.1756356814079,163.09600254776163,-492.1756356814079,-33.72275789038315,150.6738801502017,-33.72275789038315,150.67442018274954
1785485904.8091025,step,163.0960008158298,-542.1756407763303,163.0960008158298,-492.1756407763303,-33.72275789039871,150.67388015014666,-33.72275789039871,150.67442018269452
1785485904.8129282,step,163.09599907204745,-542.1756459001402,163.09599907204745,-492.17564590014024,-33.72275789041437,150.67388015009132,-33.72275789041437,150.67442018263918
1785485904.8173654,step,163.0959973165037,-542.1756510528456,163.0959973165037,-492.17565105284564,-33.722757890430145,150.67388015003567,-33.722757890430145,150.67442018258353
1785485904.8212285,step,163.0959955492882,-542.1756562344528,163.0959955492882,-492.17565623445284,-33.72275789044602,150.6738801499797,-33.72275789044602,150.67442018252754
1785485904.8250725,step,163.09599377049074,-542.1756614449672,163.09599377049074,-492.1756614449672,-33.722757890462,150.67388014992343,-33.722757890462,150.67442018247127
1785485904.829329,step,163.0959919802018,-542.1756666843922,163.0959919802018,-492.17566668439224,-33.72275789047808,150.67388014986685,-33.72275789047808,150.67442018241468
1785485904.8331358,step,163.09599017851238,-542.1756719527305,163.09599017851238,-492.17567195273045,-33.722757890494265,150.67388014980995,-33.722757890494265,150.67442018235778
1785485904.8370078,step,163.0959883655137,-542.1756772499839,163.0959883655137,-492.1756772499839,-33.72275789051055,150.67388014975273,-33.72275789051055,150.67442018230057
1785485904.841068,step,163.09598654129732,-542.1756825761527,163.09598654129732,-492.17568257615267,-33.72275789052694,150.6738801496952,-33.72275789052694,150.67442018224304
1785485904.8450322,step,163.09598470595506,-542.1756879312347,163.09598470595506,-492.17568793123473,-33.72275789054343,150.67388014963737,-33.72275789054343,150.6744201821852
1785485904.8491528,step,163.0959828595791,-542.1756933152282,163.0959828595791,-492.17569331522816,-33.72275789056001,150.67388014957922,-33.72275789056001,150.67442018212705
1785485904.8533027,step,163.09598100226233,-542.17569872813,163.09598100226233,-492.17569872813,-33.722757890576695,150.67388014952076,-33.722757890576695,150.6744201820686
1785485904.8570983,step,163.0959791340978,-542.1757041699353,163.0959791340978,-492.17570416993533,-33.72275789059348,150.67388014946198,-33.72275789059348,150.6744201820098
1785485904.8611271,step,163.09597725517864,-542.1757096406379,163.09597725517864,-492.17570964063793,-33.72275789061036,150.6738801494029,-33.72275789061036,150.67442018195072
1785485904.8653333,step,163.09597536559872,-542.1757151402312,163.09597536559872,-492.1757151402312,-33.722757890627335,150.6738801493435,-33.722757890627335,150.67442018189132
1785485904.869309,step,163.09597346545192,-542.1757206687062,163.09597346545192,-492.17572066870616,-33.7227578906444,150.67388014928378,-33.7227578906444,150.67442018183164
1785485904.8732705,step,163.0959715548329,-542.1757262260543,163.0959715548329,-492.1757262260543,-33.72275789066156,150.67388014922375,-33.72275789066156,150.6744201817716
1785485904.8774648,step,163.09596963383626,-542.1757318122635,163.09596963383626,-492.1757318122635,-33.72275789067882,150.67388014916344,-33.72275789067882,150.67442018171127
1785485904.881034,step,163.09596770255746,-542.1757374273212,163.09596770255746,-492.1757374273212,-33.72275789069617,150.67388014910279,-33.72275789069617,150.67442018165062
1785485904.8851085,step,163.09596576109175,-542.175743071216,163.09596576109175,-492.17574307121595,-33.72275789071361,150.67388014904182,-33.72275789071361,150.67442018158965
1785485904.8897264,step,163.09596380953474,-542.1757487439324,163.09596380953474,-492.17574874393244,-33.72275789073114,150.67388014898054,-33.72275789073114,150.6744201815284
1785485904.8932037,step,163.095961847983,-542.1757544454543,163.095961847983,-492.17575444545434,-33.72275789074876,150.67388014891898,-33.72275789074876,150.67442018146681
1785485904.897286,step,163.09595987653307,-542.1757601757656,163.09595987653307,-492.1757601757656,-33.722757890766474,150.67388014885708,-33.722757890766474,150.6744201814049
1785485904.901397,step,163.0959578952819,-542.1757659348478,163.0959578952819,-492.17576593484785,-33.72275789078427,150.67388014879486,-33.72275789078427,150.67442018134273
1785485904.9056146,step,163.09595590432653,-542.1757717226823,163.09595590432653,-492.17577172268227,-33.72275789080216,150.67388014873237,-33.72275789080216,150.6744201812802
1785485904.9093368,step,163.09595390376413,-542.1757775392477,163.09595390376413,-492.17577753924775,-33.72275789082013,150.67388014866955,-33.72275789082013,150.67442018121739
1785485904.9133217,step,163.09595189369236,-542.1757833845227,163.09595189369236,-492.1757833845227,-33.72275789083818,150.6738801486064,-33.72275789083818,150.67442018115426
1785485904.9169931,step,163.09594987420883,-542.1757892584847,163.09594987420883,-492.17578925848466,-33.72275789085632,150.67388014854296,-33.72275789085632,150.6744201810908
1785485904.9216049,step,163.09594784541218,-542.1757951611087,163.09594784541218,-492.1757951611087,-33.72275789087455,150.6738801484792,-33.72275789087455,150.67442018102705
1785485904.9253335,step,163.09594580740068,-542.1758010923702,163.09594580740068,-492.1758010923702,-33.72275789089286,150.67388014841515,-33.72275789089286,150.67442018096298
1785485904.9295642,step,163.09594376027295,-542.1758070522417,163.09594376027295,-492.1758070522417,-33.72275789091125,150.67388014835078,-33.72275789091125,150.67442018089864
1785485904.933169,step,163.0959417041281,-542.1758130406957,163.0959417041281,-492.17581304069574,-33.722757890929714,150.67388014828612,-33.722757890929714,150.67442018083395
1785485904.937222,step,163.0959396390655,-542.1758190577042,163.0959396390655,-492.1758190577042,-33.722757890948266,150.67388014822112,-33.722757890948266,150.67442018076895
1785485904.9414423,step,163.0959375651847,-542.1758251032364,163.0959375651847,-492.17582510323643,-33.722757890966896,150.67388014815583,-33.722757890966896,150.67442018070366
1785485904.9455006,step,163.09593548258593,-542.1758311772614,163.09593548258593,-492.17583117726144,-33.722757890985605,150.6738801480902,-33.722757890985605,150.67442018063807
1785485904.949049,step,163.09593339136902,-542.1758372797456,163.09593339136902,-492.17583727974556,-33.72275789100439,150.6738801480243,-33.72275789100439,150.67442018057216
1785485904.953499,step,163.0959312916344,-542.1758434106548,163.0959312916344,-492.1758434106548,-33.72275789102326,150.6738801479581,-33.72275789102326,150.67442018050593
1785485904.9571457,step,163.09592918348255,-542.1758495699555,163.09592918348255,-492.1758495699555,-33.72275789104219,150.67388014789157,-33.72275789104219,150.6744201804394
1785485904.96114,step,163.09592706701474,-542.1758557576109,163.09592706701474,-492.17585575761086,-33.72275789106121,150.67388014782475,-33.72275789106121,150.67442018037258
1785485904.9649959,step,163.0959249423317,-542.175861973583,163.0959249423317,-492.175861973583,-33.72275789108029,150.6738801477576,-33.72275789108029,150.67442018030545
1785485904.9688878,step,163.09592280953453,-542.1758682178341,163.09592280953453,-492.17586821783414,-33.72275789109945,150.67388014769014,-33.72275789109945,150.674420180238
1785485904.9735057,step,163.09592066872509,-542.1758744903229,163.09592066872509,-492.17587449032294,-33.72275789111868,150.6738801476224,-33.72275789111868,150.67442018017024
1785485904.9772558,step,163.0959185200046,-542.1758807910098,163.0959185200046,-492.17588079100983,-33.72275789113798,150.67388014755434,-33.72275789113798,150.6744201801022
1785485904.9816403,step,163.09591636347565,-542.1758871198524,163.09591636347565,-492.1758871198524,-33.72275789115736,150.673880147486,-33.72275789115736,150.67442018003385
1785485904.9851332,step,163.0959141992402,-542.1758934768081,163.0959141992402,-492.17589347680814,-33.7227578911768,150.67388014741735,-33.7227578911768,150.67442017996518
1785485904.989131,step,163.09591202740057,-542.1758998618325,163.09591202740057,-492.1758998618325,-33.72275789119631,150.67388014734837,-33.72275789119631,150.67442017989623
1785485904.9930985,step,163.09590984805888,-542.1759062748806,163.09590984805888,-492.1759062748806,-33.722757891215885,150.6738801472791,-33.722757891215885,150.67442017982697
1785485904.997105,step,163.09590766131842,-542.1759127159042,163.09590766131842,-492.17591271590425,-33.722757891235524,150.67388014720956,-33.722757891235524,150.6744201797574
1785485905.0010157,step,163.09590546728148,-542.175919184857,163.09590546728148,-492.175919184857,-33.722757891255235,150.67388014713967,-33.722757891255235,150.67442017968753
1785485905.0050967,step,163.0959032660517,-542.1759256816881,163.0959032660517,-492.1759256816881,-33.72275789127501,150.6738801470695,-33.72275789127501,150.67442017961736
1785485905.0090969,step,163.09590105773194,-542.1759322063489,163.09590105773194,-492.1759322063489,-33.72275789129485,150.67388014699904,-33.72275789129485,150.67442017954687
1785485905.013351,step,163.0958988424254,-542.1759387587873,163.0958988424254,-492.1759387587873,-33.72275789131475,150.67388014692827,-33.72275789131475,150.6744201794761
1785485905.0172765,step,163.0958966202359,-542.1759453389501,163.0958966202359,-492.1759453389501,-33.72275789133471,150.6738801468572,-33.72275789133471,150.67442017940505
1785485905.0211415,step,163.09589439126717,-542.175951946785,163.09589439126717,-492.17595194678495,-33.72275789135473,150.67388014678582,-33.72275789135473,150.67442017933368
1785485905.025172,step,163.09589215562303,-542.1759585822352,163.09589215562303,-492.17595858223524,-33.72275789137482,150.67388014671417,-33.72275789137482,150.674420179262
1785485905.0291362,step,163.09588991340786,-542.1759652452456,163.09588991340786,-492.1759652452456,-33.722757891394956,150.6738801466422,-33.722757891394956,150.67442017919004
1785485905.033109,step,163.09588766472558,-542.1759719357591,163.09588766472558,-492.1759719357591,-33.72275789141516,150.67388014656993,-33.72275789141516,150.6744201791178
1785485905.037172,step,163.09588540968045,-542.1759786537166,163.09588540968045,-492.1759786537166,-33.722757891435414,150.67388014649737,-33.722757891435414,150.67442017904523
1785485905.0411623,step,163.09588314837714,-542.1759853990592,163.09588314837714,-492.1759853990592,-33.72275789145573,150.67388014642452,-33.72275789145573,150.67442017897235
1785485905.0452523,step,163.09588088091974,-542.1759921717266,163.09588088091974,-492.17599217172665,-33.7227578914761,150.67388014635137,-33.7227578914761,150.67442017889923
1785485905.049037,step,163.09587860741297,-542.1759989716566,163.09587860741297,-492.17599897165655,-33.72275789149652,150.67388014627792,-33.72275789149652,150.67442017882578
1785485905.0534532,step,163.0958763279616,-542.1760057987868,163.0958763279616,-492.17600579878683,-33.722757891517,150.6738801462042,-33.722757891517,150.67442017875203
1785485905.0574276,step,163.0958740426709,-542.1760126530532,163.0958740426709,-492.17601265305325,-33.722757891537526,150.67388014613016,-33.722757891537526,150.674420178678
1785485905.0615737,step,163.09587175164594,-542.1760195343909,163.09587175164594,-492.1760195343909,-33.72275789155811,150.67388014605584,-33.72275789155811,150.67442017860367
1785485905.0652478,step,163.0958694549918,-542.1760264427329,163.0958694549918,-492.1760264427329,-33.72275789157874,150.67388014598123,-33.72275789157874,150.67442017852906
1785485905.0690887,step,163.09586715281367,-542.1760333780122,163.09586715281367,-492.1760333780122,-33.72275789159942,150.6738801459063,-33.72275789159942,150.67442017845417
1785485905.0733106,step,163.09586484521665,-542.1760403401604,163.09586484521665,-492.1760403401604,-33.72275789162015,150.67388014583113,-33.72275789162015,150.67442017837897
1785485905.0770729,step,163.09586253230677,-542.1760473291079,163.09586253230677,-492.17604732910786,-33.722757891640924,150.67388014575565,-33.722757891640924,150.67442017830348
1785485905.0811458,step,163.095860214189,-542.1760543447837,163.095860214189,-492.17605434478367,-33.72275789166175,150.67388014567987,-33.72275789166175,150.6744201782277
1785485905.0853055,step,163.09585789096903,-542.1760613871161,163.09585789096903,-492.1760613871161,-33.72275789168262,150.6738801456038,-33.72275789168262,150.67442017815165
1785485905.0892358,step,163.0958555627524,-542.1760684560319,163.0958555627524,-492.1760684560319,-33.72275789170354,150.67388014552745,-33.72275789170354,150.67442017807528
1785485905.0932345,step,163.0958532296444,-542.1760755514559,163.0958532296444,-492.17607555145594,-33.72275789172449,150.67388014545082,-33.72275789172449,150.67442017799866
1785485905.0970507,step,163.0958508917513,-542.1760826733137,163.0958508917513,-492.17608267331366,-33.722757891745495,150.6738801453739,-33.722757891745495,150.67442017792175
1785485905.1012352,step,163.09584854917853,-542.1760898215293,163.09584854917853,-492.17608982152933,-33.72275789176654,150.6738801452967,-33.72275789176654,150.67442017784452
1785485905.1054065,step,163.09584620203208,-542.1760969960247,163.09584620203208,-492.17609699602474,-33.72275789178762,150.67388014521921,-33.72275789178762,150.67442017776705
1785485905.1097386,step,163.09584385041828,-542.1761041967204,163.09584385041828,-492.1761041967204,-33.72275789180875,150.67388014514142,-33.72275789180875,150.67442017768926
1785485905.1138768,step,163.09584149444268,-542.1761114235375,163.09584149444268,-492.17611142353746,-33.722757891829914,150.67388014506338,-33.722757891829914,150.6744201776112
1785485905.1172497,step,163.09583913421133,-542.176118676394,163.09583913421133,-492.176118676394,-33.72275789185112,150.67388014498505,-33.72275789185112,150.67442017753288
1785485905.1214695,step,163.0958367698299,-542.1761259552079,163.0958367698299,-492.1761259552079,-33.722757891872355,150.67388014490643,-33.722757891872355,150.67442017745427
1785485905.1255777,step,163.09583440140477,-542.1761332598958,163.09583440140477,-492.1761332598958,-33.72275789189363,150.67388014482754,-33.72275789189363,150.67442017737537
1785485905.1291976,step,163.09583202904196,-542.1761405903734,163.09583202904196,-492.1761405903734,-33.72275789191494,150.67388014474835,-33.72275789191494,150.67442017729618
1785485905.133046,step,163.09582965284733,-542.176147946556,163.09582965284733,-492.17614794655594,-33.72275789193628,150.6738801446689,-33.72275789193628,150.67442017721675
1785485905.1369495,step,163.09582727292704,-542.1761553283566,163.09582727292704,-492.1761553283566,-33.72275789195766,150.67388014458916,-33.72275789195766,150.67442017713702
1785485905.14095,step,163.0958248893872,-542.1761627356871,163.0958248893872,-492.17616273568706,-33.72275789197908,150.67388014450918,-33.72275789197908,150.67442017705702
1785485905.144965,step,163.09582250233365,-542.1761701684591,163.09582250233365,-492.17617016845907,-33.72275789200052,150.6738801444289,-33.72275789200052,150.67442017697672
1785485905.1492555,step,163.09582011187274,-542.176177626584,163.09582011187274,-492.17617762658404,-33.722757892021995,150.67388014434835,-33.722757892021995,150.67442017689618
1785485905.1531656,step,163.0958177181103,-542.1761851099702,163.0958177181103,-492.1761851099702,-33.7227578920435,150.6738801442675,-33.7227578920435,150.67442017681535
1785485905.1572788,step,163.09581532115251,-542.1761926185262,163.09581532115251,-492.1761926185262,-33.722757892065026,150.67388014418643,-33.722757892065026,150.67442017673426
1785485905.1615558,step,163.09581292110548,-542.1762001521594,163.09581292110548,-492.17620015215937,-33.72275789208659,150.67388014410506,-33.72275789208659,150.6744201766529
1785485905.1656196,step,163.09581051807527,-542.1762077107757,163.09581051807527,-492.17620771077566,-33.72275789210818,150.6738801440234,-33.72275789210818,150.67442017657126
1785485905.1691217,step,163.09580811216802,-542.1762152942802,163.09580811216802,-492.17621529428015,-33.72275789212979,150.67388014394152,-33.72275789212979,150.67442017648935
1785485905.173051,step,163.09580570348908,-542.1762229025761,163.09580570348908,-492.1762229025761,-33.72275789215143,150.67388014385932,-33.72275789215143,150.67442017640718
1785485905.1774228,step,163.09580329214432,-542.1762305355666,163.09580329214432,-492.17623053556656,-33.722757892173085,150.6738801437769,-33.722757892173085,150.67442017632473
1785485905.1810863,step,163.09580087823983,-542.1762381931544,163.09580087823983,-492.1762381931544,-33.72275789219477,150.6738801436942,-33.72275789219477,150.67442017624202
1785485905.1852505,step,163.09579846188106,-542.1762458752395,163.09579846188106,-492.1762458752395,-33.72275789221648,150.6738801436112,-33.72275789221648,150.67442017615906
1785485905.1894822,step,163.09579604317423,-542.1762535817227,163.09579604317423,-492.1762535817227,-33.72275789223821,150.67388014352798,-33.72275789223821,150.6744201760758
1785485905.193387,step,163.09579362222487,-542.1762613125017,163.09579362222487,-492.17626131250165,-33.722757892259956,150.67388014344448,-33.722757892259956,150.6744201759923
1785485905.1974082,step,163.09579119913832,-542.176269067476,163.09579119913832,-492.176269067476,-33.72275789228172,150.67388014336072,-33.72275789228172,150.67442017590855
1785485905.2012312,step,163.09578877402066,-542.1762768465428,163.09578877402066,-492.1762768465428,-33.722757892303505,150.6738801432767,-33.722757892303505,150.67442017582454
1785485905.2049975,step,163.09578634697718,-542.1762846495976,163.09578634697718,-492.1762846495976,-33.722757892325305,150.67388014319243,-33.722757892325305,150.67442017574027
1785485905.208967,step,163.09578391811297,-542.1762924765358,163.09578391811297,-492.17629247653576,-33.722757892347126,150.67388014310788,-33.722757892347126,150.67442017565574
1785485905.2134664,step,163.0957814875337,-542.1763003272519,163.0957814875337,-492.17630032725185,-33.72275789236896,150.6738801430231,-33.72275789236896,150.67442017557093
1785485905.2175472,step,163.09577905534428,-542.1763082016388,163.09577905534428,-492.1763082016388,-33.72275789239081,150.67388014293803,-33.72275789239081,150.6744201754859
1785485905.2211843,step,163.09577662164992,-542.1763160995883,163.09577662164992,-492.17631609958835,-33.72275789241267,150.67388014285274,-33.72275789241267,150.67442017540057
1785485905.2251382,step,163.09577418655584,-542.1763240209929,163.09577418655584,-492.17632402099287,-33.722757892434544,150.6738801427672,-33.722757892434544,150.67442017531502
1785485905.2299037,step,163.09577175016656,-542.1763319657412,163.09577175016656,-492.17633196574116,-33.722757892456436,150.67388014268138,-33.722757892456436,150.67442017522922
1785485905.2335541,step,163.095769312587,-542.176339933725,163.095769312587,-492.176339933725,-33.72275789247833,150.67388014259532,-33.72275789247833,150.67442017514315
1785485905.237464,step,163.09576687392223,-542.1763479248318,163.09576687392223,-492.1763479248318,-33.72275789250023,150.673880142509,-33.72275789250023,150.67442017505684
1785485905.241795,step,163.0957644342763,-542.1763559389508,163.0957644342763,-492.1763559389508,-33.722757892522154,150.67388014242246,-33.722757892522154,150.6744201749703
1785485905.245411,step,163.0957619937541,-542.1763639759678,163.0957619937541,-492.1763639759678,-33.722757892544074,150.67388014233563,-33.722757892544074,150.6744201748835
1785485905.2492657,step,163.0957595524601,-542.1763720357698,163.0957595524601,-492.17637203576976,-33.72275789256601,150.6738801422486,-33.72275789256601,150.67442017479644
1785485905.2531154,step,163.0957571104983,-542.1763801182417,163.0957571104983,-492.1763801182417,-33.72275789258794,150.6738801421613,-33.72275789258794,150.67442017470913
1785485905.257681,step,163.0957546679731,-542.1763882232685,163.0957546679731,-492.17638822326853,-33.722757892609884,150.67388014207376,-33.722757892609884,150.6744201746216
1785485905.2616255,step,163.0957522249882,-542.1763963507333,163.0957522249882,-492.1763963507333,-33.722757892631826,150.673880141986,-33.722757892631826,150.67442017453382
1785485905.2653115,step,163.09574978164727,-542.1764045005191,163.09574978164727,-492.1764045005191,-33.72275789265378,150.67388014189794,-33.72275789265378,150.6744201744458
1785485905.2691953,step,163.095747338054,-542.1764126725068,163.095747338054,-492.1764126725068,-33.72275789267573,150.6738801418097,-33.72275789267573,150.67442017435752
1785485905.273179,step,163.0957448943119,-542.1764208665779,163.0957448943119,-492.1764208665779,-33.72275789269768,150.67388014172118,-33.72275789269768,150.67442017426902
1785485905.2777998,step,163.0957424505246,-542.1764290826125,163.0957424505246,-492.17642908261246,-33.722757892719635,150.67388014163245,-33.722757892719635,150.67442017418028
1785485905.2815711,step,163.09574000679493,-542.1764373204899,163.09574000679493,-492.17643732048987,-33.72275789274158,150.67388014154346,-33.72275789274158,150.67442017409132
1785485905.2861862,step,163.09573756322632,-542.1764455800893,163.09573756322632,-492.1764455800893,-33.72275789276354,150.67388014145428,-33.72275789276354,150.6744201740021
1785485905.289945,step,163.0957351199213,-542.1764538612887,163.0957351199213,-492.1764538612887,-33.72275789278549,150.67388014136483,-33.72275789278549,150.67442017391267
1785485905.2940724,step,163.09573267698295,-542.1764621639661,163.09573267698295,-492.1764621639661,-33.72275789280743,150.67388014127516,-33.72275789280743,150.674420173823
1785485905.298212,step,163.09573023451327,-542.1764704879972,163.09573023451327,-492.1764704879972,-33.72275789282937,150.67388014118524,-33.72275789282937,150.6744201737331
1785485905.3016686,step,163.09572779261447,-542.1764788332569,163.09572779261447,-492.17647883325685,-33.722757892851305,150.6738801410951,-33.722757892851305,150.67442017364294
1785485905.3056202,step,163.095725351389,-542.1764871996207,163.095725351389,-492.17648719962074,-33.72275789287324,150.67388014100476,-33.72275789287324,150.6744201735526
1785485905.309317,step,163.09572291093855,-542.1764955869625,163.09572291093855,-492.17649558696246,-33.72275789289516,150.67388014091415,-33.72275789289516,150.674420173462
1785485905.3139853,step,163.09572047136498,-542.1765039951554,163.09572047136498,-492.1765039951554,-33.72275789291707,150.67388014082334,-33.72275789291707,150.67442017337117
1785485905.318768,step,163.09571803276984,-542.1765124240719,163.09571803276984,-492.1765124240719,-33.72275789293898,150.6738801407323,-33.72275789293898,150.67442017328014
1785485905.3219192,step,163.09571559525466,-542.1765208735849,163.09571559525466,-492.1765208735849,-33.72275789296088,150.67388014064105,-33.72275789296088,150.67442017318888
1785485905.3262022,step,163.0957131589203,-542.1765293435644,163.0957131589203,-492.1765293435644,-33.72275789298276,150.67388014054956,-33.72275789298276,150.67442017309742
1785485905.3292513,step,163.09571072386765,-542.1765378338819,163.09571072386765,-492.17653783388187,-33.72275789300464,150.67388014045787,-33.72275789300464,150.6744201730057
1785485905.3341076,step,163.09570829019748,-542.1765463444062,163.09570829019748,-492.17654634440623,-33.722757893026504,150.67388014036595,-33.722757893026504,150.67442017291378
1785485905.33784,step,163.0957058580103,-542.1765548750075,163.0957058580103,-492.17655487500747,-33.722757893048346,150.6738801402738,-33.722757893048346,150.67442017282164
1785485905.3416176,step,163.09570342740616,-542.1765634255535,163.09570342740616,-492.17656342555347,-33.72275789307018,150.67388014018147,-33.72275789307018,150.6744201727293
1785485905.3455513,step,163.0957009984855,-542.1765719959114,163.0957009984855,-492.17657199591144,-33.722757893092,150.6738801400889,-33.722757893092,150.67442017263673
1785485905.3495593,step,163.09569857134792,-542.1765805859491,163.09569857134792,-492.17658058594907,-33.72275789311381,150.67388013999613,-33.72275789311381,150.67442017254396
1785485905.3530145,step,163.0956961460927,-542.1765891955318,163.0956961460927,-492.17658919553185,-33.722757893135594,150.67388013990313,-33.722757893135594,150.67442017245097
1785485905.3575394,step,163.09569372281953,-542.1765978245253,163.09569372281953,-492.1765978245253,-33.72275789315736,150.67388013980994,-33.72275789315736,150.67442017235777
1785485905.3610468,step,163.0956913016273,-542.1766064727952,163.0956913016273,-492.17660647279524,-33.72275789317911,150.67388013971652,-33.72275789317911,150.67442017226435
1785485905.3651497,step,163.09568888261475,-542.1766151402053,163.09568888261475,-492.1766151402053,-33.72275789320084,150.6738801396229,-33.72275789320084,150.67442017217076
1785485905.3690128,step,163.09568646588016,-542.1766238266177,163.09568646588016,-492.17662382661774,-33.72275789322255,150.67388013952907,-33.72275789322255,150.67442017207694
1785485905.3730679,step,163.0956840515219,-542.1766325318968,163.0956840515219,-492.17663253189676,-33.72275789324424,150.67388013943506,-33.72275789324424,150.67442017198292
1785485905.3772693,step,163.09568163963823,-542.1766412559033,163.09568163963823,-492.1766412559033,-33.72275789326591,150.67388013934084,-33.72275789326591,150.67442017188867
1785485905.381851,step,163.09567923032665,-542.1766499985001,163.09567923032665,-492.1766499985001,-33.72275789328755,150.67388013924642,-33.72275789328755,150.67442017179425
1785485905.3852777,step,163.09567682368484,-542.1766587595489,163.09567682368484,-492.1766587595489,-33.722757893309165,150.67388013915178,-33.722757893309165,150.67442017169964
1785485905.389632,step,163.09567441980977,-542.1766675389098,163.09567441980977,-492.1766675389098,-33.722757893330765,150.67388013905696,-33.722757893330765,150.67442017160482
1785485905.3934414,step,163.0956720187984,-542.1766763364421,163.0956720187984,-492.17667633644214,-33.72275789335233,150.67388013896195,-33.72275789335233,150.67442017150978
1785485905.3971195,step,163.09566962074746,-542.1766851520063,163.09566962074746,-492.17668515200626,-33.722757893373874,150.67388013886674,-33.722757893373874,150.67442017141457
1785485905.4015982,step,163.09566722575326,-542.1766939854612,163.09566722575326,-492.17669398546116,-33.72275789339539,150.67388013877132,-33.72275789339539,150.67442017131916
1785485905.405992,step,163.09566483391174,-542.1767028366644,163.09566483391174,-492.1767028366644,-33.722757893416876,150.67388013867574,-33.722757893416876,150.67442017122357
1785485905.4093637,step,163.09566244531928,-542.1767117054726,163.09566244531928,-492.1767117054726,-33.72275789343833,150.67388013857993,-33.72275789343833,150.6744201711278
1785485905.4133923,step,163.09566006007105,-542.1767205917444,163.09566006007105,-492.17672059174436,-33.72275789345976,150.67388013848395,-33.72275789345976,150.6744201710318
1785485905.4173684,step,163.09565767826217,-542.1767294953354,163.09565767826217,-492.1767294953354,-33.72275789348115,150.6738801383878,-33.72275789348115,150.67442017093563
1785485905.4217925,step,163.09565529998815,-542.1767384161013,163.09565529998815,-492.17673841610133,-33.72275789350252,150.67388013829145,-33.72275789350252,150.67442017083928
1785485905.425051,step,163.0956529253432,-542.1767473538974,163.0956529253432,-492.17674735389744,-33.72275789352385,150.6738801381949,-33.72275789352385,150.67442017074276
1785485905.42909,step,163.0956505544217,-542.1767563085796,163.0956505544217,-492.17675630857957,-33.72275789354515,150.67388013809818,-33.72275789354515,150.67442017064604
1785485905.4333613,step,163.09564818731744,-542.1767652800004,163.09564818731744,-492.1767652800004,-33.72275789356641,150.6738801380013,-33.72275789356641,150.67442017054915
1785485905.4372153,step,163.09564582412398,-542.1767742680145,163.09564582412398,-492.17677426801447,-33.72275789358764,150.67388013790423,-33.72275789358764,150.67442017045207
1785485905.4413238,step,163.09564346493434,-542.176783272475,163.09564346493434,-492.17678327247495,-33.722757893608836,150.67388013780698,-33.722757893608836,150.6744201703548
1785485905.4457984,step,163.09564110984178,-542.1767922932343,163.09564110984178,-492.17679229323426,-33.72275789362999,150.67388013770955,-33.72275789362999,150.67442017025738
1785485905.4494336,step,163.0956387589391,-542.1768013301446,163.0956387589391,-492.1768013301446,-33.72275789365111,150.67388013761195,-33.72275789365111,150.67442017015978
1785485905.4535015,step,163.09563641231827,-542.1768103830566,163.09563641231827,-492.1768103830566,-33.72275789367219,150.67388013751415,-33.72275789367219,150.674420170062
1785485905.4577482,step,163.09563407007138,-542.1768194518213,163.09563407007138,-492.1768194518213,-33.72275789369323,150.6738801374162,-33.72275789369323,150.67442016996404
1785485905.4611647,step,163.09563173228997,-542.1768285362898,163.09563173228997,-492.1768285362898,-33.72275789371423,150.6738801373181,-33.72275789371423,150.67442016986593
1785485905.465354,step,163.09562939906513,-542.1768376363125,163.09562939906513,-492.1768376363125,-33.722757893735185,150.6738801372198,-33.722757893735185,150.67442016976764
1785485905.4691477,step,163.09562707048843,-542.176846751737,163.09562707048843,-492.176846751737,-33.7227578937561,150.67388013712136,-33.7227578937561,150.6744201696692
1785485905.4730186,step,163.09562474665037,-542.1768558824139,163.09562474665037,-492.17685588241386,-33.72275789377698,150.67388013702273,-33.72275789377698,150.67442016957057
1785485905.4772115,step,163.0956224276408,-542.1768650281915,163.0956224276408,-492.1768650281915,-33.72275789379781,150.67388013692394,-33.72275789379781,150.6744201694718
1785485905.4812405,step,163.0956201135498,-542.1768741889185,163.0956201135498,-492.17687418891853,-33.7227578938186,150.673880136825,-33.7227578938186,150.67442016937287
1785485905.4849808,step,163.09561780446694,-542.1768833644414,163.09561780446694,-492.17688336444144,-33.72275789383934,150.6738801367259,-33.72275789383934,150.67442016927376
1785485905.4891717,step,163.0956155004812,-542.1768925546085,163.0956155004812,-492.17689255460846,-33.72275789386004,150.67388013662665,-33.72275789386004,150.67442016917448
1785485905.4933424,step,163.0956132016818,-542.176901759266,163.0956132016818,-492.176901759266,-33.72275789388069,150.67388013652723,-33.72275789388069,150.67442016907506
1785485905.497165,step,163.09561090815694,-542.1769109782599,163.09561090815694,-492.1769109782599,-33.722757893901296,150.67388013642767,-33.722757893901296,150.6744201689755
1785485905.5014057,step,163.09560861999512,-542.1769202114344,163.09560861999512,-492.17692021143444,-33.72275789392185,150.67388013632794,-33.72275789392185,150.67442016887577
1785485905.5053878,step,163.09560633728395,-542.1769294586356,163.09560633728395,-492.17692945863564,-33.72275789394236,150.67388013622806,-33.72275789394236,150.6744201687759
1785485905.509002,step,163.09560406011053,-542.1769387197078,163.09560406011053,-492.1769387197078,-33.722757893962815,150.67388013612805,-33.722757893962815,150.67442016867588
1785485905.5129793,step,163.09560178856182,-542.176947994496,163.09560178856182,-492.176947994496,-33.722757893983214,150.67388013602786,-33.722757893983214,150.6744201685757
1785485905.5170248,step,163.0955995227248,-542.1769572828441,163.0955995227248,-492.1769572828441,-33.72275789400357,150.67388013592753,-33.72275789400357,150.6744201684754
1785485905.5211532,step,163.09559726268543,-542.1769665845961,163.09559726268543,-492.17696658459613,-33.72275789402387,150.6738801358271,-33.72275789402387,150.67442016837492
1785485905.5255084,step,163.09559500852941,-542.1769758995933,163.09559500852941,-492.17697589959334,-33.72275789404412,150.67388013572648,-33.72275789404412,150.6744201682743
1785485905.5293543,step,163.0955927603424,-542.1769852276797,163.0955927603424,-492.17698522767967,-33.722757894064316,150.67388013562572,-33.722757894064316,150.67442016817355
1785485905.5330896,step,163.09559051820955,-542.1769945686965,163.09559051820955,-492.1769945686965,-33.72275789408446,150.67388013552483,-33.72275789408446,150.6744201680727
1785485905.5375881,step,163.09558828221526,-542.1770039224862,163.09558828221526,-492.17700392248616,-33.72275789410455,150.67388013542381,-33.72275789410455,150.67442016797165
1785485905.5411613,step,163.0955860524433,-542.1770132888911,163.0955860524433,-492.1770132888911,-33.72275789412458,150.67388013532263,-33.72275789412458,150.6744201678705
1785485905.5453527,step,163.09558382897774,-542.1770226677536,163.09558382897774,-492.1770226677536,-33.72275789414455,150.67388013522134,-33.72275789414455,150.6744201677692
1785485905.5494301,step,163.09558161190196,-542.1770320589142,163.09558161190196,-492.17703205891416,-33.72275789416447,150.6738801351199,-33.72275789416447,150.67442016766776
1785485905.5533097,step,163.0955794012993,-542.1770414622129,163.0955794012993,-492.17704146221286,-33.722757894184326,150.67388013501835,-33.722757894184326,150.67442016756618
1785485905.5571883,step,163.09557719725214,-542.1770508774885,163.09557719725214,-492.17705087748845,-33.72275789420412,150.67388013491666,-33.72275789420412,150.6744201674645
1785485905.5613253,step,163.0955749998427,-542.1770603045806,163.0955749998427,-492.17706030458055,-33.72275789422386,150.67388013481485,-33.72275789422386,150.67442016736268
1785485905.5652092,step,163.0955728091529,-542.1770697433301,163.0955728091529,-492.1770697433301,-33.72275789424354,150.6738801347129,-33.72275789424354,150.67442016726073
1785485905.5693026,step,163.09557062526432,-542.1770791935754,163.09557062526432,-492.1770791935754,-33.72275789426316,150.67388013461084,-33.72275789426316,150.67442016715867
1785485905.5731757,step,163.09556844825752,-542.1770886551573,163.09556844825752,-492.17708865515726,-33.722757894282715,150.67388013450864,-33.722757894282715,150.67442016705647
1785485905.5770864,step,163.09556627821345,-542.1770981279121,163.09556627821345,-492.17709812791213,-33.72275789430221,150.67388013440632,-33.72275789430221,150.67442016695418
1785485905.582298,step,163.09556411521191,-542.1771076116801,163.09556411521191,-492.17710761168007,-33.72275789432164,150.6738801343039,-33.72275789432164,150.67442016685175
1785485905.5853417,step,163.0955619593323,-542.1771171062984,163.0955619593323,-492.1771171062984,-33.72275789434101,150.67388013420134,-33.72275789434101,150.6744201667492
1785485905.5897171,step,163.0955598106544,-542.1771266116045,163.0955598106544,-492.17712661160454,-33.722757894360306,150.67388013409868,-33.722757894360306,150.6744201666465
1785485905.5934489,step,163.0955576692571,-542.1771361274357,163.0955576692571,-492.1771361274357,-33.72275789437955,150.6738801339959,-33.72275789437955,150.67442016654374
1785485905.597247,step,163.0955555352186,-542.1771456536287,163.0955555352186,-492.1771456536287,-33.72275789439872,150.67388013389302,-33.72275789439872,150.67442016644085
1785485905.6012695,step,163.09555340861698,-542.1771551900217,163.09555340861698,-492.1771551900217,-33.72275789441782,150.67388013379002,-33.72275789441782,150.67442016633785
1785485905.605119,step,163.09555128952945,-542.1771647364517,163.09555128952945,-492.1771647364517,-33.72275789443685,150.6738801336869,-33.72275789443685,150.67442016623474
1785485905.609153,step,163.0955491780333,-542.1771742927557,163.0955491780333,-492.1771742927557,-33.722757894455825,150.6738801335837,-33.722757894455825,150.67442016613154
1785485905.6133926,step,163.09554707420466,-542.1771838587704,163.09554707420466,-492.1771838587704,-33.722757894474725,150.67388013348037,-33.722757894474725,150.67442016602823
1785485905.61716,step,163.09554497812013,-542.1771934343305,163.09554497812013,-492.17719343433055,-33.722757894493554,150.67388013337694,-33.722757894493554,150.6744201659248
1785485905.6213346,step,163.0955428898555,-542.1772030192726,163.0955428898555,-492.1772030192726,-33.72275789451231,150.67388013327343,-33.72275789451231,150.67442016582126
1785485905.6251438,step,163.09554080948567,-542.1772126134325,163.09554080948567,-492.1772126134325,-33.722757894531,150.6738801331698,-33.722757894531,150.67442016571763
1785485905.6291227,step,163.09553873708558,-542.1772222166456,163.09553873708558,-492.17722221664565,-33.722757894549616,150.6738801330661,-33.722757894549616,150.67442016561392
1785485905.6333008,step,163.0955366727297,-542.1772318287469,163.0955366727297,-492.1772318287469,-33.72275789456816,150.67388013296227,-33.72275789456816,150.6744201655101
1785485905.6374867,step,163.09553461649205,-542.1772414495725,163.09553461649205,-492.17724144957253,-33.72275789458663,150.67388013285836,-33.72275789458663,150.6744201654062
1785485905.6415143,step,163.09553256844615,-542.1772510789565,163.09553256844615,-492.1772510789565,-33.72275789460503,150.67388013275436,-33.72275789460503,150.6744201653022
1785485905.6453848,step,163.09553052866463,-542.1772607167343,163.09553052866463,-492.1772607167343,-33.72275789462335,150.67388013265025,-33.72275789462335,150.67442016519811
1785485905.6492038,step,163.0955284972201,-542.17727036274,163.0955284972201,-492.17727036274005,-33.7227578946416,150.6738801325461,-33.7227578946416,150.67442016509392
1785485905.653596,step,163.0955264741845,-542.1772800168092,163.0955264741845,-492.17728001680916,-33.72275789465977,150.6738801324418,-33.72275789465977,150.67442016498964
1785485905.6574247,step,163.0955244596297,-542.1772896787762,163.0955244596297,-492.1772896787762,-33.72275789467787,150.67388013233744,-33.72275789467787,150.6744201648853
1785485905.6613605,step,163.0955224536271,-542.1772993484755,163.0955224536271,-492.17729934847546,-33.72275789469589,150.67388013223302,-33.72275789469589,150.67442016478086
1785485905.6649683,step,163.09552045624707,-542.1773090257428,163.09552045624707,-492.17730902574283,-33.72275789471384,150.6738801321285,-33.72275789471384,150.67442016467632
1785485905.6695812,step,163.09551846755988,-542.1773187104119,163.09551846755988,-492.1773187104119,-33.7227578947317,150.6738801320239,-33.7227578947317,150.67442016457173
1785485905.6732428,step,163.09551648763426,-542.1773284023159,163.09551648763426,-492.1773284023159,-33.722757894749485,150.67388013191922,-33.722757894749485,150.67442016446705
1785485905.6771772,step,163.09551451654056,-542.1773381012896,163.09551451654056,-492.1773381012896,-33.72275789476719,150.67388013181446,-33.72275789476719,150.6744201643623
1785485905.6812046,step,163.0955125543472,-542.1773478071664,163.0955125543472,-492.17734780716637,-33.72275789478482,150.67388013170964,-33.72275789478482,150.67442016425747
1785485905.6852472,step,163.0955106011227,-542.17735751978,163.0955106011227,-492.17735751978,-33.72275789480236,150.67388013160473,-33.72275789480236,150.67442016415256
1785485905.689738,step,163.0955086569348,-542.1773672389631,163.0955086569348,-492.17736723896314,-33.72275789481983,150.67388013149974,-33.72275789481983,150.6744201640476
1785485905.693498,step,163.09550672185068,-542.1773769645511,163.09550672185068,-492.17737696455106,-33.72275789483721,150.6738801313947,-33.72275789483721,150.67442016394256
1785485905.6973684,step,163.0955047959374,-542.1773866963771,163.0955047959374,-492.1773866963771,-33.72275789485451,150.6738801312896,-33.72275789485451,150.67442016383745
1785485905.7011888,step,163.0955028792614,-542.1773964342742,163.0955028792614,-492.1773964342742,-33.72275789487173,150.67388013118443,-33.72275789487173,150.67442016373226
1785485905.7055616,step,163.0955009718882,-542.177406178079,163.0955009718882,-492.17740617807897,-33.722757894888865,150.6738801310792,-33.722757894888865,150.67442016362702
1785485905.7096236,step,163.0954990738838,-542.1774159276256,163.0954990738838,-492.1774159276256,-33.72275789490591,150.67388013097388,-33.72275789490591,150.67442016352172
1785485905.7135115,step,163.09549718531366,-542.1774256827473,163.09549718531366,-492.1774256827473,-33.72275789492288,150.67388013086853,-33.72275789492288,150.67442016341636
1785485905.717118,step,163.09549530624136,-542.1774354432777,163.09549530624136,-492.17743544327766,-33.72275789493976,150.6738801307631,-33.72275789493976,150.67442016331094
1785485905.7215033,step,163.09549343673152,-542.1774452090515,163.09549343673152,-492.1774452090515,-33.72275789495655,150.67388013065764,-33.72275789495655,150.67442016320547
1785485905.725243,step,163.09549157684705,-542.1774549799015,163.09549157684705,-492.17745497990154,-33.72275789497326,150.67388013055208,-33.72275789497326,150.67442016309994
1785485905.7291877,step,163.09548972665098,-542.177464755664,163.09548972665098,-492.177464755664,-33.72275789498988,150.67388013044652,-33.72275789498988,150.67442016299435
1785485905.733276,step,163.095487886206,-542.1774745361737,163.095487886206,-492.1774745361737,-33.72275789500642,150.67388013034088,-33.72275789500642,150.6744201628887
1785485905.7373173,step,163.09548605557418,-542.1774843212618,163.09548605557418,-492.1774843212618,-33.72275789502286,150.67388013023518,-33.72275789502286,150.67442016278304
1785485905.7411964,step,163.09548423481698,-542.177494110765,163.09548423481698,-492.177494110765,-33.722757895039216,150.67388013012945,-33.722757895039216,150.6744201626773
1785485905.7451892,step,163.0954824239953,-542.1775039045157,163.0954824239953,-492.1775039045157,-33.72275789505548,150.67388013002366,-33.72275789505548,150.67442016257152
1785485905.7493377,step,163.09548062317003,-542.1775137023504,163.09548062317003,-492.17751370235044,-33.72275789507166,150.67388012991785,-33.72275789507166,150.67442016246568
1785485905.7532516,step,163.09547883240128,-542.1775235041009,163.09547883240128,-492.1775235041009,-33.722757895087746,150.67388012981198,-33.722757895087746,150.67442016235984
1785485905.7570415,step,163.09547705174785,-542.1775333096036,163.09547705174785,-492.17753330960363,-33.72275789510374,150.67388012970608,-33.72275789510374,150.6744201622539
1785485905.7613466,step,163.09547528126964,-542.1775431186941,163.09547528126964,-492.1775431186941,-33.72275789511965,150.67388012960012,-33.72275789511965,150.67442016214798
1785485905.7652955,step,163.09547352102484,-542.1775529312073,163.09547352102484,-492.1775529312073,-33.72275789513546,150.67388012949417,-33.72275789513546,150.674420162042
1785485905.7693667,step,163.09547177107177,-542.1775627469801,163.09547177107177,-492.17756274698013,-33.722757895151176,150.67388012938812,-33.722757895151176,150.67442016193598
1785485905.773066,step,163.09547003146852,-542.1775725658463,163.09547003146852,-492.1775725658463,-33.72275789516681,150.67388012928208,-33.72275789516681,150.67442016182991
1785485905.7772138,step,163.09546830227208,-542.1775823876417,163.09546830227208,-492.1775823876417,-33.72275789518234,150.673880129176,-33.72275789518234,150.67442016172384
1785485905.7813246,step,163.09546658353906,-542.1775922122022,163.09546658353906,-492.17759221220217,-33.72275789519778,150.6738801290699,-33.72275789519778,150.67442016161775
1785485905.7850866,step,163.09546487532486,-542.1776020393637,163.09546487532486,-492.1776020393637,-33.72275789521312,150.67388012896376,-33.72275789521312,150.6744201615116
1785485905.789016,step,163.09546317768476,-542.1776118689613,163.09546317768476,-492.1776118689613,-33.722757895228376,150.67388012885758,-33.722757895228376,150.67442016140544
1785485905.793109,step,163.0954614906742,-542.1776217008302,163.0954614906742,-492.1776217008302,-33.722757895243525,150.6738801287514,-33.722757895243525,150.67442016129925
1785485905.7969213,step,163.09545981434752,-542.1776315348077,163.09545981434752,-492.1776315348077,-33.72275789525859,150.67388012864518,-33.72275789525859,150.674420161193
1785485905.8017418,step,163.09545814875946,-542.1776413707307,163.09545814875946,-492.1776413707307,-33.722757895273546,150.67388012853894,-33.722757895273546,150.6744201610868
1785485905.8054988,step,163.09545649396304,-542.1776512084341,163.09545649396304,-492.1776512084341,-33.72275789528842,150.6738801284327,-33.72275789528842,150.67442016098053
1785485905.809148,step,163.09545485001138,-542.1776610477567,163.09545485001138,-492.1776610477567,-33.72275789530318,150.67388012832643,-33.72275789530318,150.67442016087426
1785485905.813268,step,163.09545321695694,-542.1776708885367,163.09545321695694,-492.1776708885367,-33.722757895317855,150.67388012822013,-33.722757895317855,150.67442016076797
1785485905.817476,step,163.09545159485165,-542.1776807306119,163.09545159485165,-492.1776807306119,-33.72275789533242,150.67388012811384,-33.72275789533242,150.67442016066167
1785485905.8211763,step,163.0954499837478,-542.1776905738195,163.0954499837478,-492.1776905738195,-33.722757895346895,150.6738801280075,-33.722757895346895,150.67442016055537
1785485905.82521,step,163.0954483836956,-542.177700417997,163.0954483836956,-492.177700417997,-33.72275789536127,150.6738801279012,-33.72275789536127,150.67442016044905
1785485905.8291523,step,163.09544679474578,-542.1777102629835,163.09544679474578,-492.1777102629835,-33.722757895375544,150.67388012779486,-33.722757895375544,150.67442016034272
1785485905.8334453,step,163.0954452169487,-542.1777201086173,163.0954452169487,-492.17772010861734,-33.72275789538972,150.67388012768853,-33.72275789538972,150.67442016023637
1785485905.8377533,step,163.09544365035336,-542.1777299547362,163.09544365035336,-492.17772995473615,-33.72275789540379,150.67388012758218,-33.72275789540379,150.67442016013
1785485905.842149,step,163.09544209500953,-542.1777398011799,163.09544209500953,-492.1777398011799,-33.722757895417764,150.67388012747583,-33.722757895417764,150.6744201600237
1785485905.8457308,step,163.09544055096512,-542.1777496477883,163.09544055096512,-492.17774964778835,-33.722757895431634,150.6738801273695,-33.722757895431634,150.67442015991733
1785485905.8492534,step,163.09543901826842,-542.1777594943994,163.09543901826842,-492.1777594943994,-33.7227578954454,150.67388012726315,-33.7227578954454,150.67442015981098
1785485905.8534338,step,163.09543749696655,-542.1777693408552,163.09543749696655,-492.1777693408552,-33.72275789545907,150.6738801271568,-33.72275789545907,150.67442015970462
1785485905.8571968,step,163.0954359871074,-542.1777791869943,163.0954359871074,-492.17777918699426,-33.72275789547263,150.67388012705044,-33.72275789547263,150.6744201595983
1785485905.8614948,step,163.09543448873657,-542.1777890326582,163.09543448873657,-492.1777890326582,-33.72275789548609,150.6738801269441,-33.72275789548609,150.67442015949194
1785485905.8651915,step,163.09543300189947,-542.1777988776854,163.09543300189947,-492.1777988776854,-33.72275789549945,150.67388012683776,-33.72275789549945,150.67442015938562
1785485905.869313,step,163.09543152664108,-542.1778087219187,163.09543152664108,-492.1778087219187,-33.7227578955127,150.67388012673146,-33.7227578955127,150.6744201592793
1785485905.8735332,step,163.09543006300746,-542.1778185651995,163.09543006300746,-492.17781856519946,-33.722757895525845,150.67388012662514,-33.722757895525845,150.67442015917297
1785485905.8774192,step,163.09542861104256,-542.1778284073706,163.09542861104256,-492.1778284073706,-33.72275789553889,150.67388012651884,-33.72275789553889,150.67442015906667
1785485905.882048,step,163.09542717079015,-542.1778382482735,163.09542717079015,-492.1778382482735,-33.72275789555183,150.67388012641254,-33.72275789555183,150.67442015896037
1785485905.8857722,step,163.0954257422942,-542.1778480877493,163.0954257422942,-492.17784808774934,-33.72275789556466,150.67388012630627,-33.72275789556466,150.6744201588541
1785485905.8901734,step,163.0954243255966,-542.1778579256414,163.0954243255966,-492.17785792564143,-33.72275789557739,150.6738801262,-33.72275789557739,150.67442015874786
1785485905.8931615,step,163.09542292074036,-542.177867761794,163.09542292074036,-492.177867761794,-33.72275789559001,150.6738801260938,-33.72275789559001,150.67442015864162
1785485905.8973074,step,163.09542152776783,-542.177877596049,163.09542152776783,-492.17787759604903,-33.72275789560252,150.67388012598755,-33.72275789560252,150.6744201585354
1785485905.9021676,step,163.09542014671985,-542.1778874282516,163.09542014671985,-492.17788742825155,-33.722757895614926,150.67388012588137,-33.722757895614926,150.6744201584292
1785485905.905219,step,163.09541877763724,-542.1778972582446,163.09541877763724,-492.17789725824457,-33.722757895627225,150.67388012577518,-33.722757895627225,150.67442015832304
1785485905.909178,step,163.0954174205608,-542.177907085874,163.0954174205608,-492.17790708587404,-33.72275789563942,150.67388012566906,-33.72275789563942,150.6744201582169
1785485905.9131584,step,163.09541607553066,-542.1779169109845,163.09541607553066,-492.17791691098455,-33.7227578956515,150.67388012556293,-33.7227578956515,150.67442015811076
1785485905.9172573,step,163.09541474258594,-542.1779267334206,163.09541474258594,-492.1779267334206,-33.72275789566347,150.67388012545683,-33.72275789566347,150.6744201580047
1785485905.9213357,step,163.09541342176516,-542.1779365530292,163.09541342176516,-492.1779365530292,-33.722757895675336,150.6738801253508,-33.722757895675336,150.67442015789862
1785485905.9254317,step,163.09541211310648,-542.1779463696561,163.09541211310648,-492.17794636965607,-33.722757895687096,150.67388012524475,-33.722757895687096,150.6744201577926
1785485905.9293015,step,163.0954108166477,-542.177956183148,163.0954108166477,-492.177956183148,-33.72275789569874,150.67388012513877,-33.72275789569874,150.6744201576866
1785485905.9334564,step,163.09540953242617,-542.1779659933525,163.09540953242617,-492.1779659933525,-33.722757895710274,150.6738801250328,-33.722757895710274,150.67442015758064
1785485905.9375622,step,163.095408260479,-542.1779758001152,163.095408260479,-492.1779758001152,-33.7227578957217,150.67388012492688,-33.7227578957217,150.67442015747474
1785485905.9415586,step,163.09540700084256,-542.1779856032864,163.09540700084256,-492.1779856032864,-33.72275789573302,150.673880124821,-33.72275789573302,150.67442015736884
